source_doc,page,row_index,serial_or_id,date,description,attorney,produced_to_defense,notes
EFTA00095751,0,1,3501.000-001,2021.08.11,Voicemail from unknown caller,,2021.10.11,visual_only_manual_p00
EFTA00095751,0,2,3501.000-002,,Records of 911 calls,,2021.10.11,visual_only_manual_p00
EFTA00095751,0,3,3501.000-003,2006.02.17,Palm Beach Police Department incident report,,2021.10.11,visual_only_manual_p00
EFTA00095751,0,4,3501.000-004,2006.07.25,Palm Beach Police Department incident report,,2021.10.11,visual_only_manual_p00
EFTA00095751,0,5,3501.000-005,2006.09.01,Palm Beach Police Department incident report,,2021.10.11,visual_only_manual_p00
EFTA00095751,0,6,3501.000-006,2007.09.13,Palm Beach Police Department incident report,,2021.10.11,visual_only_manual_p00
EFTA00095751,0,7,3501.000-007,2007.02.23,Letter from Gerald Lefcourt to [redacted] with draft transcript excerpts,,2021.10.11,visual_only_manual_p00
EFTA00095751,0,8,3501.000-008,,INTENTIONAL GAP,,,visual_only_manual_p00
EFTA00095751,0,9,3501.000-009,,Palm Beach Police Department property receipt,,2021.10.11,visual_only_manual_p00
EFTA00095751,0,10,3501.000-010,,Hotline notes,,2021.10.11,visual_only_manual_p00
EFTA00095751,0,11,3501.000-011,,Hotline notes,,2021.10.11,visual_only_manual_p00
EFTA00095751,0,12,3501.000-012,,Hotline notes,,2021.10.11,visual_only_manual_p00
EFTA00095751,0,13,3501.000-013,,Hotline notes,,2021.10.11,visual_only_manual_p00
EFTA00095751,0,14,3501.000-014,2020.08.03,FBI intake report (anonymous),,2021.10.11,visual_only_manual_p00
EFTA00095751,0,15,3501.000-015,2020.08.06,FBI intake report [redacted],,2021.10.11,visual_only_manual_p00
EFTA00095751,0,16,3501.000-016,2020.08.10,FBI intake report (anonymous),,2021.10.11,visual_only_manual_p00
EFTA00095751,0,17,3501.000-017,2020.08.11,FBI intake report [redacted],,2021.10.11,visual_only_manual_p00
EFTA00095751,0,18,3501.000-018,2019.07.08,FBI intake report (anonymous),,2021.10.11,visual_only_manual_p00
EFTA00095751,0,19,3501.000-019,2019.07.08,FBI intake report (anonymous),,2021.10.11,visual_only_manual_p00
EFTA00095751,0,20,3501.000-020,2019.07.08,FBI intake report (anonymous),,2021.10.11,visual_only_manual_p00
EFTA00095751,0,21,3501.000-021,2019.07.08,FBI intake report [redacted],,2021.10.11,visual_only_manual_p00
EFTA00095751,0,22,3501.000-022,2019.07.08,FBI intake report (anonymous),,2021.10.11,visual_only_manual_p00
EFTA00095751,0,23,3501.000-023,2019.07.09,FBI intake report (anonymous),,2021.10.11,visual_only_manual_p00
EFTA00095751,0,24,3501.000-024,2019.07.09,FBI intake report (anonymous),,2021.10.11,visual_only_manual_p00
EFTA00095751,0,25,3501.000-025,2019.07.09,FBI intake report (anonymous),,2021.10.11,visual_only_manual_p00
EFTA00095751,0,26,3501.000-026,2019.07.09,FBI intake report (anonymous),,2021.10.11,visual_only_manual_p00
EFTA00095751,0,27,3501.000-027,2019.07.10,FBI intake report (anonymous),,2021.10.11,visual_only_manual_p00
EFTA00095751,0,28,3501.000-028,2019.07.10,FBI intake report (anonymous),,2021.10.11,visual_only_manual_p00
EFTA00095751,0,29,3501.000-029,2019.07.10,FBI intake report (anonymous),,2021.10.11,visual_only_manual_p00
EFTA00095751,0,30,3501.000-030,2019.07.09,FBI intake report (anonymous),,2021.10.11,visual_only_manual_p00
EFTA00095751,0,31,3501.000-031,2019.07.10,FBI intake report (anonymous),,2021.10.11,visual_only_manual_p00
EFTA00095751,0,32,3501.000-032,2019.07.10,FBI intake report (anonymous),,2021.10.11,visual_only_manual_p00
EFTA00095751,0,33,3501.000-033,2019.07.12,FBI intake report (anonymous),,2021.10.11,visual_only_manual_p00
EFTA00095751,0,34,3501.000-034,2019.07.11,FBI intake report (email tip),,2021.10.11,visual_only_manual_p00
EFTA00095751,0,35,3501.000-035,,Attachment to FBI intake report 3501.000-034,,2021.10.11,visual_only_manual_p00
EFTA00095751,0,36,3501.000-036,,Attachment to FBI intake report 3501.000-034,,2021.10.11,visual_only_manual_p00
EFTA00095751,0,37,3501.000-037,2019.07.12,FBI intake report (anonymous),,2021.10.11,visual_only_manual_p00
EFTA00095751,0,38,3501.000-038,2019.07.13,FBI intake report (anonymous),,2021.10.11,visual_only_manual_p00
EFTA00095751,0,39,3501.000-039,2019.07.11,FBI intake report (anonymous),,2021.10.11,visual_only_manual_p00
EFTA00095751,0,40,3501.000-040,2019.07.14,FBI intake report (email tip),,2021.10.11,visual_only_manual_p00
EFTA00095751,0,41,3501.000-041,2019.07.17,FBI intake report (Twitter post),,2021.10.11,visual_only_manual_p00
EFTA00095751,0,42,3501.000-042,,Attachment to FBI intake report 3501.000-042,,2021.10.11,visual_only_manual_p00
EFTA00095751,0,43,3501.000-043,2019.07.17,FBI intake report (Twitter post),,2021.10.11,visual_only_manual_p00
EFTA00095751,0,44,3501.000-044,,Attachment to FBI intake report 3501.000-044,,2021.10.11,visual_only_manual_p00
EFTA00095751,0,45,3501.000-045,,Attachment to FBI intake report 3501.000-044,,2021.10.11,visual_only_manual_p00
EFTA00095751,0,46,3501.000-046,2019.07.31,FBI intake report (anonymous),,2021.10.11,visual_only_manual_p00
EFTA00095751,0,47,3501.000-047,2019.08.01,FBI intake report (Adrian Adrien),,2021.10.11,visual_only_manual_p00
EFTA00095751,0,48,3501.000-048,2019.08.01,FBI intake report (anonymous),,2021.10.11,visual_only_manual_p00
EFTA00095751,0,49,3501.000-049,2019.07.27,FBI intake report (anonymous),,2021.10.11,visual_only_manual_p00
EFTA00095751,0,50,3501.000-050,2019.08.11,FBI intake report (anonymous),,2021.10.11,visual_only_manual_p00
EFTA00095751,0,51,3501.000-051,2019.08.11,FBI intake report (Jay B.),,2021.10.11,visual_only_manual_p00
EFTA00095751,0,52,3501.000-052,2019.08.10,FBI intake report (anonymous),,2021.10.11,visual_only_manual_p00
EFTA00095751,0,53,3501.000-053,2019.08.17,FBI intake report (anonymous),,2021.10.11,visual_only_manual_p00
EFTA00095751,0,54,3501.000-054,2019.08.17,FBI intake report (anonymous),,2021.10.11,visual_only_manual_p00
EFTA00095751,0,55,3501.000-055,2019.08.12,FBI intake report (anonymous),,2021.10.11,visual_only_manual_p00
EFTA00095751,0,56,3501.000-056,2019.08.25,FBI intake report (anonymous),,2021.10.11,visual_only_manual_p00
EFTA00095751,0,57,3501.000-057,2019.08.28,FBI intake report (anonymous),,2021.10.11,visual_only_manual_p00
EFTA00095751,0,58,3501.000-058,2019.08.30,FBI intake report (anonymous),,2021.10.11,visual_only_manual_p00
EFTA00095751,0,59,3501.000-059,2019.09.10,FBI intake report (anonymous),,2021.10.11,visual_only_manual_p00
EFTA00095751,0,60,3501.000-060,2019.09.11,FBI intake report (anonymous),,2021.10.11,visual_only_manual_p00
EFTA00095751,0,61,3501.000-061,2020.07.02,FBI intake report (anonymous),,2021.10.11,visual_only_manual_p00
EFTA00095751,0,62,3501.000-062,2020.07.06,FBI intake report (anonymous),,2021.10.11,visual_only_manual_p00
EFTA00095751,0,63,3501.000-063,2020.07.06,FBI intake report (email tip),,2021.10.11,visual_only_manual_p00
EFTA00095751,0,64,3501.000-064,,Attachment to FBI intake report 3501.000-063,,2021.10.11,visual_only_manual_p00
EFTA00095751,0,65,3501.000-065,2020.07.08,FBI intake report (anonymous),,2021.10.11,visual_only_manual_p00
EFTA00095751,0,66,3501.000-066,2020.07.10,FBI intake report (anonymous),,2021.10.11,visual_only_manual_p00
EFTA00095751,0,67,3501.000-067,,Attachment to FBI intake report 3501.000-066,,2021.10.11,visual_only_manual_p00
EFTA00095751,0,68,3501.000-068,,Attachment to FBI intake report 3501.000-066,,2021.10.11,visual_only_manual_p00
EFTA00095751,0,69,3501.000-069,,Attachment to FBI intake report 3501.000-066,,2021.10.11,visual_only_manual_p00
EFTA00095751,0,70,3501.000-070,2020.07.10,FBI intake report (anonymous),,2021.10.11,visual_only_manual_p00
EFTA00095751,0,71,3501.000-071,,Attachment to FBI intake report 3501.000-070,,2021.10.11,visual_only_manual_p00
EFTA00095751,0,72,3501.000-072,,Attachment to FBI intake report 3501.000-070,,2021.10.11,visual_only_manual_p00
EFTA00095751,0,73,3501.000-073,,Attachment to FBI intake report 3501.000-070,,2021.10.11,visual_only_manual_p00
EFTA00095751,0,74,3501.000-074,2020.07.11,FBI intake report (anonymous),,2021.10.11,visual_only_manual_p00
EFTA00095751,0,75,3501.000-075,,Attachment to FBI intake report 3501.000-074,,2021.10.11,visual_only_manual_p00
EFTA00095751,0,76,3501.000-076,2020.07.12,FBI intake report (anonymous),,2021.10.11,visual_only_manual_p00
EFTA00095751,0,77,3501.000-077,2020.07.15,FBI intake report (email tip),,2021.10.11,visual_only_manual_p00
EFTA00095751,0,78,3501.000-078,2020.07.17,FBI intake report (anonymous),,2021.10.11,visual_only_manual_p00
EFTA00095751,0,79,3501.000-079,2020.07.16,FBI intake report (anonymous),,2021.10.11,visual_only_manual_p00
EFTA00095751,0,80,3501.000-080,2020.07.26,FBI intake report (anonymous),,2021.10.11,visual_only_manual_p00
EFTA00095751,0,81,3501.000-081,2020.07.27,FBI intake report (anonymous),,2021.10.11,visual_only_manual_p00
EFTA00095751,0,82,3501.000-082,,Attachment to FBI intake report 3501.000-081,,2021.10.11,visual_only_manual_p00
EFTA00095751,0,83,3501.000-083,,Attachment to FBI intake report 3501.000-081,,2021.10.11,visual_only_manual_p00
EFTA00095751,1,1,3501.000-084,,Attachment to FBI intake report 3501.000-081,,2021.10.11,visual_only_manual_p01
EFTA00095751,1,2,3501.000-085,2020.07.29,FBI intake report (anonymous),,2021.10.11,visual_only_manual_p01
EFTA00095751,1,3,3501.000-086,2020.07.29,FBI intake report (anonymous),,2021.10.11,visual_only_manual_p01
EFTA00095751,1,4,3501.000-087,2020.08.08,FBI intake report (anonymous),,2021.10.11,visual_only_manual_p01
EFTA00095751,1,5,3501.000-088,2019.07.08,Memo to file regarding Todd LNU,,2021.10.11,visual_only_manual_p01
EFTA00095751,1,6,3501.000-089,2020.11.10,Letter from [redacted],,2021.10.11,visual_only_manual_p01
EFTA00095751,1,7,3501.000-090 through 3501.000-126,,Anonymous Hotline Tips,,2021.10.11,visual_only_manual_p01
EFTA00095751,1,8,3501.000-127,,MySpace profile,,2021.10.11,visual_only_manual_p01
EFTA00095751,1,9,3501.000-128,2019.07.01,Handwritten notes,,2021.10.11,visual_only_manual_p01
EFTA00095751,1,10,3501.000-129,2021.09.23,Notes from call,,2021.10.11,visual_only_manual_p01
EFTA00095751,1,11,3501.000-130,2021.09.27,Email chain,,2021.10.11,visual_only_manual_p01
EFTA00095751,1,12,3501.000-131,,Handwritten notes,,2021.10.11,visual_only_manual_p01
EFTA00095751,1,13,3501.000-132,,Incident report,,2021.10.11,visual_only_manual_p01
EFTA00095751,1,14,3501.000-133,,Handwritten notes,,2021.10.11,visual_only_manual_p01
EFTA00095751,1,15,3501.000-134,,Handwritten notes,,2021.10.11,visual_only_manual_p01
EFTA00095751,1,16,3501.000-135,2020.07.13,Voicemail,,2021.10.25,visual_only_manual_p01
EFTA00095751,1,17,3501.000-136,2020.07.29,Email tip,,2021.10.25,visual_only_manual_p01
EFTA00095751,1,18,3501.000-137,2021.06.01,Voicemail,,2021.10.25,visual_only_manual_p01
EFTA00095751,1,19,3501.000-138,2021.08.18,Voicemail,,2021.10.25,visual_only_manual_p01
EFTA00095751,1,20,3501.000-139,2021.10.08,FBI intake report (anonymous),,2021.10.25,visual_only_manual_p01
EFTA00095751,1,21,3501.000-140,2021.10.08,FBI report (anonymous),,2021.10.25,visual_only_manual_p01
EFTA00095751,1,22,3501.000-141,,Letter,,2021.10.25,visual_only_manual_p01
EFTA00095751,1,23,3501.000-142,,Handwritten notes,,2021.10.25,visual_only_manual_p01
EFTA00095751,1,24,3501.000-143,,Handwritten notes,,2021.10.25,visual_only_manual_p01
EFTA00095751,1,25,3501.000-144,,Handwritten notes,,2021.10.25,visual_only_manual_p01
EFTA00095751,1,26,3501.000-145,2021.10.18,FBI report (anonymous),N/A,2021.11.06,visual_only_manual_p01
EFTA00095751,1,27,3501.001-001,2007.06.15,Florida Department of Highway Safety & Motor Vehicles (D.A.V.I.D.) Individual Summary Page for [redacted],N/A,2021.04.12,visual_only_manual_p01
EFTA00095751,1,28,3501.002-001,2005.11.17,Florida Department of Highway Safety & Motor Vehicles Individual Summary Page for [redacted],,2021.04.12,visual_only_manual_p01
EFTA00095751,1,29,3501.002-002,2006.07.13,Palm Beach Police Department Incident Report,,2021.04.12,visual_only_manual_p01
EFTA00095751,1,30,3501.002-003,2006.09.01,Palm Beach Police Department Incident Report,,2021.04.12,visual_only_manual_p01
EFTA00095751,1,31,3501.002-004,2019.07.13,Interview 302,,2021.04.12,visual_only_manual_p01
EFTA00095751,1,32,3501.002-005,2019.07.13,Interview Notes,,2021.04.12,visual_only_manual_p01
EFTA00095751,1,33,3501.002-006,2005.11.21,Notes from [redacted] statement,,2021.07.23,visual_only_manual_p01
EFTA00095751,1,34,3501.002-007,2019.07.13,Interview 302,N/A,2021.07.23,visual_only_manual_p01
EFTA00095751,1,35,3501.003-001,2008.06.06,Florida Department of Highway Safety & Motor Vehicles Individual Summary Page for [redacted],,2021.04.12,visual_only_manual_p01
EFTA00095751,1,36,3501.003-002,2008.06.06,Search Record,,2021.04.12,visual_only_manual_p01
EFTA00095751,1,37,3501.003-003,2008.07.01,Letter from [redacted],,2021.04.12,visual_only_manual_p01
EFTA00095751,1,38,3501.003-004,,Search Record,,2021.10.11,visual_only_manual_p01
EFTA00095751,1,39,3501.003-005,2008.07.04,Email from [redacted],,2021.10.11,visual_only_manual_p01
EFTA00095751,1,40,3501.003-006,2008.07.10,Letter from [redacted],,2021.10.11,visual_only_manual_p01
EFTA00095751,1,41,3501.003-007,2008.05.02,Letter from [redacted],,2021.10.11,visual_only_manual_p01
EFTA00095751,1,42,3501.003-008,2008.12.05,Letter from [redacted],[redacted],2021.10.11,visual_only_manual_p01
EFTA00095751,2,1,3501.005-001,2019.08.13,Randy Amparo interview 302,N/A,2021.04.12,visual_only_manual_p02
EFTA00095751,2,2,3501.005-002,2019.08.13,Randy Amparo interview notes,N/A,2021.04.12,visual_only_manual_p02
EFTA00095751,2,3,3501.006-001,2006.03.08,Florida D.A.V.I.D. Individual Summary Page for [redacted],,2021.04.12,visual_only_manual_p02
EFTA00095751,2,4,3501.006-002,2006.03.09,Florida D.A.V.I.D. Historical Driver License Activity for [redacted],Tatiana Martins,2021.04.12,visual_only_manual_p02
EFTA00095751,2,5,3501.007-001,2019.08.13,[redacted] interview 302,,2021.04.12,visual_only_manual_p02
EFTA00095751,2,6,3501.007-002,2019.08.13,[redacted] interview notes,,2021.04.12,visual_only_manual_p02
EFTA00095751,2,7,3501.007-003,2019.08.13,Recording of [redacted] interview,,2021.04.12,visual_only_manual_p02
EFTA00095751,2,8,3501.007-004,2019.08.22,FBI report documenting recording of [redacted] interviews,,2021.04.12,visual_only_manual_p02
EFTA00095751,2,9,3501.007-005,2019.08.27,FBI report regarding [redacted],,2021.04.12,visual_only_manual_p02
EFTA00095751,2,10,3501.007-006,2019.08.27,Incident Summary Report,,2021.04.12,visual_only_manual_p02
EFTA00095751,2,11,3501.007-007,2019.08.27,Incident Summary Report,,2021.04.12,visual_only_manual_p02
EFTA00095751,2,12,3501.007-008,2019.08.27,Recording of [redacted] phone call to FBI,,2021.04.12,visual_only_manual_p02
EFTA00095751,2,13,3501.007-009,2019.08.27,Text file regarding [redacted] statement,N/A,2021.07.23,visual_only_manual_p02
EFTA00095751,2,14,3501.007-010,2019.08.27,FBI report document [redacted] statement,N/A,2021.07.23,visual_only_manual_p02
EFTA00095751,2,15,3501.008-001,2019.08.13,[redacted] interview 302,,2021.04.12,visual_only_manual_p02
EFTA00095751,2,16,3501.008-002,2019.08.13,[redacted] interview notes,,2021.04.12,visual_only_manual_p02
EFTA00095751,2,17,3501.008-003,2019.08.13,FBI report regarding [redacted],,2021.04.12,visual_only_manual_p02
EFTA00095751,2,18,3501.008-004,2019.07.12,[redacted] interview 302,Daniel Kaiser,2021.07.23,visual_only_manual_p02
EFTA00095751,2,19,3501.009-001,2006.07.13,Palm Beach Police Department Incident report,N/A,2021.04.12,visual_only_manual_p02
EFTA00095751,2,20,3501.010-001,2006.07.13,Palm Beach Police Department incident report,N/A,2021.04.12,visual_only_manual_p02
EFTA00095751,2,21,3501.011-001,2005.10.18,Florida D.A.V.I.D. Individual Summary page for Janusz Banasiak,,2021.04.12,visual_only_manual_p02
EFTA00095751,2,22,3501.011-002,2006.05.08,Probable Cause Affidavit Regarding Jeffrey Epstein,,2021.04.12,visual_only_manual_p02
EFTA00095751,2,23,3501.011-003,2006.07.13,Palm Beach Police Department Incident Report,,2021.04.12,visual_only_manual_p02
EFTA00095751,2,24,3501.011-004,2006.12.04,Law Enforcement Report Regarding Janusz Banasiak,,2021.04.12,visual_only_manual_p02
EFTA00095751,2,25,3501.011-005,2006.12.04,Florida D.A.V.I.D. Individual summary page for Janusz Banasiak,,2021.04.12,visual_only_manual_p02
EFTA00095751,2,26,3501.011-006,2006.12.04,Florida D.A.V.I.D. Intranet Records Information System page for Janusz Banasiak,,2021.04.12,visual_only_manual_p02
EFTA00095751,2,27,3501.011-007,2006.12.04,Research report regarding Janusz Banasiak,,2021.04.12,visual_only_manual_p02
EFTA00095751,2,28,3501.011-008,2007.01.11,Janusz Banasiak interview 302 and notes,,2021.04.12,visual_only_manual_p02
EFTA00095751,2,29,3501.011-009,2007.01.22,Janusz Banasiak interview report,,2021.04.12,visual_only_manual_p02
EFTA00095751,2,30,3501.011-010,2007.01.24,Letter from [redacted] to Michael Salnick,,2021.04.12,visual_only_manual_p02
EFTA00095751,2,31,3501.011-011,2007.02.02,Petty cash records for Janusz Banasiak,,2021.04.12,visual_only_manual_p02
EFTA00095751,2,32,3501.011-012,2007.02.02,Janusz Banasiak interview 302,,2021.04.12,visual_only_manual_p02
EFTA00095751,2,33,3501.011-013,2007.02.02,Janusz Banasiak interview notes,,2021.04.12,visual_only_manual_p02
EFTA00095751,2,34,3501.011-014,2007.02.04,FBI report regarding Janusz Banasiak interview,,2021.04.12,visual_only_manual_p02
EFTA00095751,2,35,3501.011-015,2007.03.06,Transcript of [redacted] testimony,,2021.04.12,visual_only_manual_p02
EFTA00095751,2,36,3501.011-016,2007.05.30,Transcript of [redacted] testimony,,2021.04.12,visual_only_manual_p02
EFTA00095751,2,37,3501.011-017,2007.07.30,[redacted] declaration,,2021.04.12,visual_only_manual_p02
EFTA00095751,2,38,3501.011-018,2008.03.25,Court Order from Palm Beach County Court to Janusz Banasiak,,2021.04.12,visual_only_manual_p02
EFTA00095751,2,39,3501.011-019,2008.04.29,Testimony of [redacted],,2021.04.12,visual_only_manual_p02
EFTA00095751,2,40,3501.011-020,2010.02.16,Deposition of Janusz Banasiak,,2021.04.12,visual_only_manual_p02
EFTA00095751,2,41,3501.011-021,,Janusz Banasiak driver's license,,2021.04.12,visual_only_manual_p02
EFTA00095751,2,42,3501.011-022,2005.10.18,Florida D.A.V.I.D. Individual Summary page for Janusz Banasiak,,2021.07.23,visual_only_manual_p02
EFTA00095751,2,43,3501.011-023,2005.12.23,Car rental receipt,,2021.07.23,visual_only_manual_p02
EFTA00095751,2,44,3501.011-024,2006.01.11,Memo from Michael Salnick to Daliah Weiss re: Janusz Banasiak,,2021.07.23,visual_only_manual_p02
EFTA00095751,2,45,3501.011-025,2006.01.30,Car rental records,,2021.07.23,visual_only_manual_p02
EFTA00095751,2,46,3501.011-026,2007.01.22,FBI report documenting interview with Janusz Banasiak,,2021.07.23,visual_only_manual_p02
EFTA00095751,2,47,3501.011-027,2007.01.04,FBI report documenting interview with Janusz Banasiak,,2021.07.23,visual_only_manual_p02
EFTA00095751,2,48,3501.011-028,2010.01.10,Deposition exhibit 1,,2021.07.23,visual_only_manual_p02
EFTA00095751,2,49,3501.011-029,2010.02.16,Deposition exhibit 2,,2021.07.23,visual_only_manual_p02
EFTA00095751,2,50,3501.011-030,2010.02.16,Deposition exhibit 3,,2021.07.23,visual_only_manual_p02
EFTA00095751,2,51,3501.011-031,2010.02.16,Deposition exhibit 4,,2021.07.23,visual_only_manual_p02
EFTA00095751,2,52,3501.011-032,2010.20.19,Deposition exhibit 5,N/A,2021.07.23,visual_only_manual_p02
EFTA00095751,2,53,3501.012-001,2019.07.29,Richard Barnett interview 302,,2021.04.12,visual_only_manual_p02
EFTA00095751,2,54,3501.012-002,2019.07.29,Richard Barnett interview notes,,2021.04.12,visual_only_manual_p02
EFTA00095751,2,55,3501.012-003,2019.09.16,Richard Barnett interview 302,,2021.04.12,visual_only_manual_p02
EFTA00095751,2,56,3501.012-004,2019.09.16,Richard Barnett interview notes,,2021.04.12,visual_only_manual_p02
EFTA00095751,2,57,3501.012-005,2019.09.16,Richard Barnett proffer agreement,N/A,2021.04.12,visual_only_manual_p02
EFTA00095751,2,58,3501.013-001,2007.06.04,[redacted] interview notes,,2021.04.12,visual_only_manual_p02
EFTA00095751,2,59,3501.013-002,2007.06.04,[redacted] interview 302,,2021.04.12,visual_only_manual_p02
EFTA00095751,3,1,3501.013-003,2007.06.12,Report on interview of [redacted],N/A,2021.04.12,visual_only_manual_p03
EFTA00095751,3,2,3501.014-001,2004.03.24,Victim list,,2021.04.12,visual_only_manual_p03
EFTA00095751,3,3,3501.014-002,2006.02.12,Florida D.A.V.I.D. Individual Summary Page for [redacted],,2021.04.12,visual_only_manual_p03
EFTA00095751,3,4,3501.014-003,2006.05.01,Probable Cause Affidavit Regarding Jeffrey Epstein,,2021.04.12,visual_only_manual_p03
EFTA00095751,3,5,3501.014-004,2006.07.13,Palm Beach Police Department Incident Report,,2021.04.12,visual_only_manual_p03
EFTA00095751,3,6,3501.014-005,2006.07.27,Florida D.A.V.I.D. Individual Summary Page for [redacted],,2021.04.12,visual_only_manual_p03
EFTA00095751,3,7,3501.014-006,2006.08.02,Law enforcement report for [redacted],,2021.04.12,visual_only_manual_p03
EFTA00095751,3,8,3501.014-007,2006.08.02,Search record for [redacted],,2021.04.12,visual_only_manual_p03
EFTA00095751,3,9,3501.014-008,2006.08.08,FBI report documenting victim information,,2021.04.12,visual_only_manual_p03
EFTA00095751,3,10,3501.014-009,2006.08.11,Letter from [redacted] to [redacted],,2021.04.12,visual_only_manual_p03
EFTA00095751,3,11,3501.014-010,2006.08.16,[redacted] assignment history,,2021.04.12,visual_only_manual_p03
EFTA00095751,3,12,3501.014-011,2006.08.26,Palm Beach Police Department Evidence/Property Tracking Report,,2021.04.12,visual_only_manual_p03
EFTA00095751,3,13,3501.014-012,2006.08.28,Palm Beach Police Department Property Receipt,,2021.04.12,visual_only_manual_p03
EFTA00095751,3,14,3501.014-013,2006.08.31,[redacted] interview 302,,2021.04.12,visual_only_manual_p03
EFTA00095751,3,15,3501.014-014,2006.08.31,[redacted] interview notes,,2021.04.12,visual_only_manual_p03
EFTA00095751,3,16,3501.014-015,2006.08.31,[redacted] interview,,2021.04.12,visual_only_manual_p03
EFTA00095751,3,17,3501.014-016,2006.09.01,FBI letter to [redacted],,2021.04.12,visual_only_manual_p03
EFTA00095751,3,18,3501.014-017,2006.10.09,[redacted] MySpace page,,2021.04.12,visual_only_manual_p03
EFTA00095751,3,19,3501.014-018,2006.10.03,[redacted] MySpace page,,2021.04.12,visual_only_manual_p03
EFTA00095751,3,20,3501.014-019,2007.02.06,Transcript of [redacted] testimony,,2021.04.12,visual_only_manual_p03
EFTA00095751,3,21,3501.014-020,2007.02.11,Florida D.A.V.I.D. Individual Summary Page for [redacted],,2021.04.12,visual_only_manual_p03
EFTA00095751,3,22,3501.014-021,2007.02.27,Transcript of [redacted] testimony,,2021.04.12,visual_only_manual_p03
EFTA00095751,3,23,3501.014-022,2007.03.15,Letter from [redacted] to [redacted],,2021.04.12,visual_only_manual_p03
EFTA00095751,3,24,3501.014-023,2007.03.15,[redacted] interview 302,,2021.04.12,visual_only_manual_p03
EFTA00095751,3,25,3501.014-024,2007.03.15,[redacted] interview notes,,2021.04.12,visual_only_manual_p03
EFTA00095751,3,26,3501.014-025,2007.03.16,[redacted] interview report,,2021.04.12,visual_only_manual_p03
EFTA00095751,3,27,3501.014-026,2007.03.21,FBI letter to [redacted],,2021.04.12,visual_only_manual_p03
EFTA00095751,3,28,3501.014-027,2007.05.08,Transcript of [redacted] testimony,,2021.04.12,visual_only_manual_p03
EFTA00095751,3,29,3501.014-028,2007.05.22,Transcript of [redacted] testimony,,2021.04.12,visual_only_manual_p03
EFTA00095751,3,30,3501.014-029,2007.05.31,[redacted] MySpace page,,2021.04.12,visual_only_manual_p03
EFTA00095751,3,31,3501.014-030,2007.06.11,FBI child exploitation investigation notes/analysis,,2021.04.12,visual_only_manual_p03
EFTA00095751,3,32,3501.014-031,2007.06.12,Florida D.A.V.I.D. Motor Vehicle Status for [redacted] June 12 2007,,2021.04.12,visual_only_manual_p03
EFTA00095751,3,33,3501.014-032,2007.06.12,Record search for [redacted],,2021.04.12,visual_only_manual_p03
EFTA00095751,3,34,3501.014-033,2007.06.12,National Comprehensive Report of [redacted],,2021.04.12,visual_only_manual_p03
EFTA00095751,3,35,3501.014-034,2007.07.20,Florida D.A.V.I.D Individual Summary Page for [redacted],,2021.04.12,visual_only_manual_p03
EFTA00095751,3,36,3501.014-035,2007.11.28,FBI child exploitation investigation notes/analysis,,2021.04.12,visual_only_manual_p03
EFTA00095751,3,37,3501.014-036,2007.12.13,FBI request for travel to conduct interviews,,2021.04.12,visual_only_manual_p03
EFTA00095751,3,38,3501.014-037,2008.01.17,Notice of deposition of [redacted] to [redacted],,2021.04.12,visual_only_manual_p03
EFTA00095751,3,39,3501.014-038,2008.03.18,Transcript of [redacted] testimony,,2021.04.12,visual_only_manual_p03
EFTA00095751,3,40,3501.014-039,2008.04.29,Transcript of [redacted] testimony,,2021.04.12,visual_only_manual_p03
EFTA00095751,3,41,3501.014-040,2008.07.03,Victim List,,2021.04.12,visual_only_manual_p03
EFTA00095751,3,42,3501.014-041,2008.07.21,Letter from [redacted] to [redacted],,2021.04.12,visual_only_manual_p03
EFTA00095751,3,43,3501.014-042,2008.21.09,Letter from [redacted] to [redacted],,2021.04.12,visual_only_manual_p03
EFTA00095751,3,44,3501.014-043,2008.12.04,FBI memorandum regarding victim assistance program,,2021.04.12,visual_only_manual_p03
EFTA00095751,3,45,3501.014-044,2008.12.04,FBI memorandum regarding interview of [redacted],,2021.04.12,visual_only_manual_p03
EFTA00095751,3,46,3501.014-045,2008.12.04,FBI memorandum regarding communication with [redacted],,2021.04.12,visual_only_manual_p03
EFTA00095751,3,47,3501.014-046,2019.07.23,FBI documentation regarding attempted contact with [redacted],,2021.04.12,visual_only_manual_p03
EFTA00095751,3,48,3501.014-047,2019.10.15,[redacted] interview 302,,2021.04.12,visual_only_manual_p03
EFTA00095751,3,49,3501.014-048,2019.10.15,[redacted] interview notes,,2021.04.12,visual_only_manual_p03
EFTA00095751,3,50,3501.014-049,,[redacted] birth certificate,,2021.04.12,visual_only_manual_p03
EFTA00095751,3,51,3501.014-050,,Photos of Jane Does 1-19,,2021.04.12,visual_only_manual_p03
EFTA00095751,3,52,3501.014-051,,[redacted] identifying information,,2021.04.12,visual_only_manual_p03
EFTA00095751,3,53,3501.014-052,,Photographs of victims,,2021.04.12,visual_only_manual_p03
EFTA00095751,3,54,3501.014-053,2006.02.14,Audio file (full tape recording side A),,2021.07.23,visual_only_manual_p03
EFTA00095751,3,55,3501.014-054,2006.02.14,Audio file (clip of tape recording),,2021.07.23,visual_only_manual_p03
EFTA00095751,3,56,3501.014-055,2006.02.14,Audio file (side B of tape recording),,2021.07.23,visual_only_manual_p03
EFTA00095751,3,57,3501.014-056,2006.08.08,FBI report documenting victim information,,2021.07.23,visual_only_manual_p03
EFTA00095751,3,58,3501.014-057,2006.08.31,FBI report documenting interview with [redacted],,2021.07.23,visual_only_manual_p03
EFTA00095751,3,59,3501.014-058,2006.09.01,FBI report documenting letter to [redacted],,2021.07.23,visual_only_manual_p03
EFTA00095751,3,60,3501.014-059,2007.03.16,FBI report documenting interview with [redacted],,2021.07.23,visual_only_manual_p03
EFTA00095751,3,61,3501.014-060,2007.03.21,FBI report documenting letter to [redacted],,2021.07.23,visual_only_manual_p03
EFTA00095751,3,62,3501.014-061,2007.11.28,FBI report documenting victim information,,2021.07.23,visual_only_manual_p03
EFTA00095751,3,63,3501.014-062,2018.12.04,FBI report documenting victim information,,2021.07.23,visual_only_manual_p03
EFTA00095751,3,64,3501.014-063,2019.07.10,FBI report documenting attempted contact with [redacted],,2021.07.23,visual_only_manual_p03
EFTA00095751,3,65,3501.014-064,Various,Various search results and records regarding [redacted],,2021.07.23,visual_only_manual_p03
EFTA00095751,3,66,3501.014-065,2007.05.15,Letter from [redacted],,2021.10.11,visual_only_manual_p03
EFTA00095751,3,67,3501.014-066,2008.05.19,Email from Jay Lefkowitz,,2021.10.11,visual_only_manual_p03
EFTA00095751,3,68,3501.014-067,2008.06.19,Submission to the DAG,,2021.10.11,visual_only_manual_p03
EFTA00095751,3,69,3501.014-068,2008.07.10,Letter from [redacted],,2021.10.11,visual_only_manual_p03
EFTA00095751,3,70,3501.014-069,2008.09.02,Letter from [redacted],,2021.10.11,visual_only_manual_p03
EFTA00095751,3,71,3501.014-070,2019.06.13,Memorandum from call with [redacted],,2021.10.11,visual_only_manual_p03
EFTA00095751,3,72,3501.014-071,,Money transfer record,,2021.10.11,visual_only_manual_p03
EFTA00095751,3,73,3501.014-072,2008.05.19,Letter from Ken Starr and Joe Whitsby,,2021.10.11,visual_only_manual_p03
EFTA00095751,3,74,3501.014-073,,Handwritten notes,N/A,2021.10.25,visual_only_manual_p03
EFTA00095751,3,75,3501.015-001,2006.07.13,Palm Beach Police Department Incident Report,,2021.04.12,visual_only_manual_p03
EFTA00095751,3,76,3501.015-002,2006.07.27,Florida D.A.V.I.D. driver license transaction page for [redacted],,2021.04.12,visual_only_manual_p03
EFTA00095751,3,77,3501.015-003,2006.08.02,Search record for [redacted],,2021.04.12,visual_only_manual_p03
EFTA00095751,3,78,3501.015-004,2006.08.02,Law enforcement report for [redacted],,2021.04.12,visual_only_manual_p03
EFTA00095751,4,1,3501.015-005,2006.08.08,FBI memorandum to document victim information,,2021.04.12,visual_only_manual_p04
EFTA00095751,4,2,3501.015-006,2006.08.11,Letter from [redacted] to [redacted],,2021.04.12,visual_only_manual_p04
EFTA00095751,4,3,3501.015-007,2006.08.16,Assignment history for [redacted],,2021.04.12,visual_only_manual_p04
EFTA00095751,4,4,3501.015-008,2006.08.28,Palm Beach Police Department Property Receipt,,2021.04.12,visual_only_manual_p04
EFTA00095751,4,5,3501.015-009,2007.02.01,Letter from Gerald Lefcourt to [redacted] and [redacted],,2021.04.12,visual_only_manual_p04
EFTA00095751,4,6,3501.015-010,2007.12.11,Letter to Alexander Acosta,,2021.04.12,visual_only_manual_p04
EFTA00095751,4,7,3501.015-011,2006.02.03,Video clip of interview,,2021.07.23,visual_only_manual_p04
EFTA00095751,4,8,3501.015-012,2006.02.03,Video clip of interview,,2021.07.23,visual_only_manual_p04
EFTA00095751,4,9,3501.015-013,2006.02.03,Video clip of interview,,2021.07.23,visual_only_manual_p04
EFTA00095751,4,10,3501.015-014,2006.02.03,Video clip of interview,,2021.07.23,visual_only_manual_p04
EFTA00095751,4,11,3501.015-015,2006.02.03,Video clip of interview,,2021.07.23,visual_only_manual_p04
EFTA00095751,4,12,3501.015-016,2007.02.01,Letter from Gerald Lefcourt,N/A,2021.10.11,visual_only_manual_p04
EFTA00095751,4,13,3501.016-001,2020.06.19,[redacted] interview notes,,2021.04.12,visual_only_manual_p04
EFTA00095751,4,14,3501.016-002,2020.10.15,[redacted] interview notes,,2021.04.12,visual_only_manual_p04
EFTA00095751,4,15,3501.016-003,2020.06.19,[redacted] 302,,2021.10.11,visual_only_manual_p04
EFTA00095751,4,16,3501.016-004,2020.10.15,[redacted] 302,,2021.10.11,visual_only_manual_p04
EFTA00095751,4,17,3501.016-005,,Voicemail,N/A,2021.10.25,visual_only_manual_p04
EFTA00095751,4,18,3501.017-001,2020.10.23,[redacted] interview 302,N/A,2021.04.12,visual_only_manual_p04
EFTA00095751,4,19,3501.017-002,2020.10.23,[redacted] interview notes,N/A,2021.04.12,visual_only_manual_p04
EFTA00095751,4,20,3501.018-001,2007.02.27,Testimony of [redacted],,2021.04.12,visual_only_manual_p04
EFTA00095751,4,21,3501.018-002,2007.10.05,[redacted] interview 302,,2021.04.12,visual_only_manual_p04
EFTA00095751,4,22,3501.018-003,2007.10.09,[redacted] telephone interview,,2021.04.12,visual_only_manual_p04
EFTA00095751,4,23,3501.018-004,2008.01.08,[redacted] MySpace page,,2021.04.12,visual_only_manual_p04
EFTA00095751,4,24,3501.018-005,2008.01.08,[redacted] person search and images,,2021.04.12,visual_only_manual_p04
EFTA00095751,4,25,3501.018-006,2008.01.08,Law enforcement report regarding [redacted],,2021.04.12,visual_only_manual_p04
EFTA00095751,4,26,3501.018-007,2008.02.06,FBI memorandum regarding investigation leads,,2021.04.12,visual_only_manual_p04
EFTA00095751,4,27,3501.018-008,2008.02.06,FBI memorandum for interview of [redacted],,2021.04.12,visual_only_manual_p04
EFTA00095751,4,28,3501.018-009,2008.03.20,[redacted] interview notes,,2021.04.12,visual_only_manual_p04
EFTA00095751,4,29,3501.018-010,2008.03.20,[redacted] interview 302,,2021.04.12,visual_only_manual_p04
EFTA00095751,4,30,3501.018-011,2008.03.21,Email regarding [redacted],,2021.04.12,visual_only_manual_p04
EFTA00095751,4,31,3501.018-012,2008.03.21,FBI memorandum regarding interview of [redacted],,2021.04.12,visual_only_manual_p04
EFTA00095751,4,32,3501.018-013,2008.03.25,[redacted] interview notes,,2021.04.12,visual_only_manual_p04
EFTA00095751,4,33,3501.018-014,2008.03.25,[redacted] interview 302,,2021.04.12,visual_only_manual_p04
EFTA00095751,4,34,3501.018-015,2008.03.26,FBI memorandum regarding telephone communication with [redacted],,2021.04.12,visual_only_manual_p04
EFTA00095751,4,35,3501.018-016,2008.03.27,FBI memorandum to cover lead set by Miami division,,2021.04.12,visual_only_manual_p04
EFTA00095751,4,36,3501.018-017,2008.03.27,FBI memorandum to cover lead set by Miami division,,2021.04.12,visual_only_manual_p04
EFTA00095751,4,37,3501.018-018,2008.04.02,FBI memorandum to document interview of [redacted],,2021.04.12,visual_only_manual_p04
EFTA00095751,4,38,3501.018-019,2019.01.30,[redacted] interview 302,,2021.04.12,visual_only_manual_p04
EFTA00095751,4,39,3501.018-020,2019.01.30,[redacted] interview notes,,2021.04.12,visual_only_manual_p04
EFTA00095751,4,40,3501.018-021,,[redacted] interview notes,,2021.04.12,visual_only_manual_p04
EFTA00095751,4,41,3501.018-022,,[redacted] notes,,2021.04.12,visual_only_manual_p04
EFTA00095751,4,42,3501.018-023,2007.10.09,FBI memorandum to document interview of [redacted],,2021.07.23,visual_only_manual_p04
EFTA00095751,4,43,3501.018-024,2007.10.09,FBI memorandum to document interview of [redacted],,2021.07.23,visual_only_manual_p04
EFTA00095751,4,44,3501.018-025,2008.02.06,FBI memorandum to document lead set,,2021.07.23,visual_only_manual_p04
EFTA00095751,4,45,3501.018-026,2008.03.24,FBI memorandum to document interview of [redacted],,2021.07.23,visual_only_manual_p04
EFTA00095751,4,46,3501.018-027,2008.03.24,FBI memorandum to document interview of [redacted],,2021.07.23,visual_only_manual_p04
EFTA00095751,4,47,3501.018-028,2008.03.26,FBI memorandum to document interview of [redacted],,2021.07.23,visual_only_manual_p04
EFTA00095751,4,48,3501.018-029,2008.03.26,FBI memorandum to document interview of [redacted],,2021.07.23,visual_only_manual_p04
EFTA00095751,4,49,3501.018-030,2007.10.06,302 from interview,,2021.10.11,visual_only_manual_p04
EFTA00095751,4,50,3501.018-031,2008.03.24,302 from interview,,2021.10.11,visual_only_manual_p04
EFTA00095751,4,51,3501.018-032,2008.03.25,302 from interview,N/A,2021.10.11,visual_only_manual_p04
EFTA00095751,4,52,3501.019-001,2020.11.04,[redacted] interview 302,,2021.04.12,visual_only_manual_p04
EFTA00095751,4,53,3501.019-002,2020.11.04,[redacted] interview notes,,2021.04.12,visual_only_manual_p04
EFTA00095751,4,54,3501.019-003,,Notes regarding [redacted],,2021.04.12,visual_only_manual_p04
EFTA00095751,4,55,3501.019-004,,[redacted] search,,2021.04.12,visual_only_manual_p04
EFTA00095751,4,56,3501.019-005,2008.05.06,Law enforcement report regarding [redacted],,2021.07.23,visual_only_manual_p04
EFTA00095751,4,57,3501.019-006,2019.07.11,Text messages with agent,N/A,2021.10.11,visual_only_manual_p04
EFTA00095751,4,58,3501.020-001,2020.07.30,FBI memorandum regarding subpoena service to [redacted],,2021.04.12,visual_only_manual_p04
EFTA00095751,4,59,3501.020-002,2020.08.03,Notes from phone call with Aitan Goelman,,2021.04.12,visual_only_manual_p04
EFTA00095751,4,60,3501.020-003,2020.08.12,[redacted] interview 302,Aitan Goelman,2021.04.12,visual_only_manual_p04
EFTA00095751,4,61,3501.020-004,2020.08.12,[redacted] interview notes,Aitan Goelman,2021.04.12,visual_only_manual_p04
EFTA00095751,4,62,3501.021-001,2020.01.08,[redacted] interview 302,,2021.04.12,visual_only_manual_p04
EFTA00095751,4,63,3501.021-002,2020.01.08,[redacted] interview notes,,2021.04.12,visual_only_manual_p04
EFTA00095751,4,64,3501.021-003,2020.02.05,[redacted] interview 302,N/A,2021.04.12,visual_only_manual_p04
EFTA00095751,4,65,3501.021-004,2020.02.05,[redacted] interview notes,N/A,2021.04.12,visual_only_manual_p04
EFTA00095751,4,66,3501.022-001,2019.10.23,[redacted] interview 302,,2021.04.12,visual_only_manual_p04
EFTA00095751,5,1,3501.022-002,2019.10.23,[redacted] interview notes,[redacted],2021.04.12,visual_only_manual_p05
EFTA00095751,5,2,3501.023-001,2019.07.22,Greg Bledsoe interview 302,N/A,2021.04.12,visual_only_manual_p05
EFTA00095751,5,3,3501.023-002,2019.07.22,Greg Bledsoe interview notes,N/A,2021.04.12,visual_only_manual_p05
EFTA00095751,5,4,3501.024-001,2008.04.30,National Comprehensive Report for Ixi Boseris,N/A,2021.04.12,visual_only_manual_p05
EFTA00095751,5,5,3501.025-001 through 052,Various,School records for [redacted],,2021.04.12,visual_only_manual_p05
EFTA00095751,5,6,3501.025-053,2006.07.13,Palm Beach Police Department Incident Report,,2021.04.12,visual_only_manual_p05
EFTA00095751,5,7,3501.025-054,2007.08.02,Search result for [redacted],,2021.04.12,visual_only_manual_p05
EFTA00095751,5,8,3501.025-055,2006.08.08,FBI memorandum to document victim information,,2021.04.12,visual_only_manual_p05
EFTA00095751,5,9,3501.025-056,2006.08.01,Letter from [redacted] to [redacted],,2021.04.12,visual_only_manual_p05
EFTA00095751,5,10,3501.025-057,2006.08.26,Palm Beach Police Department Evidence/Property Tracking Report,,2021.04.12,visual_only_manual_p05
EFTA00095751,5,11,3501.025-058,2006.08.08,Palm Beach Police Department Property Receipt,,2021.04.12,visual_only_manual_p05
EFTA00095751,5,12,3501.025-059,2007.12.11,Letter to Alexander Acosta,,2021.04.12,visual_only_manual_p05
EFTA00095751,5,13,3501.025-070,,Notes about [redacted],,2021.04.12,visual_only_manual_p05
EFTA00095751,5,14,3501.025-071,Various,Biographical file for [redacted],,2021.04.12,visual_only_manual_p05
EFTA00095751,5,15,3501.025-072,2005.03.18,Audio file (side A of tape recording),,2021.07.23,visual_only_manual_p05
EFTA00095751,5,16,3501.025-073,2005.03.18,Audio file (side B of tape recording),,2021.07.23,visual_only_manual_p05
EFTA00095751,5,17,3501.025-074,2005.10.21,Florida D.A.V.I.D. Individual Summary Page for [redacted],,2021.07.23,visual_only_manual_p05
EFTA00095751,5,18,3501.025-075,2005.11.13,National Comprehensive Report for [redacted],,2021.07.23,visual_only_manual_p05
EFTA00095751,5,19,3501.025-076,2005.11.15,Audio file (full tape recording),,2021.07.23,visual_only_manual_p05
EFTA00095751,5,20,3501.025-077,2005.11.15,Audio file (clip of tape recording),,2021.07.23,visual_only_manual_p05
EFTA00095751,5,21,3501.025-078,2006.08.02,National Comprehensive Report for [redacted],,2021.07.23,visual_only_manual_p05
EFTA00095751,5,22,3501.025-079,2006.08.04,Letter from [redacted],,2021.10.11,visual_only_manual_p05
EFTA00095751,5,23,3501.025-080,2005.11.15,Photo line-up identification,N/A,2021.10.11,visual_only_manual_p05
EFTA00095751,5,24,3501.026-001,2019.09.18,[redacted] interview 302,,2021.04.12,visual_only_manual_p05
EFTA00095751,5,25,3501.026-002,2019.09.18,[redacted] interview notes,,2021.04.12,visual_only_manual_p05
EFTA00095751,5,26,3501.026-003,2019.11.19,[redacted] civil complaint,,2021.04.12,visual_only_manual_p05
EFTA00095751,5,27,3501.026-004,2019.09.30,Email,Gloria Allred,2021.10.25,visual_only_manual_p05
EFTA00095751,5,28,3501.027-001,2019.09.18,[redacted] interview 302,Gloria Allred,2021.04.12,visual_only_manual_p05
EFTA00095751,5,29,3501.027-002,2019.09.18,[redacted] interview notes,Gloria Allred,2021.04.12,visual_only_manual_p05
EFTA00095751,5,30,3501.028-001,2020.08.17,[redacted] interview 302,,2021.04.12,visual_only_manual_p05
EFTA00095751,5,31,3501.028-002,2020.08.17,[redacted] interview notes,,2021.04.12,visual_only_manual_p05
EFTA00095751,5,32,3501.028-003,2020.07.13,Email from [redacted] to the United States Attorney's Office for the Southern District of New York,,2021.04.12,visual_only_manual_p05
EFTA00095751,5,33,3501.028-004,2020.07.17,Email chain,N/A,2021.10.25,visual_only_manual_p05
EFTA00095751,5,34,3501.029-001,2007.07.11,Florida D.A.V.I.D. Individual Summary Page for [redacted],,2021.04.12,visual_only_manual_p05
EFTA00095751,5,35,3501.029-002,2007.07.11,Google search for [redacted],N/A,2021.04.12,visual_only_manual_p05
EFTA00095751,5,36,3501.029-003,2007.07.11,Law enforcement report regarding [redacted],N/A,2021.04.12,visual_only_manual_p05
EFTA00095751,5,37,3501.030-001,2019.10.16,[redacted] interview 302,,2021.04.12,visual_only_manual_p05
EFTA00095751,5,38,3501.030-002,2019.10.16,[redacted] interview notes,,2021.04.12,visual_only_manual_p05
EFTA00095751,5,39,3501.030-003,2019.05.17,Notes regarding call with [redacted] and [redacted],,2021.07.23,visual_only_manual_p05
EFTA00095751,5,40,3501.030-004,2019.06.13,Memorandum regarding call with [redacted] and [redacted],,2021.07.23,visual_only_manual_p05
EFTA00095751,5,41,3501.030-005,2008.12.08,Letter from [redacted],N/A,2021.10.11,visual_only_manual_p05
EFTA00095751,5,42,3501.030-006,2019.10.16,Text messages with agent,N/A,2021.10.11,visual_only_manual_p05
EFTA00095751,5,43,3501.031-001,2007.06.04,[redacted] interview notes,,2021.04.12,visual_only_manual_p05
EFTA00095751,5,44,3501.031-002,2007.06.04,[redacted] interview 302,,2021.04.12,visual_only_manual_p05
EFTA00095751,5,45,3501.031-003,2007.06.11,FBI memorandum of [redacted] interview,,2021.04.12,visual_only_manual_p05
EFTA00095751,5,46,3501.031-004,2008.03.24,Court Order from Palm Beach County Court to [redacted],N/A,2021.04.12,visual_only_manual_p05
EFTA00095751,5,47,3501.032-001,2007.08.15,Law enforcement report regarding Jean Luc Brunel,,2021.04.12,visual_only_manual_p05
EFTA00095751,5,48,3501.032-002,2007.08.15,Florida D.A.V.I.D. My Status Page regarding Jean Luc Brunel,,2021.04.12,visual_only_manual_p05
EFTA00095751,5,49,3501.032-003,2019.07.08,[redacted] interview 302,N/A,2021.04.12,visual_only_manual_p05
EFTA00095751,5,50,3501.033-001,2019.10.23,[redacted] interview 302,N/A,2021.04.12,visual_only_manual_p05
EFTA00095751,5,51,3501.033-002,2019.10.23,[redacted] interview notes,N/A,2021.04.12,visual_only_manual_p05
EFTA00095751,6,1,3501.034-001,2007.02.27,Testimony of [redacted],N/A,2021.04.12,visual_only_manual_p06
EFTA00095751,6,2,3501.034-002,2007.05.01,Florida D.A.V.I.D. Individual Summary Page for Zackery Bryan,N/A,2021.04.12,visual_only_manual_p06
EFTA00095751,6,3,3501.035-001,2019.07.06,Michael [redacted] interview 302,N/A,2021.04.12,visual_only_manual_p06
EFTA00095751,6,4,3501.036-001,2020.09.10,Lance Calloway interview 302,,2021.04.12,visual_only_manual_p06
EFTA00095751,6,5,3501.036-002,2020.09.10,Lance Calloway interview notes,,2021.04.12,visual_only_manual_p06
EFTA00095751,6,6,3501.036-003,2020.09.02,Emails with agents,N/A,2021.10.11,visual_only_manual_p06
EFTA00095751,6,7,3501.037-001,2019.09.26,[redacted] interview 302,,2021.04.12,visual_only_manual_p06
EFTA00095751,6,8,3501.037-002,2019.09.26,[redacted] interview notes,,2021.04.12,visual_only_manual_p06
EFTA00095751,6,9,3501.037-003,,[redacted] photographs,[redacted],2021.04.12,visual_only_manual_p06
EFTA00095751,6,10,3501.038-001,2007.07.02,[redacted] interview notes,,2021.04.12,visual_only_manual_p06
EFTA00095751,6,11,3501.038-002,2007.07.02,[redacted] interview 302,,2021.04.12,visual_only_manual_p06
EFTA00095751,6,12,3501.038-003,2007.07.02,FBI memorandum notes regarding [redacted] interviews,,2021.04.12,visual_only_manual_p06
EFTA00095751,6,13,3501.038-004,2007.07.01,Florida D.A.V.I.D. Individual Summary Page for [redacted],N/A,2021.04.12,visual_only_manual_p06
EFTA00095751,6,14,3501.039-001,2008.05.20,National Comprehensive Report for Guilherme Castellane,N/A,2021.04.12,visual_only_manual_p06
EFTA00095751,6,15,3501.040-001,2007.02.27,Testimony of [redacted],,2021.04.12,visual_only_manual_p06
EFTA00095751,6,16,3501.040-002,2007.06.25,Florida D.A.V.I.D. Individual Summary Page for [redacted],,2021.04.12,visual_only_manual_p06
EFTA00095751,6,17,3501.040-003,2007.06.25,Florida D.A.V.I.D. Individual Summary Page for [redacted],,2021.04.12,visual_only_manual_p06
EFTA00095751,6,18,3501.040-004,2007.06.25,Florida D.A.V.I.D. Photo Line Up for [redacted],,2021.04.12,visual_only_manual_p06
EFTA00095751,6,19,3501.040-005,2007.06.25,Florida D.A.V.I.D. Address Information for [redacted],,2021.04.12,visual_only_manual_p06
EFTA00095751,6,20,3501.040-006,2007.10.19,[redacted] interview notes,,2021.04.12,visual_only_manual_p06
EFTA00095751,6,21,3501.040-007,2007.10.19,[redacted] interview 302,,2021.04.12,visual_only_manual_p06
EFTA00095751,6,22,3501.040-008,2007.10.23,[redacted] interview notes,,2021.04.12,visual_only_manual_p06
EFTA00095751,6,23,3501.040-009,2008.01.10,FBI letter to [redacted],,2021.04.12,visual_only_manual_p06
EFTA00095751,6,24,3501.040-010,2008.03.24,Victim list,,2021.04.12,visual_only_manual_p06
EFTA00095751,6,25,3501.040-011,2008.04.10,Letter from [redacted] to Jeffrey Herman,,2021.04.12,visual_only_manual_p06
EFTA00095751,6,26,3501.040-012,2008.04.21,Letter from Stuart Mermelstein to Jack Goldberger,,2021.04.12,visual_only_manual_p06
EFTA00095751,6,27,3501.040-013,[illegible],Testimony of [redacted],,2021.04.12,visual_only_manual_p06
EFTA00095751,6,28,3501.040-014,2008.07.03,Victim list,,2021.04.12,visual_only_manual_p06
EFTA00095751,6,29,3501.040-015,2008.07.10,Letter from [redacted] to Jeffrey Herman,,2021.04.12,visual_only_manual_p06
EFTA00095751,6,30,3501.040-016,2018.12.04,FBI memorandum regarding [redacted] identifying information,,2021.04.12,visual_only_manual_p06
EFTA00095751,6,31,3501.040-017,Various,[redacted] biographical file,,2021.04.12,visual_only_manual_p06
EFTA00095751,6,32,3501.040-018,,[redacted] identifying information,,2021.04.12,visual_only_manual_p06
EFTA00095751,6,33,3501.040-019,2007.10.23,FBI report documenting interview with [redacted] [redacted],,2021.07.23,visual_only_manual_p06
EFTA00095751,6,34,3501.040-020,2008.01.10,FBI report documenting letters to victims,,2021.07.23,visual_only_manual_p06
EFTA00095751,6,35,3501.040-021,2008.07.10,Letter from [redacted],,2021.10.11,visual_only_manual_p06
EFTA00095751,6,36,3501.040-022,2008.09.02,Letter from [redacted],,2021.10.11,visual_only_manual_p06
EFTA00095751,6,37,3501.040-023,2008.12.05,Letter from [redacted],Sigrid McCawley,2021.10.11,visual_only_manual_p06
EFTA00095751,6,38,3501.041-001,2019.08.13,[redacted] interview 302,,2021.04.12,visual_only_manual_p06
EFTA00095751,6,39,3501.041-002,2019.08.13,[redacted] interview notes,N/A,2021.04.12,visual_only_manual_p06
EFTA00095751,6,40,3501.042-001,2019.07.10,Crisis intake report regarding [redacted],,2021.04.12,visual_only_manual_p06
EFTA00095751,6,41,3501.042-002,2019.08.28,[redacted] interview 302,,2021.04.12,visual_only_manual_p06
EFTA00095751,6,42,3501.042-003,2019.08.28,[redacted] interview notes,,2021.04.12,visual_only_manual_p06
EFTA00095751,6,43,3501.042-004,2019.07.14,Email from [redacted],,2021.10.11,visual_only_manual_p06
EFTA00095751,6,44,3501.042-005,2019.07.23,Email regarding [redacted],,2021.10.11,visual_only_manual_p06
EFTA00095751,6,45,3501.042-006,2019.09.11,Email regarding [redacted],,2021.10.11,visual_only_manual_p06
EFTA00095751,6,46,3501.042-007,2019.09.11,Email from [redacted],,2021.10.11,visual_only_manual_p06
EFTA00095751,6,47,3501.042-008,2019.09.12,Email from [redacted],,2021.10.11,visual_only_manual_p06
EFTA00095751,6,48,3501.042-009,2019.09.26,Email from [redacted],,2021.10.11,visual_only_manual_p06
EFTA00095751,6,49,3501.042-010,2019.09.28,Email from [redacted],,2021.10.11,visual_only_manual_p06
EFTA00095751,6,50,3501.042-011,2021.09.13,Email chain,,2021.10.11,visual_only_manual_p06
EFTA00095751,6,51,3501.042-012,2021.09.13,Email chain,,2021.10.11,visual_only_manual_p06
EFTA00095751,6,52,3501.042-013,2021.09.13,Email chain,Sigrid McCawley,2021.10.11,visual_only_manual_p06
EFTA00095751,6,53,3501.043-001,2019.07.31,[redacted] interview 302,N/A,2021.04.12,visual_only_manual_p06
EFTA00095751,6,54,3501.043-002,2019.07.31,[redacted] interview notes,N/A,2021.04.12,visual_only_manual_p06
EFTA00095751,7,1,3501.044-001,2007.10.09,Florida D.A.V.I.D. Individual Summary page for [redacted],N/A,2021.04.12,visual_only_manual_p07
EFTA00095751,7,2,3501.045-001,2019.07.24,[redacted] interview 302,,2021.04.12,visual_only_manual_p07
EFTA00095751,7,3,3501.045-002,2019.07.24,[redacted] interview notes,,2021.04.12,visual_only_manual_p07
EFTA00095751,7,4,3501.045-003,2019.08.07,[redacted] interview 302,,2021.04.12,visual_only_manual_p07
EFTA00095751,7,5,3501.045-004,2019.08.07,[redacted] interview notes,,2021.04.12,visual_only_manual_p07
EFTA00095751,7,6,3501.045-005,2019.08.20,[redacted] interview 302,,2021.04.12,visual_only_manual_p07
EFTA00095751,7,7,3501.045-006,2019.08.20,[redacted] interview notes,,2021.04.12,visual_only_manual_p07
EFTA00095751,7,8,3501.045-007,2019.10.16,[redacted] interview 302,,2021.04.12,visual_only_manual_p07
EFTA00095751,7,9,3501.045-008,,Photograph,,2021.04.12,visual_only_manual_p07
EFTA00095751,7,10,3501.045-009,,Photograph,,2021.04.12,visual_only_manual_p07
EFTA00095751,7,11,3501.045-010,,Photograph,,2021.04.12,visual_only_manual_p07
EFTA00095751,7,12,3501.045-011,2019.07.31,FBI intake report,,2021.07.23,visual_only_manual_p07
EFTA00095751,7,13,3501.045-012,2019.10.29,FBI intake report,,2021.07.23,visual_only_manual_p07
EFTA00095751,7,14,3501.045-013,2019.07.10,FBI report,,2021.10.11,visual_only_manual_p07
EFTA00095751,7,15,3501.045-014,2019.07.10,Law enforcement report,,2021.10.11,visual_only_manual_p07
EFTA00095751,7,16,3501.045-015,2019.07.19,License records,[redacted],2021.10.11,visual_only_manual_p07
EFTA00095751,7,17,3501.046-001,2007.10.09,Florida D.A.V.I.D. Individual summary page for [redacted],N/A,2021.04.12,visual_only_manual_p07
EFTA00095751,7,18,3501.047-001,2006.01.01,[redacted] biographical information,,2021.04.12,visual_only_manual_p07
EFTA00095751,7,19,3501.047-002,2006.07.31,Palm Beach Police Department material witness statement,,2021.04.12,visual_only_manual_p07
EFTA00095751,7,20,3501.047-003,2006.07.31,Photo line-up instructions,,2021.04.12,visual_only_manual_p07
EFTA00095751,7,21,3501.047-004,2006.08.02,Palms Screening regarding [redacted],,2021.04.12,visual_only_manual_p07
EFTA00095751,7,22,3501.047-005,2006.08.02,Florida D.A.V.I.D. Individual summary page regarding [redacted],,2021.04.12,visual_only_manual_p07
EFTA00095751,7,23,3501.047-006,2006.08.07,Palm Beach Police Department incident report,,2021.04.12,visual_only_manual_p07
EFTA00095751,7,24,3501.047-007,2006.08.08,FBI memorandum documenting victim information,,2021.04.12,visual_only_manual_p07
EFTA00095751,7,25,3501.047-008,2006.08.08,[redacted] victim information,,2021.04.12,visual_only_manual_p07
EFTA00095751,7,26,3501.047-009,2006.08.11,Letter from [redacted] from Alexander Acosta,,2021.04.12,visual_only_manual_p07
EFTA00095751,7,27,3501.047-010,2007.04.24,Cad Call information,,2021.04.12,visual_only_manual_p07
EFTA00095751,7,28,3501.047-011,2008.01.10,FBI letter to [redacted],,2021.04.12,visual_only_manual_p07
EFTA00095751,7,29,3501.047-012,2008.01.10,[redacted] victim rights 302,,2021.04.12,visual_only_manual_p07
EFTA00095751,7,30,3501.047-013,2008.03.24,Victim list,,2021.04.12,visual_only_manual_p07
EFTA00095751,7,31,3501.047-014,2008.07.03,Victim list,,2021.04.12,visual_only_manual_p07
EFTA00095751,7,32,3501.047-015,2008.07.21,Letter from Alexander Acosta to [redacted],,2021.04.12,visual_only_manual_p07
EFTA00095751,7,33,3501.047-016,2008.12.12,[redacted] victim information 302,,2021.04.12,visual_only_manual_p07
EFTA00095751,7,34,3501.047-017,,[redacted] birth certificate,,2021.04.12,visual_only_manual_p07
EFTA00095751,7,35,3501.047-018,Various,Biographical file on [redacted],,2021.04.12,visual_only_manual_p07
EFTA00095751,7,36,3501.047-019,2001.08.08,THE CAD Call information,,2021.07.23,visual_only_manual_p07
EFTA00095751,7,37,3501.047-020,2006.07.28,Florida D.A.V.I.D. Individual summary page regarding [redacted],,2021.07.23,visual_only_manual_p07
EFTA00095751,7,38,3501.047-021,2006.08.02,Florida D.A.V.I.D. Individual summary page regarding [redacted],,2021.07.23,visual_only_manual_p07
EFTA00095751,7,39,3501.047-022,2006.08.08,National Comprehensive Report regarding [redacted],,2021.07.23,visual_only_manual_p07
EFTA00095751,7,40,3501.047-023,2008.01.10,FBI report documenting letters to victims,,2021.07.23,visual_only_manual_p07
EFTA00095751,7,41,3501.047-024,2006.07.31,Audio file,,2021.07.23,visual_only_manual_p07
EFTA00095751,7,42,3501.047-025,2006.07.31,Notes from meeting with [redacted],,2021.10.11,visual_only_manual_p07
EFTA00095751,7,43,3501.047-026,2006.08.04,Letter from [redacted],,2021.10.11,visual_only_manual_p07
EFTA00095751,7,44,3501.047-027,2007.06.07,Letter from [redacted],,2021.10.11,visual_only_manual_p07
EFTA00095751,7,45,3501.047-028,2007.06.07,Letter from [redacted],,2021.10.11,visual_only_manual_p07
EFTA00095751,7,46,3501.047-029,2008.07.10,Letter from [redacted],,2021.10.11,visual_only_manual_p07
EFTA00095751,7,47,3501.047-030,2008.09.02,Letter from [redacted],,2021.10.11,visual_only_manual_p07
EFTA00095751,7,48,3501.047-031,2008.12.08,Letter from [redacted],N/A,2021.10.11,visual_only_manual_p07
EFTA00095751,7,49,3501.048-001,2007.07.23,People search for [redacted],,2021.04.12,visual_only_manual_p07
EFTA00095751,7,50,3501.048-002,2007.07.23,Florida D.A.V.I.D. Individual summary page regarding [redacted],,2021.04.12,visual_only_manual_p07
EFTA00095751,7,51,3501.048-003,2007.08.06,Law enforcement report regarding [redacted],N/A,2021.04.12,visual_only_manual_p07
EFTA00095751,7,52,3501.049-001,2007.07.23,Person search for [redacted],,2021.04.12,visual_only_manual_p07
EFTA00095751,7,53,3501.049-002,2007.08.06,Law enforcement report regarding [redacted],N/A,2021.04.12,visual_only_manual_p07
EFTA00095751,7,54,3501.050-001,2007.10.09,Florida D.A.V.I.D. Individual summary page for [redacted],N/A,2021.04.12,visual_only_manual_p07
EFTA00095751,7,55,3501.051-001,2019.07.17,[redacted] proffer agreement,,2021.04.12,visual_only_manual_p07
EFTA00095751,7,56,3501.051-002,2019.07.17,[redacted] interview 302,,2021.04.12,visual_only_manual_p07
EFTA00095751,7,57,3501.051-003,2019.07.17,[redacted] interview notes,,2021.04.12,visual_only_manual_p07
EFTA00095751,7,58,3501.051-004,2019.07.10,Crisis intake report regarding [redacted],[redacted],2021.07.23,visual_only_manual_p07
EFTA00095751,7,59,3501.052-001,2006.10.18,Florida D.A.V.I.D. Individual summary page for [redacted],,2021.04.12,visual_only_manual_p07
EFTA00095751,7,60,3501.052-002,2006.10.18,Florida D.A.V.I.D. Individual summary page for [redacted],,2021.04.12,visual_only_manual_p07
EFTA00095751,7,61,3501.052-003,2006.12.04,Search record regarding [redacted],N/A,2021.04.12,visual_only_manual_p07
EFTA00095751,8,62,3501.053-001,2019.07.01,[redacted] interview recording,N/A,2021.04.12,visual_only_manual_p08
EFTA00095751,8,63,3501.053-002,2019.07.01,[redacted] interview recording,N/A,2021.04.12,visual_only_manual_p08
EFTA00095751,8,64,3501.053-003,2019.07.01,[redacted] interview recording,N/A,2021.04.12,visual_only_manual_p08
EFTA00095751,8,65,3501.053-004,2019.07.01,[redacted] interview recording,N/A,2021.04.12,visual_only_manual_p08
EFTA00095751,8,66,3501.053-005,2019.07.24,OIG initial report,N/A,2021.04.12,visual_only_manual_p08
EFTA00095751,8,67,3501.053-006,2019.08.27,[redacted] interview 302,N/A,2021.04.12,visual_only_manual_p08
EFTA00095751,8,68,3501.053-007,2019.08.27,[redacted] interview notes,N/A,2021.04.12,visual_only_manual_p08
EFTA00095751,8,69,3501.053-008,2019.06.19,Business Link Report for [redacted],N/A,2021.07.23,visual_only_manual_p08
EFTA00095751,8,70,3501.053-009,2019.06.19,Law Enforcement Report regarding [redacted],N/A,2021.07.23,visual_only_manual_p08
EFTA00095751,8,71,3501.053-010,2019.06.19,Contact Card Report regarding [redacted],N/A,2021.07.23,visual_only_manual_p08
EFTA00095751,8,72,3501.053-011,2019.07.02,Typed notes from interview,N/A,2021.07.23,visual_only_manual_p08
EFTA00095751,8,73,3501.053-012,2019.08.26,Text messages with agent,N/A,2021.10.11,visual_only_manual_p08
EFTA00095751,8,74,3501.054-001,2006.09.01,Palm Beach Police Department Incident Report,Gloria Allred,2021.04.12,visual_only_manual_p08
EFTA00095751,8,75,3501.054-002,2019.07.31,[redacted] interview 302,Gloria Allred,2021.04.12,visual_only_manual_p08
EFTA00095751,8,76,3501.054-003,2019.07.31,[redacted] interview notes,Gloria Allred,2021.04.12,visual_only_manual_p08
EFTA00095751,8,77,3501.054-004,2019.07.31,[redacted] photos provided during interview,Gloria Allred,2021.04.12,visual_only_manual_p08
EFTA00095751,8,78,3501.054-005,2019.08.27,[redacted] interview 302,Gloria Allred,2021.04.12,visual_only_manual_p08
EFTA00095751,8,79,3501.054-006,2019.08.27,[redacted] interview notes,Gloria Allred,2021.04.12,visual_only_manual_p08
EFTA00095751,8,80,3501.054-007,2019.11.21,[redacted] civil complaint,Gloria Allred,2021.04.12,visual_only_manual_p08
EFTA00095751,8,81,3501.054-008,2019.11.21,[redacted] interview 302,Gloria Allred,2021.04.12,visual_only_manual_p08
EFTA00095751,8,82,3501.054-009,2019.11.21,[redacted] interview notes,Gloria Allred,2021.04.12,visual_only_manual_p08
EFTA00095751,8,83,3501.054-010,2020.08.14,Documentation of services,Gloria Allred,2021.04.12,visual_only_manual_p08
EFTA00095751,8,84,3501.054-011,2020.08.14,Documentation of services,Gloria Allred,2021.04.12,visual_only_manual_p08
EFTA00095751,8,85,3501.055-001 through 3501.055-068,Various,School records for [redacted],,2021.04.12,visual_only_manual_p08
EFTA00095751,8,86,3501.055-069,2005.04.13,Appointment notes,,2021.04.12,visual_only_manual_p08
EFTA00095751,8,87,3501.055-070,2005.05.21,Incident report regarding [redacted],,2021.04.12,visual_only_manual_p08
EFTA00095751,8,88,3501.055-071,2005.11.08,Palm Beach Police Department property receipt,,2021.04.12,visual_only_manual_p08
EFTA00095751,8,89,3501.055-072,2005.11.14,[redacted] Myspace blog,,2021.04.12,visual_only_manual_p08
EFTA00095751,8,90,3501.055-073,2005.11.14,[redacted] Myspace blog,,2021.04.12,visual_only_manual_p08
EFTA00095751,8,91,3501.055-074,2006.05.01,Probable Cause affidavit Regarding Jeffrey Epstein,,2021.04.12,visual_only_manual_p08
EFTA00095751,8,92,3501.055-075,2006.07.13,Palm Beach Police Department Incident Report,,2021.04.12,visual_only_manual_p08
EFTA00095751,8,93,3501.055-076,2006.07.13,[redacted] Myspace information from Palm Beach Police Department,,2021.04.12,visual_only_manual_p08
EFTA00095751,8,94,3501.055-077,2006.07.19,Transcript of [redacted] interview,,2021.04.12,visual_only_manual_p08
EFTA00095751,8,95,3501.055-078,2007.07.27,Florida D.A.V.I.D. Individual summary page for [redacted],,2021.04.12,visual_only_manual_p08
EFTA00095751,8,96,3501.055-079,2007.08.04,Letter from [redacted] to [redacted],,2021.04.12,visual_only_manual_p08
EFTA00095751,8,97,3501.055-080,2006.08.08,FBI memorandum to document victim information,,2021.04.12,visual_only_manual_p08
EFTA00095751,8,98,3501.055-081,2006.08.26,Palm Beach Police Department Evidence/Property Tracking Report,,2021.04.12,visual_only_manual_p08
EFTA00095751,8,99,3501.055-082,2006.08.29,Palm Beach Police Department property receipt,,2021.04.12,visual_only_manual_p08
EFTA00095751,8,100,3501.055-083,2006.09.29,Grand Jury transcripts,,2021.04.12,visual_only_manual_p08
EFTA00095751,8,101,3501.055-084,2006.10.10,[redacted] interview 302,,2021.04.12,visual_only_manual_p08
EFTA00095751,8,102,3501.055-085,2006.10.11,FBI memorandum for interview of [redacted],,2021.04.12,visual_only_manual_p08
EFTA00095751,8,103,3501.055-086,2007.01.24,Letter from Gerald Lefcourt to [redacted],,2021.04.12,visual_only_manual_p08
EFTA00095751,8,104,3501.055-087,2007.02.27,Testimony of [redacted],,2021.04.12,visual_only_manual_p08
EFTA00095751,8,105,3501.055-088,2007.03.20,Testimony of [redacted],,2021.04.12,visual_only_manual_p08
EFTA00095751,8,106,3501.055-089,2007.04.06,FBI letter to [redacted],,2021.04.12,visual_only_manual_p08
EFTA00095751,8,107,3501.055-090,2007.05.22,Testimony of [redacted],,2021.04.12,visual_only_manual_p08
EFTA00095751,8,108,3501.055-091,2007.06.11,FBI detailed analysis related to investigation,,2021.04.12,visual_only_manual_p08
EFTA00095751,8,109,3501.055-092,2007.06.12,Record search for [redacted],,2021.04.12,visual_only_manual_p08
EFTA00095751,8,110,3501.055-093,2007.07.20,National Comprehensive Report for [redacted],,2021.04.12,visual_only_manual_p08
EFTA00095751,8,111,3501.055-094,2007.11.29,Florida D.A.V.I.D. Individual summary page for [redacted],,2021.04.12,visual_only_manual_p08
EFTA00095751,8,112,3501.055-095,2008.03.24,FBI detailed analysis related to investigation,,2021.04.12,visual_only_manual_p08
EFTA00095751,8,113,3501.055-096,2008.03.24,Victim list,,2021.04.12,visual_only_manual_p08
EFTA00095751,8,114,3501.055-097,2008.03.24,Court Order to [redacted],,2021.04.12,visual_only_manual_p08
EFTA00095751,8,115,3501.055-098,2008.04.29 & 2008.03.18,Testimony of [redacted],,2021.04.12,visual_only_manual_p08
EFTA00095751,8,116,3501.055-099,2008.07.03,Victim list,,2021.04.12,visual_only_manual_p08
EFTA00095751,8,117,3501.055-100,2008.10.14,Palm Beach County Sheriff's office victim notification confirmation,,2021.04.12,visual_only_manual_p08
EFTA00095751,8,118,3501.055-101,2008.10.14,"Pro Tech Monitoring, Inc. offender details report regarding Jeffrey Epstein",,2021.04.12,visual_only_manual_p08
EFTA00095751,8,119,3501.055-102,2008.10.14,Notification letter to [redacted],,2021.04.12,visual_only_manual_p08
EFTA00095751,8,120,3501.055-103,2008.10.14,"Pro Tech Monitoring, Inc. offender details report regarding Jeffrey Epstein",,2021.04.12,visual_only_manual_p08
EFTA00095751,8,121,3501.055-104,2008.12.09,Letter from [redacted] to [redacted],,2021.04.12,visual_only_manual_p08
EFTA00095751,8,122,3501.055-105,2018.12.04,FBI memorandum documenting interview of [redacted],,2021.04.12,visual_only_manual_p08
EFTA00095751,8,123,3501.055-106,2018.12.04,FBI memorandum documenting interview of [redacted],,2021.04.12,visual_only_manual_p08
EFTA00095751,8,124,3501.055-107,2018.12.04,FBI memorandum documenting interview of [redacted],,2021.04.12,visual_only_manual_p08
EFTA00095751,8,125,3501.055-108,2018.12.04,Child victim information: [redacted],,2021.04.12,visual_only_manual_p08
EFTA00095751,8,126,3501.055-109,2018.12.04,[redacted] personal information,,2021.04.12,visual_only_manual_p08
EFTA00095751,8,127,3501.055-110,2005.11.08,[redacted] interview notes,,2021.04.12,visual_only_manual_p08
EFTA00095751,8,128,3501.055-111,[illegible],List and photographs of Jane Does 1-19,,2021.04.12,visual_only_manual_p08
EFTA00095751,8,129,3501.055-112,Various,Biographical file on [redacted],,2021.04.12,visual_only_manual_p08
EFTA00095751,8,130,3501.055-113,[illegible],FBI identifying information for [redacted],,2021.04.12,visual_only_manual_p08
EFTA00095751,8,131,3501.055-114,[illegible],FBI identifying information for [redacted],,2021.04.12,visual_only_manual_p08
EFTA00095751,8,132,3501.055-115,[illegible],Photos of victims,,2021.04.12,visual_only_manual_p08
EFTA00095751,8,133,3501.055-116,[illegible],[redacted] biographical information,,2021.04.12,visual_only_manual_p08
EFTA00095751,8,134,3501.055-117,2005.11.08,Video recording (full recording),,2021.07.23,visual_only_manual_p08
EFTA00095751,9,135,3501.055-118,2005.11.08,Video recording (clip of recording),,2021.07.23,visual_only_manual_p09
EFTA00095751,9,136,3501.055-119,2005.09.28,Search records regarding [redacted],,2021.07.23,visual_only_manual_p09
EFTA00095751,9,137,3501.055-120,2006.05.01,PBPD probable cause affidavit regarding [redacted],,2021.07.23,visual_only_manual_p09
EFTA00095751,9,138,3501.055-121,2006.05.01,PBPD probable cause affidavit regarding [redacted],,2021.07.23,visual_only_manual_p09
EFTA00095751,9,139,3501.055-122,2006.07.24,Letter to [redacted] from PBPD,,2021.07.23,visual_only_manual_p09
EFTA00095751,9,140,3501.055-123,2006.10.11,FBI report regarding interview with [redacted],,2021.07.23,visual_only_manual_p09
EFTA00095751,9,141,3501.055-124,2007.11.28,FBI report regarding investigation and victim information,,2021.07.23,visual_only_manual_p09
EFTA00095751,9,142,3501.055-125,2018.12.04,FBI report regarding [redacted] information,,2021.07.23,visual_only_manual_p09
EFTA00095751,9,143,3501.055-126,2018.12.04,FBI report regarding [redacted] information,,2021.07.23,visual_only_manual_p09
EFTA00095751,9,144,3501.055-127,2018.12.04,FBI report regarding [redacted] information,,2021.07.23,visual_only_manual_p09
EFTA00095751,9,145,3501.055-128,Various,Various MySpace pages,,2021.07.23,visual_only_manual_p09
EFTA00095751,9,146,3501.055-129,Various,Various search records regarding [redacted],,2021.07.23,visual_only_manual_p09
EFTA00095751,9,147,3501.055-130,[illegible],Handwritten notes,,2021.07.23,visual_only_manual_p09
EFTA00095751,9,148,3501.055-131,[illegible],Notes regarding MySpace information,,2021.07.23,visual_only_manual_p09
EFTA00095751,9,149,3501.055-132,2007.05.31,MySpace pages,,2021.10.11,visual_only_manual_p09
EFTA00095751,9,150,3501.055-133,2008.07.10,Letter from [redacted],N/A,2021.10.11,visual_only_manual_p09
EFTA00095751,9,151,3501.055-134,2008.09.02,Letter from [redacted],N/A,2021.10.11,visual_only_manual_p09
EFTA00095751,9,152,3501.055-135,2019.06.13,Memorandum from call with [redacted],N/A,2021.10.11,visual_only_manual_p09
EFTA00095751,9,153,3501.055-136,[illegible],Handwritten notes,N/A,2021.10.11,visual_only_manual_p09
EFTA00095751,9,154,3501.055-137,[illegible],Image of [redacted],N/A,2021.10.11,visual_only_manual_p09
EFTA00095751,9,155,3501.055-138,[illegible],Image of [redacted],N/A,2021.10.11,visual_only_manual_p09
EFTA00095751,9,156,3501.055-139,2005.11.08,Handwritten notes,N/A,2021.10.25,visual_only_manual_p09
EFTA00095751,9,157,3501.056-001,2019.07.11,Merwin DeLaCruz interview 302,N/A,2021.04.12,visual_only_manual_p09
EFTA00095751,9,158,3501.056-002,2019.07.11,Merwin DeLaCruz interview cover sheet,N/A,2021.04.12,visual_only_manual_p09
EFTA00095751,9,159,3501.056-003,2019.07.11,Merwin DeLaCruz interview notes,N/A,2021.04.12,visual_only_manual_p09
EFTA00095751,9,160,3501.057-001,[illegible],CDB Office Phone numbers,Lisa Bloom,2021.04.12,visual_only_manual_p09
EFTA00095751,9,161,3501.057-002,2020.08.10,Email with [redacted],Lisa Bloom,2021.04.12,visual_only_manual_p09
EFTA00095751,9,162,3501.058-001-023,Various,School records for [redacted],,2021.04.12,visual_only_manual_p09
EFTA00095751,9,163,3501.058-024,2005.11.15,Palm Beach Police Department interview notes on [redacted],,2021.04.12,visual_only_manual_p09
EFTA00095751,9,164,3501.058-025,2006.05.01,Probable Cause affidavit Regarding Jeffrey Epstein,,2021.04.12,visual_only_manual_p09
EFTA00095751,9,165,3501.058-026,2006.07.13,Palm Beach Police Department Incident Report,,2021.04.12,visual_only_manual_p09
EFTA00095751,9,166,3501.058-027,2006.07.27,Florida D.A.V.I.D. individual summary page regarding [redacted],,2021.04.12,visual_only_manual_p09
EFTA00095751,9,167,3501.058-028,2006.08.04,Letter from [redacted] to [redacted],,2021.04.12,visual_only_manual_p09
EFTA00095751,9,168,3501.058-029,2006.08.08,FBI Memorandum to document victim information,,2021.04.12,visual_only_manual_p09
EFTA00095751,9,169,3501.058-030,2006.08.16,[redacted] assignment history,,2021.04.12,visual_only_manual_p09
EFTA00095751,9,170,3501.058-031,2006.08.18,[redacted] interview 302,,2021.04.12,visual_only_manual_p09
EFTA00095751,9,171,3501.058-032,2006.08.22,[redacted] interview 302,,2021.04.12,visual_only_manual_p09
EFTA00095751,9,172,3501.058-033,2006.08.26,Palm Beach Police Department Evidence/Property Tracking Report,,2021.04.12,visual_only_manual_p09
EFTA00095751,9,173,3501.058-034,2006.08.28,FBI letter to [redacted],,2021.04.12,visual_only_manual_p09
EFTA00095751,9,174,3501.058-035,2006.08.28,Palm Beach Police Department Property Receipt,,2021.04.12,visual_only_manual_p09
EFTA00095751,9,175,3501.058-036,2007.02.27,Testimony of [redacted],,2021.04.12,visual_only_manual_p09
EFTA00095751,9,176,3501.058-037,2007.06.11,FBI detailed analysis pertaining to investigation,,2021.04.12,visual_only_manual_p09
EFTA00095751,9,177,3501.058-038,2007.06.11,Record search for [redacted],,2021.04.12,visual_only_manual_p09
EFTA00095751,9,178,3501.058-039,2007.06.11,National Comprehensive Report for [redacted],,2021.04.12,visual_only_manual_p09
EFTA00095751,9,179,3501.058-040,2007.07.20,Florida D.A.V.I.D. photo line-up for [redacted],,2021.04.12,visual_only_manual_p09
EFTA00095751,9,180,3501.058-041,2007.11.28,FBI detailed analysis pertaining to investigation,,2021.04.12,visual_only_manual_p09
EFTA00095751,9,181,3501.058-042,[illegible],Letter to Alexander Acosta,,2021.04.12,visual_only_manual_p09
EFTA00095751,9,182,3501.058-043,2008.03.24,Victim list,,2021.04.12,visual_only_manual_p09
EFTA00095751,9,183,3501.058-044,2008.04.29 & 2008.03.18,Testimony of [redacted],,2021.04.12,visual_only_manual_p09
EFTA00095751,9,184,3501.058-045,2008.07.03,Victim list,,2021.04.12,visual_only_manual_p09
EFTA00095751,9,185,3501.058-046,2008.12.04,FBI memorandum to document interview of [redacted],,2021.04.12,visual_only_manual_p09
EFTA00095751,9,186,3501.058-047,2008.12.04,Child victim information: [redacted],,2021.04.12,visual_only_manual_p09
EFTA00095751,9,187,3501.058-048,2008.12.04,[redacted] identifying information,,2021.04.12,visual_only_manual_p09
EFTA00095751,9,188,3501.058-049,2019.07.12,[redacted] interview 302,,2021.04.12,visual_only_manual_p09
EFTA00095751,9,189,3501.058-050,2019.07.12,[redacted] interview notes,,2021.04.12,visual_only_manual_p09
EFTA00095751,9,190,3501.058-051,[illegible],[redacted] interview notes,,2021.04.12,visual_only_manual_p09
EFTA00095751,9,191,3501.058-052,[illegible],List and photographs of Jane Does 1-19,,2021.04.12,visual_only_manual_p09
EFTA00095751,9,192,3501.058-053,Various,Biographical file on [redacted],,2021.04.12,visual_only_manual_p09
EFTA00095751,9,193,3501.058-054,[illegible],[redacted] biographical information,,2021.04.12,visual_only_manual_p09
EFTA00095751,9,194,3501.058-055,[illegible],Photos of victims,,2021.04.12,visual_only_manual_p09
EFTA00095751,9,195,3501.058-056,2005.11.15,"Audio file (full tape recording, side A)",,2021.07.23,visual_only_manual_p09
EFTA00095751,9,196,3501.058-057,2005.11.15,Audio file (clip of tape recording),,2021.07.23,visual_only_manual_p09
EFTA00095751,9,197,3501.058-058,2005.11.15,Audio file (side B of tape recording),,2021.07.23,visual_only_manual_p09
EFTA00095751,9,198,3501.058-059,2005.11.10,Florida D.A.V.I.D. individual summary page regarding [redacted],,2021.07.23,visual_only_manual_p09
EFTA00095751,9,199,3501.058-060,2005.11.13,National Comprehensive Report for [redacted],,2021.07.23,visual_only_manual_p09
EFTA00095751,9,200,3501.058-061,2006.02.09,MySpace pages,,2021.07.23,visual_only_manual_p09
EFTA00095751,9,201,3501.058-062,2006.05.01,PBPD probable cause affidavit regarding [redacted],,2021.07.23,visual_only_manual_p09
EFTA00095751,9,202,3501.058-063,2006.05.01,PBPD probable cause affidavit regarding [redacted],,2021.07.23,visual_only_manual_p09
EFTA00095751,9,203,3501.058-064,2006.08.22,FBI report regarding interview with [redacted],,2021.07.23,visual_only_manual_p09
EFTA00095751,9,204,3501.058-065,2007.11.28,FBI report regarding investigation and victim information,,2021.07.23,visual_only_manual_p09
EFTA00095751,9,205,3501.058-066,2012.12.04,FBI report regarding [redacted] information,,2021.07.23,visual_only_manual_p09
EFTA00095751,9,206,3501.058-067,Various,Various search records regarding [redacted],,2021.07.23,visual_only_manual_p09
EFTA00095751,9,207,3501.058-068,[illegible],Handwritten notes,,2021.07.23,visual_only_manual_p09
EFTA00095751,9,208,3501.058-069,2007.05.31,MySpace pages,,2021.10.11,visual_only_manual_p09
EFTA00095751,9,209,3501.058-070,2008.07.10,Letter from [redacted],,2021.10.11,visual_only_manual_p09
EFTA00095751,10,210,3501.058-071,2008.09.02,Letter from [redacted],N/A,2021.10.11,visual_only_manual_p10
EFTA00095751,10,211,3501.058-072,2008.12.08,Letter from [redacted],N/A,2021.10.11,visual_only_manual_p10
EFTA00095751,10,212,3501.058-073,2019.06.13,Memorandum from call with [redacted],N/A,2021.10.11,visual_only_manual_p10
EFTA00095751,10,213,3501.058-074,[illegible],Image of [redacted],N/A,2021.10.11,visual_only_manual_p10
EFTA00095751,10,214,3501.059-001,2009.11.16,Email from Eva Dubin to Carmen Sloane,Tatiana Martins,2021.04.12,visual_only_manual_p10
EFTA00095751,10,215,3501.059-002,2021.01.19,Note to file,Tatiana Martins,2021.04.12,visual_only_manual_p10
EFTA00095751,10,216,3501.059-003,2021.01.21,Note to file,Tatiana Martins,2021.04.12,visual_only_manual_p10
EFTA00095751,10,217,3501.059-004,2021.01.22,Introductory conversation with Eva Dubin and her counsel,Tatiana Martins,2021.04.12,visual_only_manual_p10
EFTA00095751,10,218,3501.059-005,2021.01.22,Note to file,Tatiana Martins,2021.04.12,visual_only_manual_p10
EFTA00095751,10,219,3501.060-001,2006.01.01,[redacted] biographical information 302,,2021.04.12,visual_only_manual_p10
EFTA00095751,10,220,3501.060-002,2006.07.31,Palm Beach Police Department material witness statement,,2021.04.12,visual_only_manual_p10
EFTA00095751,10,221,3501.060-003,2006.08.08,FBI memorandum regarding documenting victim information,,2021.04.12,visual_only_manual_p10
EFTA00095751,10,222,3501.060-004,2006.08.08,[redacted] victim information 302,,2021.04.12,visual_only_manual_p10
EFTA00095751,10,223,3501.060-005,2006.08.11,Letter from [redacted] to [redacted],,2021.04.12,visual_only_manual_p10
EFTA00095751,10,224,3501.060-006,2006.08.16,[redacted] assignment history,,2021.04.12,visual_only_manual_p10
EFTA00095751,10,225,3501.060-007,2007.11.28,[redacted] interview 302,,2021.04.12,visual_only_manual_p10
EFTA00095751,10,226,3501.060-008,2007.11.28,[redacted] interview notes,,2021.04.12,visual_only_manual_p10
EFTA00095751,10,227,3501.060-009,2007.11.29,[redacted] interview notes,,2021.04.12,visual_only_manual_p10
EFTA00095751,10,228,3501.060-010,2019.07.09,[redacted] interview 302,,2021.04.12,visual_only_manual_p10
EFTA00095751,10,229,3501.060-011,2019.07.12,[redacted] interview 302,,2021.04.12,visual_only_manual_p10
EFTA00095751,10,230,3501.060-012,2019.07.12,[redacted] interview notes,,2021.04.12,visual_only_manual_p10
EFTA00095751,10,231,3501.060-013,[illegible],[redacted] birth certificate,,2021.04.12,visual_only_manual_p10
EFTA00095751,10,232,3501.060-014,Various,[redacted] biographical file,,2021.04.12,visual_only_manual_p10
EFTA00095751,10,233,3501.060-015,2007.11.29,FBI report regarding interview with [redacted],,2021.07.23,visual_only_manual_p10
EFTA00095751,10,234,3501.060-016,2019.07.09,[redacted] contact 302,,2021.07.23,visual_only_manual_p10
EFTA00095751,10,235,3501.060-017,2020.02.10,Text messages with agent,,2021.10.11,visual_only_manual_p10
EFTA00095751,10,236,3501.060-018,2019.07.12,Text messages with agent,,2021.10.11,visual_only_manual_p10
EFTA00095751,10,237,3501.060-019,[illegible],Handwritten notes,N/A,2021.10.11,visual_only_manual_p10
EFTA00095751,10,238,3501.061-001,2007.06.20,Florida D.A.V.I.D. individual summary page regarding [redacted],N/A,2021.04.12,visual_only_manual_p10
EFTA00095751,10,239,3501.062-001,2009.09.21,Deposition of Mark Epstein,N/A,2021.04.12,visual_only_manual_p10
EFTA00095751,10,240,3501.063-001,2020.10.27,Notes from call with [redacted],[redacted],2021.04.12,visual_only_manual_p10
EFTA00095751,10,241,3501.063-002,2020.10.28,[redacted] interview 302,[redacted],2021.04.12,visual_only_manual_p10
EFTA00095751,10,242,3501.063-003,2020.10.28,[redacted] interview notes,[redacted],2021.04.12,visual_only_manual_p10
EFTA00095751,10,243,3501.064-001-056,Various,School records for [redacted],,2021.04.12,visual_only_manual_p10
EFTA00095751,10,244,3501.064-057,2004.12.23,[redacted] Western Union record,,2021.04.12,visual_only_manual_p10
EFTA00095751,10,245,3501.064-058,2006.07.13,Palm Beach Police Department Incident Report,,2021.04.12,visual_only_manual_p10
EFTA00095751,10,246,3501.064-059,2006.08.02,Records search for [redacted],,2021.04.12,visual_only_manual_p10
EFTA00095751,10,247,3501.064-060,2006.08.08,FBI Memorandum to document victim information,,2021.04.12,visual_only_manual_p10
EFTA00095751,10,248,3501.064-061,2006.08.11,Letter from [redacted] to [redacted],,2021.04.12,visual_only_manual_p10
EFTA00095751,10,249,3501.064-062,2006.08.26,Palm Beach Police Department Evidence/Property Tracking Report,,2021.04.12,visual_only_manual_p10
EFTA00095751,10,250,3501.064-063,2006.08.28,Palm Beach Police Department Property Receipt,,2021.04.12,visual_only_manual_p10
EFTA00095751,10,251,3501.064-064,2006.09.29,Grand Jury transcripts,,2021.04.12,visual_only_manual_p10
EFTA00095751,10,252,3501.064-065,2007.02.01,Letter from Gerald Lefcourt to [redacted],,2021.04.12,visual_only_manual_p10
EFTA00095751,10,253,3501.064-066,2007.02.27,Testimony of [redacted],,2021.04.12,visual_only_manual_p10
EFTA00095751,10,254,3501.064-067,2007.04.25,[redacted] interview 302,,2021.04.12,visual_only_manual_p10
EFTA00095751,10,255,3501.064-068,2007.04.26,[redacted] interview notes,,2021.04.12,visual_only_manual_p10
EFTA00095751,10,256,3501.064-069,2007.04.26,[redacted] interview and FBI Florida materials,,2021.04.12,visual_only_manual_p10
EFTA00095751,10,257,3501.064-070,2007.04.30,FBI memorandum regarding victim assistance program,,2021.04.12,visual_only_manual_p10
EFTA00095751,10,258,3501.064-071,2007.04.30,FBI letter to [redacted],,2021.04.12,visual_only_manual_p10
EFTA00095751,10,259,3501.064-072,2007.04.30,[redacted] interview 302,,2021.04.12,visual_only_manual_p10
EFTA00095751,10,260,3501.064-073,2007.04.30,FBI property receipt received from [redacted],,2021.04.12,visual_only_manual_p10
EFTA00095751,10,261,3501.064-074,2007.05.08,Testimony of [redacted],,2021.04.12,visual_only_manual_p10
EFTA00095751,10,262,3501.064-075,2007.05.21,FBI memorandum of [redacted] interview,,2021.04.12,visual_only_manual_p10
EFTA00095751,10,263,3501.064-076,2007.05.21,[redacted] interview 302,,2021.04.12,visual_only_manual_p10
EFTA00095751,10,264,3501.064-077,2007.05.21,Testimony of [redacted],,2021.04.12,visual_only_manual_p10
EFTA00095751,10,265,3501.064-078,2007.06.11,FBI detailed analysis pertaining to investigation,,2021.04.12,visual_only_manual_p10
EFTA00095751,10,266,3501.064-079,2007.06.12,Records search for [redacted],,2021.04.12,visual_only_manual_p10
EFTA00095751,10,267,3501.064-080,2007.06.12,Florida D.A.V.I.D. motor vehicle status for [redacted],,2021.04.12,visual_only_manual_p10
EFTA00095751,10,268,3501.064-081,2007.06.12,Florida D.A.V.I.D. information for [redacted],,2021.04.12,visual_only_manual_p10
EFTA00095751,10,269,3501.064-082,2007.06.12,National comprehensive report for [redacted],,2021.04.12,visual_only_manual_p10
EFTA00095751,10,270,3501.064-083,2007.07.20,Florida D.A.V.I.D. individual summary page for [redacted],,2021.04.12,visual_only_manual_p10
EFTA00095751,10,271,3501.064-084,2007.07.20,Florida D.A.V.I.D. photo line-up,,2021.04.12,visual_only_manual_p10
EFTA00095751,10,272,3501.064-085,2007.11.28,FBI detailed analysis pertaining to investigation,,2021.04.12,visual_only_manual_p10
EFTA00095751,10,273,3501.064-086,2007.11.11,Letter to Alexander Acosta,,2021.04.12,visual_only_manual_p10
EFTA00095751,10,274,3501.064-087,2008.01.31,[redacted] interview 302,,2021.04.12,visual_only_manual_p10
EFTA00095751,10,275,3501.064-088,2008.02.08,FBI memorandum documenting meeting with [redacted],,2021.04.12,visual_only_manual_p10
EFTA00095751,10,276,3501.064-089,2008.02.08,FBI document detailing meeting with [redacted],,2021.04.12,visual_only_manual_p10
EFTA00095751,10,277,3501.064-090,2008.02.08,[redacted] interview 302,,2021.04.12,visual_only_manual_p10
EFTA00095751,11,278,3501.064-091,2008.02.11,[redacted] interview notes,,2021.04.12,visual_only_manual_p11
EFTA00095751,11,279,3501.064-092,2008.03.24,Victim list,,2021.04.12,visual_only_manual_p11
EFTA00095751,11,280,3501.064-093,2008.04.29 & 2008.03.18,Testimony of [redacted],,2021.04.12,visual_only_manual_p11
EFTA00095751,11,281,3501.064-094,2008.07.03,Victim list,,2021.04.12,visual_only_manual_p11
EFTA00095751,11,282,3501.064-095,2008.07.21,Letter from [redacted] to [redacted],,2021.04.12,visual_only_manual_p11
EFTA00095751,11,283,3501.064-096,2008.12.14,FBI memorandum documenting interview of [redacted],,2021.04.12,visual_only_manual_p11
EFTA00095751,11,284,3501.064-097,2019.03.20,[redacted] interview 302,,2021.04.12,visual_only_manual_p11
EFTA00095751,11,285,3501.064-098,2019.03.20,[redacted] interview notes,,2021.04.12,visual_only_manual_p11
EFTA00095751,11,286,3501.064-099,[illegible],[redacted] interview notes,,2021.04.12,visual_only_manual_p11
EFTA00095751,11,287,3501.064-100,[illegible],[redacted] biographical information,,2021.04.12,visual_only_manual_p11
EFTA00095751,11,288,3501.064-101,[illegible],List and photographs of Jane Does 1-19,,2021.04.12,visual_only_manual_p11
EFTA00095751,11,289,3501.064-102,Various,Biographical file for [redacted],,2021.04.12,visual_only_manual_p11
EFTA00095751,11,290,3501.064-103,[illegible],[redacted] interview notes,,2021.04.12,visual_only_manual_p11
EFTA00095751,11,291,3501.064-104,[illegible],Photos of victims,,2021.04.12,visual_only_manual_p11
EFTA00095751,11,292,3501.064-105,[illegible],[redacted] biographical information,,2021.04.12,visual_only_manual_p11
EFTA00095751,11,293,3501.064-106,2005.11.14,Audio file (full tape recording),,2021.07.23,visual_only_manual_p11
EFTA00095751,11,294,3501.064-107,2005.11.14,Audio file (clip of tape recording),,2021.07.23,visual_only_manual_p11
EFTA00095751,11,295,3501.064-108,2005.11.10,Florida D.A.V.I.D. individual summary page for [redacted],,2021.07.23,visual_only_manual_p11
EFTA00095751,11,296,3501.064-109,2005.11.14,Handwritten notes,,2021.07.23,visual_only_manual_p11
EFTA00095751,11,297,3501.064-110,2005.12.13,Search records for [redacted],,2021.07.23,visual_only_manual_p11
EFTA00095751,11,298,3501.064-111,2006.02.09,MySpace pages,,2021.07.23,visual_only_manual_p11
EFTA00095751,11,299,3501.064-112,2006.05.01,PBPD probable cause affidavit regarding [redacted],,2021.07.23,visual_only_manual_p11
EFTA00095751,11,300,3501.064-113,2006.05.01,PBPD probable cause affidavit regarding [redacted],,2021.07.23,visual_only_manual_p11
EFTA00095751,11,301,3501.064-114,2007.04.26,FBI report regarding interview of [redacted],,2021.07.23,visual_only_manual_p11
EFTA00095751,11,302,3501.064-115,2007.04.30,FBI report regarding letter [redacted],,2021.07.23,visual_only_manual_p11
EFTA00095751,11,303,3501.064-116,2007.05.21,FBI report regarding interview of [redacted],,2021.07.23,visual_only_manual_p11
EFTA00095751,11,304,3501.064-117,2007.11.28,FBI report regarding investigation and victim information,,2021.07.23,visual_only_manual_p11
EFTA00095751,11,305,3501.064-118,2008.01.31,FBI report regarding interview of [redacted],,2021.07.23,visual_only_manual_p11
EFTA00095751,11,306,3501.064-119,2018.12.04,FBI report regarding [redacted] information,,2021.07.23,visual_only_manual_p11
EFTA00095751,11,307,3501.064-120,2019.03.20,[redacted] interview 302,,2021.07.23,visual_only_manual_p11
EFTA00095751,11,308,3501.064-121,Various,Various search records regarding [redacted],,2021.07.23,visual_only_manual_p11
EFTA00095751,11,309,3501.064-122,[illegible],Handwritten notes,,2021.07.23,visual_only_manual_p11
EFTA00095751,11,310,3501.064-123,[illegible],Various notes and search records,,2021.07.23,visual_only_manual_p11
EFTA00095751,11,311,3501.064-124,[illegible],Audio file (tape recording side A),,2021.07.23,visual_only_manual_p11
EFTA00095751,11,312,3501.064-125,[illegible],Audio file (tape recording side B),,2021.07.23,visual_only_manual_p11
EFTA00095751,11,313,3501.064-126,[illegible],Audio file,,2021.07.23,visual_only_manual_p11
EFTA00095751,11,314,3501.064-127,2004.12.23,Money transfer record,,2021.10.11,visual_only_manual_p11
EFTA00095751,11,315,3501.064-128,2006.08.04,Letter from [redacted],,2021.10.11,visual_only_manual_p11
EFTA00095751,11,316,3501.064-129,2007.02.01,Letter from Gerald Lefcourt,,2021.10.11,visual_only_manual_p11
EFTA00095751,11,317,3501.064-130,2007.05.31,MySpace pages,,2021.10.11,visual_only_manual_p11
EFTA00095751,11,318,3501.064-131,2007.12.11,Letter from Jay Lefkowitz,,2021.10.11,visual_only_manual_p11
EFTA00095751,11,319,3501.064-132,2008.07.10,Letter from [redacted],,2021.10.11,visual_only_manual_p11
EFTA00095751,11,320,3501.064-133,2008.09.02,Letter from [redacted],,2021.10.11,visual_only_manual_p11
EFTA00095751,11,321,3501.064-134,2008.12.05,Letter from [redacted],,2021.10.11,visual_only_manual_p11
EFTA00095751,11,322,3501.064-135,2019.06.13,Memorandum from call with [redacted],,2021.10.11,visual_only_manual_p11
EFTA00095751,11,323,3501.064-136,[illegible],Handwritten notes,,2021.10.11,visual_only_manual_p11
EFTA00095751,11,324,3501.064-137,[illegible],Western Union records,N/A,2021.10.11,visual_only_manual_p11
EFTA00095751,11,325,3501.065-001,2019.07.09,[redacted] voicemail message,N/A,2021.04.12,visual_only_manual_p11
EFTA00095751,11,326,3501.065-002,[illegible],[redacted] voicemail message,N/A,2021.10.11,visual_only_manual_p11
EFTA00095751,11,327,3501.065-003,2019.07.09,[redacted] voicemail message,N/A,2021.10.25,visual_only_manual_p11
EFTA00095751,11,328,3501.066-001,2006.07.31,Palm Beach Police Department material witness statement,N/A,2021.04.12,visual_only_manual_p11
EFTA00095751,11,329,3501.067-001,2007.01.01,[redacted] biographical information 302,,2021.04.12,visual_only_manual_p11
EFTA00095751,11,330,3501.067-002,2007.02.27,Testimony of [redacted],,2021.04.12,visual_only_manual_p11
EFTA00095751,11,331,3501.067-003,2007.09.22,Rental application,,2021.04.12,visual_only_manual_p11
EFTA00095751,11,332,3501.067-004,2007.10.26,[redacted] interview notes,,2021.04.12,visual_only_manual_p11
EFTA00095751,11,333,3501.067-005,2007.10.26,[redacted] interview 302,,2021.04.12,visual_only_manual_p11
EFTA00095751,11,334,3501.067-006,2007.10.29,[redacted] interview 302,,2021.04.12,visual_only_manual_p11
EFTA00095751,11,335,3501.067-007,2008.01.10,"FBI letter to [redacted] data January 10, 2008",,2021.04.12,visual_only_manual_p11
EFTA00095751,11,336,3501.067-008,2008.01.10,[redacted] victim rights 302,,2021.04.12,visual_only_manual_p11
EFTA00095751,11,337,3501.067-009,2008.03.24,Victim list,,2021.04.12,visual_only_manual_p11
EFTA00095751,11,338,3501.067-010,2008.04.29 & 2008.03.18,Testimony of [redacted],,2021.04.12,visual_only_manual_p11
EFTA00095751,11,339,3501.067-011,2008.07.03,Victim list,,2021.04.12,visual_only_manual_p11
EFTA00095751,11,340,3501.067-012,2008.07.21,Letter from Alexander Acosta to [redacted],,2021.04.12,visual_only_manual_p11
EFTA00095751,11,341,3501.067-013,2018.12.04,[redacted] identifying information,,2021.04.12,visual_only_manual_p11
EFTA00095751,11,342,3501.067-014,2018.12.04,[redacted] identifying information,,2021.04.12,visual_only_manual_p11
EFTA00095751,11,343,3501.067-015,2018.12.04,[redacted] victim information 302,,2021.04.12,visual_only_manual_p11
EFTA00095751,11,344,3501.067-016,2019.07.09,Interview attempts 302,,2021.04.12,visual_only_manual_p11
EFTA00095751,11,345,3501.067-017,[illegible],List and photographs of Jane Does 1-19,,2021.04.12,visual_only_manual_p11
EFTA00095751,11,346,3501.067-018,Various,Biographical file on [redacted],,2021.04.12,visual_only_manual_p11
EFTA00095751,11,347,3501.067-019,[illegible],[redacted] identifying information,,2021.04.12,visual_only_manual_p11
EFTA00095751,11,348,3501.067-020,2003.02.28,NTE CAD Call Information,,2021.07.23,visual_only_manual_p11
EFTA00095751,11,349,3501.067-021,2007.10.29,FBI report regarding interview with [redacted],,2021.07.23,visual_only_manual_p11
EFTA00095751,11,350,3501.067-022,2008.01.10,FBI report regarding letters to victims,,2021.07.23,visual_only_manual_p11
EFTA00095751,11,351,3501.067-023,2018.12.04,FBI report regarding [redacted] information,,2021.07.23,visual_only_manual_p11
EFTA00095751,11,352,3501.067-024,2007.10.26,302 from interview,,2021.10.11,visual_only_manual_p11
EFTA00095751,11,353,3501.067-025,2008.07.10,Letter from [redacted],,2021.10.11,visual_only_manual_p11
EFTA00095751,11,354,3501.067-026,2008.09.02,Letter from [redacted],,2021.10.11,visual_only_manual_p11
EFTA00095751,12,355,3501.067-027,2008.12.05,Letter from [redacted],Robert [redacted],2021.10.11,visual_only_manual_p12
EFTA00095751,12,356,3501.067-028,2019.06.13,Memorandum from call with [redacted],Robert [redacted],2021.10.11,visual_only_manual_p12
EFTA00095751,12,357,3501.068-001,1996.07.11,[redacted] NYPD report,Sigrid McCawley,2021.04.12,visual_only_manual_p12
EFTA00095751,12,358,3501.068-002,1996.09.03,[redacted] FBI report,Sigrid McCawley,2021.04.12,visual_only_manual_p12
EFTA00095751,12,359,3501.068-003,2006.11.13,Law enforcement report for [redacted],Sigrid McCawley,2021.04.12,visual_only_manual_p12
EFTA00095751,12,360,3501.068-004,2006.11.14,[redacted] interview notes,Sigrid McCawley,2021.04.12,visual_only_manual_p12
EFTA00095751,12,361,3501.068-005,2006.11.14,[redacted] interview 302,Sigrid McCawley,2021.04.12,visual_only_manual_p12
EFTA00095751,12,362,3501.068-006,2006.11.14,[redacted] interview notes,Sigrid McCawley,2021.04.12,visual_only_manual_p12
EFTA00095751,12,363,3501.068-007,2007.07.30,[redacted] Declaration,Sigrid McCawley,2021.04.12,visual_only_manual_p12
EFTA00095751,12,364,3501.068-008,2019.04.12,[redacted] affidavit,Sigrid McCawley,2021.04.12,visual_only_manual_p12
EFTA00095751,12,365,3501.068-009,2019.08.17,[redacted] interview 302,Sigrid McCawley,2021.04.12,visual_only_manual_p12
EFTA00095751,12,366,3501.068-010,2019.11.12,[redacted] civil complaint,Sigrid McCawley,2021.04.12,visual_only_manual_p12
EFTA00095751,12,367,3501.068-011,1996.09.03,Complaint form,Sigrid McCawley,2021.07.23,visual_only_manual_p12
EFTA00095751,12,368,3501.068-012,2018.12.04,FBI report regarding travel to interview [redacted],Sigrid McCawley,2021.07.23,visual_only_manual_p12
EFTA00095751,12,369,3501.068-013,2019.05.20,Asset Report regarding [redacted],Sigrid McCawley,2021.07.23,visual_only_manual_p12
EFTA00095751,12,370,3501.068-014,2019.05.20,Law Enforcement Report regarding [redacted],Sigrid McCawley,2021.07.23,visual_only_manual_p12
EFTA00095751,12,371,3501.068-015,2019.05.20,Contact Card Report regarding [redacted],Sigrid McCawley,2021.07.23,visual_only_manual_p12
EFTA00095751,12,372,3501.068-016,2019.08.16,302 regarding Sigrid McCawley phone call,Sigrid McCawley,2021.07.23,visual_only_manual_p12
EFTA00095751,12,373,3501.068-017,2019.08.17,302 regarding [redacted] phone call,Sigrid McCawley,2021.07.23,visual_only_manual_p12
EFTA00095751,12,374,3501.068-018,[illegible],Screenshot of Facebook page,Sigrid McCawley,2021.07.23,visual_only_manual_p12
EFTA00095751,12,375,3501.068-019,[illegible],Screenshot of Facebook page,Sigrid McCawley,2021.07.23,visual_only_manual_p12
EFTA00095751,12,376,3501.068-020,[illegible],Screenshot of Twitter page,Sigrid McCawley,2021.07.23,visual_only_manual_p12
EFTA00095751,12,377,3501.068-021,2019.10.04,Email chain with [redacted],Sigrid McCawley,2021.10.11,visual_only_manual_p12
EFTA00095751,12,378,3501.069-001,2007.10.09,Florida D.A.V.I.D. individual summary page of [redacted],N/A,2021.04.12,visual_only_manual_p12
EFTA00095751,12,379,3501.070-001,2019.09.12,[redacted] interview 302,Gloria Allred,2021.04.12,visual_only_manual_p12
EFTA00095751,12,380,3501.070-002,2019.09.12,[redacted] interview notes,Gloria Allred,2021.04.12,visual_only_manual_p12
EFTA00095751,12,381,3501.071-001,2006.09.28,Florida D.A.V.I.D. individual summary page for [redacted],N/A,2021.04.12,visual_only_manual_p12
EFTA00095751,12,382,3501.071-002,2006.09.28,Florida D.A.V.I.D. motor vehicle status for [redacted],N/A,2021.04.12,visual_only_manual_p12
EFTA00095751,12,383,3501.072-001,2006.12.14,Florida D.A.V.I.D. individual summary page for [redacted],N/A,2021.04.12,visual_only_manual_p12
EFTA00095751,12,384,3501.073-001,2006.12.14,Florida D.A.V.I.D. individual summary page for [redacted],N/A,2021.04.12,visual_only_manual_p12
EFTA00095751,12,385,3501.074-001,2006.12.14,Florida D.A.V.I.D. individual summary page for [redacted],N/A,2021.04.12,visual_only_manual_p12
EFTA00095751,12,386,3501.075-001,2005.11.08,Palm Beach Police Department property receipt,,2021.04.12,visual_only_manual_p12
EFTA00095751,12,387,3501.075-002,2006.05.01,Probable Cause Affidavit Regarding Jeffrey Epstein,,2021.04.12,visual_only_manual_p12
EFTA00095751,12,388,3501.075-003,2006.07.13,Palm Beach Police Department Incident report,,2021.04.12,visual_only_manual_p12
EFTA00095751,12,389,3501.075-004,2006.08.08,FBI memorandum regarding victim notification,,2021.04.12,visual_only_manual_p12
EFTA00095751,12,390,3501.075-005,2006.08.11,Letter from [redacted] to [redacted],,2021.04.12,visual_only_manual_p12
EFTA00095751,12,391,3501.075-006,2006.08.16,[redacted] assignment history,,2021.04.12,visual_only_manual_p12
EFTA00095751,12,392,3501.075-007,2007.02.27,Testimony of [redacted],,2021.04.12,visual_only_manual_p12
EFTA00095751,12,393,3501.075-008,2007.05.08,Testimony of [redacted],,2021.04.12,visual_only_manual_p12
EFTA00095751,12,394,3501.075-009,2007.12.11,Letter to Alexander Acosta,,2021.04.12,visual_only_manual_p12
EFTA00095751,12,395,3501.075-010,[illegible],Notes on [redacted],,2021.04.12,visual_only_manual_p12
EFTA00095751,12,396,3501.075-011,Various,Biographical file on [redacted],,2021.04.12,visual_only_manual_p12
EFTA00095751,12,397,3501.075-012,2005.11.07,Audio file (side A of tape recording),,2021.07.23,visual_only_manual_p12
EFTA00095751,12,398,3501.075-013,2005.11.07,Audio file (side B of tape recording),,2021.07.23,visual_only_manual_p12
EFTA00095751,12,399,3501.075-014,2005.10.05,Florida D.A.V.I.D. individual summary page for [redacted],,2021.07.23,visual_only_manual_p12
EFTA00095751,12,400,3501.075-015,2005.11.02,National Comprehensive Report for [redacted],,2021.07.23,visual_only_manual_p12
EFTA00095751,12,401,3501.075-016,2006.02.09,MySpace pages,,2021.07.23,visual_only_manual_p12
EFTA00095751,12,402,3501.075-017,2006.05.01,PBPD probable cause affidavit regarding [redacted],,2021.07.23,visual_only_manual_p12
EFTA00095751,12,403,3501.075-018,2006.05.01,PBPD probable cause affidavit regarding [redacted],,2021.07.23,visual_only_manual_p12
EFTA00095751,12,404,3501.075-019,[illegible],Handwritten notes,,2021.07.23,visual_only_manual_p12
EFTA00095751,12,405,3501.075-020,2005.10.18,Palm Beach County search warrant and application,N/A,2021.10.11,visual_only_manual_p12
EFTA00095751,12,406,3501.075-021,2006.08.04,Letter from [redacted],N/A,2021.10.11,visual_only_manual_p12
EFTA00095751,12,407,3501.075-022,2007.02.01,Letter from Gerald Lefcourt,N/A,2021.10.11,visual_only_manual_p12
EFTA00095751,12,408,3501.075-023,2007.12.11,Letter from Jay Lefkowitz,N/A,2021.10.11,visual_only_manual_p12
EFTA00095751,12,409,3501.075-024,2005.11.07,Handwritten notes,N/A,2021.10.25,visual_only_manual_p12
EFTA00095751,12,410,3501.076-001,2006.05.01,Palm Beach Police Department Probable Cause Affidavit,,2021.04.12,visual_only_manual_p12
EFTA00095751,12,411,3501.076-002,2006.12.14,Florida D.A.V.I.D. individual summary page for Tony Figueroa,,2021.04.12,visual_only_manual_p12
EFTA00095751,12,412,3501.076-003,2006.12.14,Florida D.A.V.I.D. Address information for Tony Figueroa,,2021.04.12,visual_only_manual_p12
EFTA00095751,12,413,3501.076-004,2006.12.14,Florida D.A.V.I.D. individual summary page for Tony Figueroa,,2021.04.12,visual_only_manual_p12
EFTA00095751,13,414,3501.076-005,2006.12.14,Florida D.A.V.I.D. historical driver license activity for Tony Figueroa,,2021.04.12,visual_only_manual_p13
EFTA00095751,13,415,3501.076-006,2006.12.14,Florida ACCH response regarding Tony Figueroa,,2021.04.12,visual_only_manual_p13
EFTA00095751,13,416,3501.076-007,2006.12.14,Cad Call information regarding suspicious vehicle,,2021.04.12,visual_only_manual_p13
EFTA00095751,13,417,3501.076-008,2006.12.14,Palm Beach Police Department citation tracking report,,2021.04.12,visual_only_manual_p13
EFTA00095751,13,418,3501.076-009,2006.12.14,Florida D.A.V.I.D. photo line up for Tony Figueroa,,2021.04.12,visual_only_manual_p13
EFTA00095751,13,419,3501.076-010,2006.12.14,Research regarding Tony Figueroa,,2021.04.12,visual_only_manual_p13
EFTA00095751,13,420,3501.076-011,2006.12.14,Research regarding Tony Figueroa,,2021.04.12,visual_only_manual_p13
EFTA00095751,13,421,3501.076-012,2006.12.14,Cad Call information and citation tracking report,,2021.04.12,visual_only_manual_p13
EFTA00095751,13,422,3501.076-013,2007.01.08,Record search regarding Tony Figueroa,,2021.04.12,visual_only_manual_p13
EFTA00095751,13,423,3501.076-014,2007.01.08,Research regarding Tony Figueroa,,2021.04.12,visual_only_manual_p13
EFTA00095751,13,424,3501.076-015,2007.01.08,National comprehensive report regarding Tony Figueroa,,2021.04.12,visual_only_manual_p13
EFTA00095751,13,425,3501.076-016,2007.01.10,FBI memorandum regarding interview of Tony Figueroa,,2021.04.12,visual_only_manual_p13
EFTA00095751,13,426,3501.076-017,2007.01.10,Tony Figueroa interview notes,,2021.04.12,visual_only_manual_p13
EFTA00095751,13,427,3501.076-018,2007.01.10,Tony Figueroa interview 302,,2021.04.12,visual_only_manual_p13
EFTA00095751,13,428,3501.076-019,2007.05.08,Testimony of [redacted],,2021.04.12,visual_only_manual_p13
EFTA00095751,13,429,3501.076-020,2007.06.20,Florida D.A.V.I.D. driver license transaction page for Tony Figueroa,,2021.04.12,visual_only_manual_p13
EFTA00095751,13,430,3501.076-021,2008.04.29 & 2008.03.18,Testimony of [redacted],,2021.04.12,visual_only_manual_p13
EFTA00095751,13,431,3501.076-022,2008.05.15,Law enforcement report regarding Tony Figueroa,,2021.04.12,visual_only_manual_p13
EFTA00095751,13,432,3501.076-023,2011.03.12,FBI travel request to conduct interviews,,2021.04.12,visual_only_manual_p13
EFTA00095751,13,433,3501.076-024,2011.03.12,FBI request to facilitate interview,,2021.04.12,visual_only_manual_p13
EFTA00095751,13,434,3501.076-025,2016.06.14,Deposition of Tony Figueroa,,2021.04.12,visual_only_manual_p13
EFTA00095751,13,435,3501.076-026,2016.06.14,Deposition of Tony Figueroa,,2021.04.12,visual_only_manual_p13
EFTA00095751,13,436,3501.076-027,2018.12.04,Tony Figueroa identifying information,,2021.04.12,visual_only_manual_p13
EFTA00095751,13,437,3501.076-028,2020.08.03,FBI memorandum regarding attempted contact with Tony Figueroa,,2021.04.12,visual_only_manual_p13
EFTA00095751,13,438,3501.076-029,2020.08.03,Tony Figueroa interview 302,,2021.04.12,visual_only_manual_p13
EFTA00095751,13,439,3501.076-030,2020.08.19,Tony Figueroa interview notes,,2021.04.12,visual_only_manual_p13
EFTA00095751,13,440,3501.076-031,2021.01.27,Tony Figueroa interview 302,,2021.04.12,visual_only_manual_p13
EFTA00095751,13,441,3501.076-032,2021.01.27,Tony Figueroa interview notes,,2021.04.12,visual_only_manual_p13
EFTA00095751,13,442,3501.076-033,2021.01.27,Anthony Figueroa proffer agreement,,2021.04.12,visual_only_manual_p13
EFTA00095751,13,443,3501.076-034,[illegible],Anthony Figueroa biographical information,,2021.04.12,visual_only_manual_p13
EFTA00095751,13,444,3501.076-035,2007.01.10,FBI report regarding interview of Anthony Figueroa,Megan Bennett,2021.07.23,visual_only_manual_p13
EFTA00095751,13,445,3501.076-036,2018.12.04,FBI report regarding interview of Anthony Figueroa,Megan Bennett,2021.07.23,visual_only_manual_p13
EFTA00095751,13,446,3501.076-037,2021.01.27,Signed proffer agreement,Megan Bennett,2021.07.23,visual_only_manual_p13
EFTA00095751,13,447,3501.077-001,2007.10.06,Phone number search results,N/A,2021.04.12,visual_only_manual_p13
EFTA00095751,13,448,3501.078-001,[illegible],Luciano Fontanilla driver license,N/A,2021.04.12,visual_only_manual_p13
EFTA00095751,13,449,3501.079-001,2005.12.08,National comprehensive report regarding [redacted],N/A,2021.04.12,visual_only_manual_p13
EFTA00095751,13,450,3501.079-002,2005.12.08,Florida D.A.V.I.D. individual summary page regarding [redacted],N/A,2021.04.12,visual_only_manual_p13
EFTA00095751,13,451,3501.079-003,2007.10.02,[redacted] interview 302,N/A,2021.04.12,visual_only_manual_p13
EFTA00095751,13,452,3501.079-004,2007.10.04,FBI memorandum regarding [redacted],N/A,2021.04.12,visual_only_manual_p13
EFTA00095751,13,453,3501.079-005,Various,Biographical file for [redacted],N/A,2021.04.12,visual_only_manual_p13
EFTA00095751,13,454,3501.079-006,[illegible],Notes for calling numbers,N/A,2021.04.12,visual_only_manual_p13
EFTA00095751,13,455,3501.080-001,2005.11.21,Palm Beach Police Department incident report,N/A,2021.04.12,visual_only_manual_p13
EFTA00095751,13,456,3501.080-002,2006.09.01,Palm Beach Police Department incident report,N/A,2021.04.12,visual_only_manual_p13
EFTA00095751,13,457,3501.080-003,2019.08.22,Crisis intake report regarding [redacted],N/A,2021.07.23,visual_only_manual_p13
EFTA00095751,13,458,3501.081-001,2005.11.21,Palm Beach Police Department incident report,N/A,2021.04.12,visual_only_manual_p13
EFTA00095751,13,459,3501.081-002,2006.09.01,Palm Beach Police Department incident report,N/A,2021.04.12,visual_only_manual_p13
EFTA00095751,13,460,3501.082-001,2008.01.10,FBI letter to [redacted],N/A,2021.04.12,visual_only_manual_p13
EFTA00095751,13,461,3501.082-002,2008.03.24,Victim list,N/A,2021.04.12,visual_only_manual_p13
EFTA00095751,13,462,3501.082-003,2008.07.03,Victim list,N/A,2021.04.12,visual_only_manual_p13
EFTA00095751,13,463,3501.082-004,2008.12.19,Letter from [redacted] to [redacted],N/A,2021.04.12,visual_only_manual_p13
EFTA00095751,13,464,3501.082-005,2008.06.25,[redacted] interview 302,N/A,2021.04.12,visual_only_manual_p13
EFTA00095751,13,465,3501.082-006,Various,Biographical file for [redacted],N/A,2021.04.12,visual_only_manual_p13
EFTA00095751,13,466,3501.082-007,[illegible],Notes on [redacted],N/A,2021.04.12,visual_only_manual_p13
EFTA00095751,13,467,3501.082-008,[illegible],Notes on [redacted],N/A,2021.04.12,visual_only_manual_p13
EFTA00095751,13,468,3501.082-009,2008.01.10,FBI report regarding letters to victims,N/A,2021.07.23,visual_only_manual_p13
EFTA00095751,13,469,3501.082-010,2007.10.31,Email regarding [redacted],N/A,2021.10.11,visual_only_manual_p13
EFTA00095751,13,470,3501.082-011,2008.07.10,Letter from [redacted],N/A,2021.10.11,visual_only_manual_p13
EFTA00095751,13,471,3501.082-012,2008.09.02,Letter from [redacted],N/A,2021.10.11,visual_only_manual_p13
EFTA00095751,13,472,3501.082-013,2019.06.13,Memorandum from call with [redacted],N/A,2021.10.11,visual_only_manual_p13
EFTA00095751,13,473,3501.083-001,2019.08.27,Martin Gannon interview 302,,2021.04.12,visual_only_manual_p13
EFTA00095751,13,474,3501.083-002,2019.08.27,Martin Gannon interview cover sheet,,2021.04.12,visual_only_manual_p13
EFTA00095751,13,475,3501.083-003,2019.08.27,Martin Gannon interview notes,,2021.04.12,visual_only_manual_p13
EFTA00095751,14,476,3501.083-004,2019.07.12,Email from [redacted],N/A,2021.04.12,visual_only_manual_p14
EFTA00095751,14,477,3501.083-005,2019.08.27,Notes on Gannon family members,N/A,2021.04.12,visual_only_manual_p14
EFTA00095751,14,478,3501.083-006,2019.08.27,Martin Gannon eJustice workup,N/A,2021.04.12,visual_only_manual_p14
EFTA00095751,14,479,3501.083-007,2019.09.04,FBI memorandum documenting inquiries pertaining to Martin Gannon,N/A,2021.04.12,visual_only_manual_p14
EFTA00095751,14,480,3501.083-008,2019.09.04,Cranston Police Department incident report,N/A,2021.04.12,visual_only_manual_p14
EFTA00095751,14,481,3501.083-009,2019.09.04,FBI report,N/A,2021.10.11,visual_only_manual_p14
EFTA00095751,14,482,3501.083-010,2019.08.28,Fax regarding Martin Gannon,N/A,2021.10.11,visual_only_manual_p14
EFTA00095751,14,483,3501.083-011,2019.09.03,Martin Gannon eJustice records,N/A,2021.10.11,visual_only_manual_p14
EFTA00095751,14,484,3501.084-001,2007.10.19,Law enforcement report regarding Andres Garcia,N/A,2021.04.12,visual_only_manual_p14
EFTA00095751,14,485,3501.085-001,2006.12.06,Person search of Igor Zinoviev,N/A,2021.04.12,visual_only_manual_p14
EFTA00095751,14,486,3501.085-002,2006.12.06,Law enforcement report regarding Igor Zinoviev,N/A,2021.04.12,visual_only_manual_p14
EFTA00095751,14,487,3501.085-003,[illegible],Igor Zinoviev driver license,N/A,2021.04.12,visual_only_manual_p14
EFTA00095751,14,488,3501.086-001,2007.04.24,CAD call information,N/A,2021.04.12,visual_only_manual_p14
EFTA00095751,14,489,3501.087-001,2020.07.27,[redacted] interview 302,N/A,2021.04.12,visual_only_manual_p14
EFTA00095751,14,490,3501.087-002,2020.07.27,[redacted] interview cover sheet,N/A,2021.04.12,visual_only_manual_p14
EFTA00095751,14,491,3501.087-003,2020.07.27,Maricopa Police Department report,N/A,2021.04.12,visual_only_manual_p14
EFTA00095751,14,492,3501.088-001,2008.04.23,Law enforcement report for [redacted],N/A,2021.04.12,visual_only_manual_p14
EFTA00095751,14,493,3501.089-001,2019.07.06,[redacted] interview 302,N/A,2021.04.12,visual_only_manual_p14
EFTA00095751,14,494,3501.090-001,2006.07.13,Palm Beach Police Department Incident Report,N/A,2021.04.12,visual_only_manual_p14
EFTA00095751,14,495,3501.090-002,2006.08.28,FBI letter to [redacted],N/A,2021.04.12,visual_only_manual_p14
EFTA00095751,14,496,3501.090-003,2006.07.24,Letter to Mr. and Mrs. [redacted] from PBPD,N/A,2021.07.23,visual_only_manual_p14
EFTA00095751,14,497,3501.090-004,2006.08.25,FBI report documenting letter to [redacted],N/A,2021.07.23,visual_only_manual_p14
EFTA00095751,14,498,3501.090-005,2006.12.20,Memorandum regarding impeachment material,N/A,2021.07.23,visual_only_manual_p14
EFTA00095751,14,499,3501.090-006,2006.03.31,Police report,N/A,2021.10.11,visual_only_manual_p14
EFTA00095751,14,500,3501.090-007,2006.04.04,Palm Beach County Sheriff's Office booking,N/A,2021.10.11,visual_only_manual_p14
EFTA00095751,14,501,3501.090-008,2006.04.05,Police report,N/A,2021.10.11,visual_only_manual_p14
EFTA00095751,14,502,3501.090-009,2007.02.01,Letter from Gerald Lefcourt,N/A,2021.10.11,visual_only_manual_p14
EFTA00095751,14,503,3501.090-010,2007.12.11,Letter from Jay Lefkowitz,N/A,2021.10.11,visual_only_manual_p14
EFTA00095751,14,504,3501.091-001,2006.04.26,Palm Beach Police Department property receipt,N/A,2021.04.12,visual_only_manual_p14
EFTA00095751,14,505,3501.091-002,2006.07.13,Palm Beach Police Department Incident Report,N/A,2021.04.12,visual_only_manual_p14
EFTA00095751,14,506,3501.091-003,2006.08.26,Palm Beach Police Department property receipt,N/A,2021.04.12,visual_only_manual_p14
EFTA00095751,14,507,3501.091-004,2006.09.27,Fax to [redacted],N/A,2021.04.12,visual_only_manual_p14
EFTA00095751,14,508,3501.091-005,2005.03.14,Audio file (full tape recording side A),N/A,2021.07.23,visual_only_manual_p14
EFTA00095751,14,509,3501.091-006,2005.03.14,Audio file (clip of tape recording),N/A,2021.07.23,visual_only_manual_p14
EFTA00095751,14,510,3501.091-007,2005.03.14,Audio file (side B of tape recording),N/A,2021.07.23,visual_only_manual_p14
EFTA00095751,14,511,3501.091-008,2006.04.17,Audio file,N/A,2021.07.23,visual_only_manual_p14
EFTA00095751,14,512,3501.091-009,2006.07.24,Letter to Mr. and Mrs. [redacted] from PBPD,N/A,2021.07.23,visual_only_manual_p14
EFTA00095751,14,513,3501.091-010,2006.12.20,Memorandum regarding impeachment material,N/A,2021.07.23,visual_only_manual_p14
EFTA00095751,14,514,3501.091-011,[illegible],Handwritten notes,N/A,2021.07.23,visual_only_manual_p14
EFTA00095751,14,515,3501.091-012,2006.04.04,Palm Beach County Sheriff's Office search result,N/A,2021.10.11,visual_only_manual_p14
EFTA00095751,14,516,3501.091-013,2007.02.01,Letter from Gerald Lefcourt,N/A,2021.10.11,visual_only_manual_p14
EFTA00095751,14,517,3501.091-014,2007.12.11,Letter from Jay Lefkowitz,N/A,2021.10.11,visual_only_manual_p14
EFTA00095751,14,518,3501.092-001,2005.02.05,Notes on [redacted],,2021.04.12,visual_only_manual_p14
EFTA00095751,14,519,3501.092-002,2005.03.15,Photo array,,2021.04.12,visual_only_manual_p14
EFTA00095751,14,520,3501.092-003,2005.11.24,Cherokee County Sheriff's Office report,,2021.04.12,visual_only_manual_p14
EFTA00095751,14,521,3501.092-004,2006.01.26,Palm Beach Police Department property receipt,,2021.04.12,visual_only_manual_p14
EFTA00095751,14,522,3501.092-005,2006.04.04,Palm Beach County Sheriff's Offense Report,,2021.04.12,visual_only_manual_p14
EFTA00095751,14,523,3501.092-006,2006.05.01,Probable Cause Affidavit Regarding Jeffrey Epstein,,2021.04.12,visual_only_manual_p14
EFTA00095751,14,524,3501.092-007,2006.07.13,Palm Beach Police Department Incident Report,,2021.04.12,visual_only_manual_p14
EFTA00095751,14,525,3501.092-008,2006.07.19,Notes on [redacted] Grand Jury test,,2021.04.12,visual_only_manual_p14
EFTA00095751,14,526,3501.092-009,2006.07.19,Transcript of [redacted] testimony,,2021.04.12,visual_only_manual_p14
EFTA00095751,14,527,3501.092-010,2006.07.25,Victim identification form regarding [redacted],,2021.04.12,visual_only_manual_p14
EFTA00095751,14,528,3501.092-011,2006.07.26,Palm Beach Police Department property receipt,,2021.04.12,visual_only_manual_p14
EFTA00095751,14,529,3501.092-012,2006.07.27,Florida D.A.V.I.D. individual summary page for [redacted],,2021.04.12,visual_only_manual_p14
EFTA00095751,14,530,3501.092-013,2006.08.04,Letter from [redacted] to [redacted],,2021.04.12,visual_only_manual_p14
EFTA00095751,14,531,3501.092-014,2006.08.08,Victim notification form regarding [redacted],,2021.04.12,visual_only_manual_p14
EFTA00095751,14,532,3501.092-015,2006.08.16,[redacted] assignment history,,2021.04.12,visual_only_manual_p14
EFTA00095751,14,533,3501.092-016,2006.08.26,Palm Beach Police Department Evidence/Property Tracking Report,,2021.04.12,visual_only_manual_p14
EFTA00095751,14,534,3501.092-017,2006.08.26,Palm Beach Police Department property receipt,,2021.04.12,visual_only_manual_p14
EFTA00095751,14,535,3501.092-018,2006.08.28,FBI memorandum regarding victim assistance program,,2021.04.12,visual_only_manual_p14
EFTA00095751,14,536,3501.092-019,2006.09.29,Grand Jury transcripts,,2021.04.12,visual_only_manual_p14
EFTA00095751,15,537,3501.092-020,2007.01.24,Letter from Gerald Lefcourt to [redacted] and [redacted],,2021.04.12,visual_only_manual_p15
EFTA00095751,15,538,3501.092-021,2007.02.01,Letter from Gerald Lefcourt to [redacted] and [redacted],,2021.04.12,visual_only_manual_p15
EFTA00095751,15,539,3501.092-022,2007.02.26,[redacted] interview 302,,2021.04.12,visual_only_manual_p15
EFTA00095751,15,540,3501.092-023,2007.02.26,Photographs shown to [redacted],,2021.04.12,visual_only_manual_p15
EFTA00095751,15,541,3501.092-024,2007.02.27,[redacted] interview notes,,2021.04.12,visual_only_manual_p15
EFTA00095751,15,542,3501.092-025,2007.02.27,Testimony of [redacted],,2021.04.12,visual_only_manual_p15
EFTA00095751,15,543,3501.092-026,2007.03.20,Testimony of [redacted],,2021.04.12,visual_only_manual_p15
EFTA00095751,15,544,3501.092-027,2007.05.08,Testimony of [redacted],,2021.04.12,visual_only_manual_p15
EFTA00095751,15,545,3501.092-028,2007.06.08,Record request regarding [redacted],,2021.04.12,visual_only_manual_p15
EFTA00095751,15,546,3501.092-029,2007.06.11,FBI detailed analysis pertaining to investigation,,2021.04.12,visual_only_manual_p15
EFTA00095751,15,547,3501.092-030,2007.06.12,Record search regarding [redacted],,2021.04.12,visual_only_manual_p15
EFTA00095751,15,548,3501.092-031,2007.06.12,National Comprehensive Report for [redacted],,2021.04.12,visual_only_manual_p15
EFTA00095751,15,549,3501.092-032,2007.07.20,Florida D.A.V.I.D. individual summary page regarding [redacted],,2021.04.12,visual_only_manual_p15
EFTA00095751,15,550,3501.092-033,2007.11.28,FBI detailed analysis pertaining to investigation,,2021.04.12,visual_only_manual_p15
EFTA00095751,15,551,3501.092-034,2007.12.11,Letter to Alexander Acosta,,2021.04.12,visual_only_manual_p15
EFTA00095751,15,552,3501.092-035,2008.01.25,[redacted] MySpace photos,,2021.04.12,visual_only_manual_p15
EFTA00095751,15,553,3501.092-036,2008.02.01,[redacted] MySpace photos,,2021.04.12,visual_only_manual_p15
EFTA00095751,15,554,3501.092-037,2008.02.13,[redacted] MySpace photos,,2021.04.12,visual_only_manual_p15
EFTA00095751,15,555,3501.092-038,2008.02.20,Deposition of [redacted],,2021.04.12,visual_only_manual_p15
EFTA00095751,15,556,3501.092-039,2008.03.24,Victim list,,2021.04.12,visual_only_manual_p15
EFTA00095751,15,557,3501.092-040,2008.07.03,Victim list,,2021.04.12,visual_only_manual_p15
EFTA00095751,15,558,3501.092-041,2008.07.10,Letter to Theodore Leopold,,2021.04.12,visual_only_manual_p15
EFTA00095751,15,559,3501.092-042,2008.10.14,Palm Beach County Sheriff's Office victim notification confirmation,,2021.04.12,visual_only_manual_p15
EFTA00095751,15,560,3501.092-043,2008.10.14,Witness letter regarding Jeffrey Epstein,,2021.04.12,visual_only_manual_p15
EFTA00095751,15,561,3501.092-044,2008.10.14,"Pro Tech Monitoring, Inc. offender details report regarding Jeffrey Epstein",,2021.04.12,visual_only_manual_p15
EFTA00095751,15,562,3501.092-045,2008.10.14,"Pro Tech Monitoring, Inc. offender details report regarding Jeffrey Epstein",,2021.04.12,visual_only_manual_p15
EFTA00095751,15,563,3501.092-046,[illegible],[redacted] birth certificate,,2021.04.12,visual_only_manual_p15
EFTA00095751,15,564,3501.092-047,[illegible],[redacted] guardian information,,2021.04.12,visual_only_manual_p15
EFTA00095751,15,565,3501.092-048,[illegible],[redacted] MySpace image,,2021.04.12,visual_only_manual_p15
EFTA00095751,15,566,3501.092-049,[illegible],[redacted] MySpace blog,,2021.04.12,visual_only_manual_p15
EFTA00095751,15,567,3501.092-050,[illegible],[redacted] MySpace conversations,,2021.04.12,visual_only_manual_p15
EFTA00095751,15,568,3501.092-051,[illegible],[redacted] MySpace conversations,,2021.04.12,visual_only_manual_p15
EFTA00095751,15,569,3501.092-052,Various,Biographical file on [redacted],,2021.04.12,visual_only_manual_p15
EFTA00095751,15,570,3501.092-053,[illegible],[redacted] MySpace profile,,2021.04.12,visual_only_manual_p15
EFTA00095751,15,571,3501.092-054,[illegible],[redacted] MySpace profile information,,2021.04.12,visual_only_manual_p15
EFTA00095751,15,572,3501.092-055,[illegible],[redacted] MySpace profile,,2021.04.12,visual_only_manual_p15
EFTA00095751,15,573,3501.092-056,[illegible],[redacted] MySpace profile,,2021.04.12,visual_only_manual_p15
EFTA00095751,15,574,3501.092-057,[illegible],Photograph of [redacted],,2021.04.12,visual_only_manual_p15
EFTA00095751,15,575,3501.092-058,[illegible],Photograph of [redacted],,2021.04.12,visual_only_manual_p15
EFTA00095751,15,576,3501.092-059,[illegible],[redacted] MySpace photograph,,2021.04.12,visual_only_manual_p15
EFTA00095751,15,577,3501.092-060,[illegible],[redacted] MySpace page,,2021.04.12,visual_only_manual_p15
EFTA00095751,15,578,3501.092-061,[illegible],[redacted] MySpace page,,2021.04.12,visual_only_manual_p15
EFTA00095751,15,579,3501.092-062,[illegible],Photos of victims,,2021.04.12,visual_only_manual_p15
EFTA00095751,15,580,3501.092-063,[illegible],[redacted] MySpace photographs,,2021.04.12,visual_only_manual_p15
EFTA00095751,15,581,3501.092-064,[illegible],United States v. [redacted] indictment,,2021.04.12,visual_only_manual_p15
EFTA00095751,15,582,3501.092-065,2005.03.15,"Audio file (full tape recording, side A)",,2021.07.23,visual_only_manual_p15
EFTA00095751,15,583,3501.092-066,2005.03.15,Audio file (clip of tape recording),,2021.07.23,visual_only_manual_p15
EFTA00095751,15,584,3501.092-067,2005.03.15,"Audio file (full tape recording, side B)",,2021.07.23,visual_only_manual_p15
EFTA00095751,15,585,3501.092-068,2005.03.15,"Audio file (full tape recording, side A)",,2021.07.23,visual_only_manual_p15
EFTA00095751,15,586,3501.092-069,2005.03.15,Audio file (clip of tape recording),,2021.07.23,visual_only_manual_p15
EFTA00095751,15,587,3501.092-070,2005.03.15,"Audio file (full tape recording, side B)",,2021.07.23,visual_only_manual_p15
EFTA00095751,15,588,3501.092-071,2005.03.18,"Audio file (full tape recording, side A)",,2021.07.23,visual_only_manual_p15
EFTA00095751,15,589,3501.092-072,2005.03.18,Audio file (clip of tape recording),,2021.07.23,visual_only_manual_p15
EFTA00095751,15,590,3501.092-073,2005.03.18,"Audio file (full tape recording, side B)",,2021.07.23,visual_only_manual_p15
EFTA00095751,15,591,3501.092-074,2005.03.30,"Audio file (full tape recording, side A)",,2021.07.23,visual_only_manual_p15
EFTA00095751,15,592,3501.092-075,2005.03.30,Audio file (clip of tape recording),,2021.07.23,visual_only_manual_p15
EFTA00095751,15,593,3501.092-076,2005.03.30,"Audio file (full tape recording, side B)",,2021.07.23,visual_only_manual_p15
EFTA00095751,15,594,3501.092-077,2005.03.30,Handwritten notes,,2021.07.23,visual_only_manual_p15
EFTA00095751,15,595,3501.092-078,2005.03.31,Audio file,,2021.07.23,visual_only_manual_p15
EFTA00095751,15,596,3501.092-079,2005.03.31,Audio file,,2021.07.23,visual_only_manual_p15
EFTA00095751,15,597,3501.092-080,2006.04.04,MySpace pages,,2021.07.23,visual_only_manual_p15
EFTA00095751,15,598,3501.092-081,2006.04.04,Palm Beach County Sheriff's Office Offense Report,,2021.07.23,visual_only_manual_p15
EFTA00095751,15,599,3501.092-082,2006.04.04,Palm Beach County Sheriff's Office search records for [redacted] and [redacted],,2021.07.23,visual_only_manual_p15
EFTA00095751,15,600,3501.092-083,2006.05.01,PBPD probable cause affidavit regarding [redacted],,2021.07.23,visual_only_manual_p15
EFTA00095751,15,601,3501.092-084,2006.05.01,PBPD probable cause affidavit regarding [redacted],,2021.07.23,visual_only_manual_p15
EFTA00095751,15,602,3501.092-085,2006.05.01,PBPD probable cause affidavit regarding Jeffrey Epstein,,2021.07.23,visual_only_manual_p15
EFTA00095751,15,603,3501.092-086,2006.05.01,PBPD probable cause affidavit regarding [redacted],,2021.07.23,visual_only_manual_p15
EFTA00095751,15,604,3501.092-087,2006.05.01,PBPD probable cause affidavit regarding [redacted],,2021.07.23,visual_only_manual_p15
EFTA00095751,15,605,3501.092-088,2006.06.13,MySpace pages,,2021.07.23,visual_only_manual_p15
EFTA00095751,15,606,3501.092-089,2006.07.24,Letter to Mr. and Mrs. [redacted] from PBPD,,2021.07.23,visual_only_manual_p15
EFTA00095751,15,607,3501.092-090,2006.08.25,FBI report regarding letter to [redacted],,2021.07.23,visual_only_manual_p15
EFTA00095751,15,608,3501.092-091,2006.08.28,PBPD property receipt,,2021.07.23,visual_only_manual_p15
EFTA00095751,15,609,3501.092-092,2006.12.20,Memorandum regarding impeachment material,,2021.07.23,visual_only_manual_p15
EFTA00095751,15,610,3501.092-093,2007.02.27,FBI report regarding interview with [redacted],,2021.07.23,visual_only_manual_p15
EFTA00095751,15,611,3501.092-094,2007.05.31,MySpace pages,,2021.07.23,visual_only_manual_p15
EFTA00095751,15,612,3501.092-095,2007.11.28,FBI report regarding investigation and victim information,,2021.07.23,visual_only_manual_p15
EFTA00095751,15,613,3501.092-096,2008.02.20,Deposition transcript,,2021.07.23,visual_only_manual_p15
EFTA00095751,15,614,3501.092-097,2008.02.20,Deposition handwritten notes,,2021.07.23,visual_only_manual_p15
EFTA00095751,15,615,3501.092-098,2008.02.20,Deposition handwritten notes,,2021.07.23,visual_only_manual_p15
EFTA00095751,15,616,3501.092-099,[illegible],MySpace pages,,2021.07.23,visual_only_manual_p15
EFTA00095751,15,617,3501.092-100,[illegible],Florida Department of Children and Families information re: [redacted] [redacted],,2021.07.23,visual_only_manual_p15
EFTA00095751,15,618,3501.092-101,[illegible],MySpace pages,,2021.07.23,visual_only_manual_p15
EFTA00095751,15,619,3501.092-102,[illegible],MySpace pages,,2021.07.23,visual_only_manual_p15
EFTA00095751,15,620,3501.092-103,[illegible],Cherokee County Sheriff's Office incident report,,2021.07.23,visual_only_manual_p15
EFTA00095751,16,621,3501.092-104,[illegible],Florida Department of Children and Families information re: [redacted] [redacted],N/A,2021.07.23,visual_only_manual_p16
EFTA00095751,16,622,3501.092-105,[illegible],MySpace pages,N/A,2021.07.23,visual_only_manual_p16
EFTA00095751,16,623,3501.092-106,[illegible],Cherokee County Sheriff's Office offense report,N/A,2021.07.23,visual_only_manual_p16
EFTA00095751,16,624,3501.092-107,[illegible],Cherokee County Sheriff's Office offense report,N/A,2021.07.23,visual_only_manual_p16
EFTA00095751,16,625,3501.092-108,2005.03.30,Handwritten notes,N/A,2021.07.23,visual_only_manual_p16
EFTA00095751,16,626,3501.092-109,[illegible],Typed notes regarding [redacted],N/A,2021.07.23,visual_only_manual_p16
EFTA00095751,16,627,3501.092-110,Various,Various search records regarding [redacted],N/A,2021.07.23,visual_only_manual_p16
EFTA00095751,16,628,3501.092-111,[illegible],"Audio file (full tape recording, side A)",N/A,2021.07.23,visual_only_manual_p16
EFTA00095751,16,629,3501.092-112,[illegible],Audio file (clip of tape recording),N/A,2021.07.23,visual_only_manual_p16
EFTA00095751,16,630,3501.092-113,[illegible],"Audio file (full tape recording, side B)",N/A,2021.07.23,visual_only_manual_p16
EFTA00095751,16,631,3501.092-114,2006.06.05,Letter from Gerald Lefcourt to [redacted],N/A,2021.07.23,visual_only_manual_p16
EFTA00095751,16,632,3501.092-115,2006.03.31,Police report,N/A,2021.10.11,visual_only_manual_p16
EFTA00095751,16,633,3501.092-116,2006.05.04,Letter regarding Epstein polygraph examination,N/A,2021.10.11,visual_only_manual_p16
EFTA00095751,16,634,3501.092-117,2007.02.01,Letter from Gerald Lefcourt,N/A,2021.10.11,visual_only_manual_p16
EFTA00095751,16,635,3501.092-118,2007.05.31,MySpace pages,N/A,2021.10.11,visual_only_manual_p16
EFTA00095751,16,636,3501.092-119,2007.12.11,Letter from Jay Lefkowitz,N/A,2021.10.11,visual_only_manual_p16
EFTA00095751,16,637,3501.092-120,2007.12.21,Letter from Jay Lefkowitz,N/A,2021.10.11,visual_only_manual_p16
EFTA00095751,16,638,3501.092-121,2008.05.27,Submission to the DAG,N/A,2021.10.11,visual_only_manual_p16
EFTA00095751,16,639,3501.092-122,2008.06.19,Submission to the DAG,N/A,2021.10.11,visual_only_manual_p16
EFTA00095751,16,640,3501.092-123,2008.07.10,Letter from [redacted],N/A,2021.10.11,visual_only_manual_p16
EFTA00095751,16,641,3501.092-124,2008.09.02,Letter from [redacted],N/A,2021.10.11,visual_only_manual_p16
EFTA00095751,16,642,3501.092-125,2008.12.05,Letter from [redacted],N/A,2021.10.11,visual_only_manual_p16
EFTA00095751,16,643,3501.092-126,2008.12.08,Letter from [redacted],N/A,2021.10.11,visual_only_manual_p16
EFTA00095751,16,644,3501.092-127,[illegible],Image of [redacted],N/A,2021.10.11,visual_only_manual_p16
EFTA00095751,16,645,3501.092-128,[illegible],MySpace pages,N/A,2021.10.11,visual_only_manual_p16
EFTA00095751,16,646,3501.093-001,2006.12.04,Person search for Brice Gordon,N/A,2021.04.12,visual_only_manual_p16
EFTA00095751,16,647,3501.093-002,2007.02.08,Brice Gordon interview notes,N/A,2021.04.12,visual_only_manual_p16
EFTA00095751,16,648,3501.093-003,2007.02.08,Brice Gordon interview 302,N/A,2021.04.12,visual_only_manual_p16
EFTA00095751,16,649,3501.093-004,2007.02.13,Memorandum of Brice Gordon interview,N/A,2021.04.12,visual_only_manual_p16
EFTA00095751,16,650,3501.093-005,2007.02.15,Memorandum documenting interview of Brice Gordon,N/A,2021.04.12,visual_only_manual_p16
EFTA00095751,16,651,3501.093-006,2007.02.15,Brice Gordon interview cover sheet,N/A,2021.04.12,visual_only_manual_p16
EFTA00095751,16,652,3501.093-007,2007.02.13,FBI report documenting interview with Brice Gordon,N/A,2021.07.23,visual_only_manual_p16
EFTA00095751,16,653,3501.093-008,2007.02.15,FBI report documenting interview with Brice Gordon,N/A,2021.07.23,visual_only_manual_p16
EFTA00095751,16,654,3501.093-009,2019.04.08,Asset Report regarding Brice Gordon,N/A,2021.07.23,visual_only_manual_p16
EFTA00095751,16,655,3501.093-010,2019.04.08,Law Enforcement Report regarding Brice Gordon,N/A,2021.07.23,visual_only_manual_p16
EFTA00095751,16,656,3501.093-011,2019.04.08,Contact Card Report regarding Brice Gordon,N/A,2021.07.23,visual_only_manual_p16
EFTA00095751,16,657,3501.093-012,2019.04.08,Driver's History Record regarding Brice Gordon,N/A,2021.07.23,visual_only_manual_p16
EFTA00095751,16,658,3501.093-013,2019.04.08,Comprehensive Address Report regarding Brice Gordon,N/A,2021.07.23,visual_only_manual_p16
EFTA00095751,16,659,3501.093-014,[illegible],Screenshot of Facebook page,N/A,2021.07.23,visual_only_manual_p16
EFTA00095751,16,660,3501.094-001,2019.08.13,[redacted] interview 302,N/A,2021.04.12,visual_only_manual_p16
EFTA00095751,16,661,3501.094-002,2019.08.13,[redacted] interview notes,N/A,2021.04.12,visual_only_manual_p16
EFTA00095751,16,662,3501.095-001,2019.07.12,[redacted] email correspondence,N/A,2021.04.12,visual_only_manual_p16
EFTA00095751,16,663,3501.096-001,2007.07.23,Person search for [redacted],N/A,2021.04.12,visual_only_manual_p16
EFTA00095751,16,664,3501.096-002,2007.08.06,Florida D.A.V.I.D. individual summary page regarding [redacted],N/A,2021.04.12,visual_only_manual_p16
EFTA00095751,16,665,3501.096-003,2007.08.06,Law enforcement report regarding [redacted],N/A,2021.04.12,visual_only_manual_p16
EFTA00095751,16,666,3501.097-001,2007.08.15,Law enforcement report regarding Daniel Groff,N/A,2021.04.12,visual_only_manual_p16
EFTA00095751,16,667,3501.098-001,2007.08.15,Law enforcement report regarding Lesley Groff,Michael Bachner,2021.04.12,visual_only_manual_p16
EFTA00095751,16,668,3501.098-002,2007.08.21,Letter regarding interview of Lesley Groff,Michael Bachner,2021.04.12,visual_only_manual_p16
EFTA00095751,16,669,3501.098-003,2007.08.21,Lesley Groff interview 302,Michael Bachner,2021.04.12,visual_only_manual_p16
EFTA00095751,16,670,3501.098-004,2007.08.21,Lesley Groff interview notes,Michael Bachner,2021.04.12,visual_only_manual_p16
EFTA00095751,16,671,3501.098-005,2008.04.29 & 2008.03.18,Testimony of [redacted],Michael Bachner,2021.04.12,visual_only_manual_p16
EFTA00095751,16,672,3501.098-006,2019.07.06,Lesley Groff interview 302,Michael Bachner,2021.04.12,visual_only_manual_p16
EFTA00095751,16,673,3501.098-007,2019.07.06,Lesley Groff interview notes,Michael Bachner,2021.04.12,visual_only_manual_p16
EFTA00095751,16,674,3501.098-008,2020.02.13,Lesley Groff attorney proffer notes,Michael Bachner,2021.04.12,visual_only_manual_p16
EFTA00095751,16,675,3501.098-009,2020.02.21,Lesley Groff attorney proffer follow-up,Michael Bachner,2021.04.12,visual_only_manual_p16
EFTA00095751,16,676,3501.098-010,2008.01.08,FBI report documenting interview with Leslie Groff,Michael Bachner,2021.07.23,visual_only_manual_p16
EFTA00095751,16,677,3501.098-011,2021.07.23,Signed proffer agreement,Michael Bachner,2021.10.11,visual_only_manual_p16
EFTA00095751,16,678,3501.098-012,2008.06.19,Starr submission to DAG,Michael Bachner,2021.10.11,visual_only_manual_p16
EFTA00095751,16,679,3501.098-013,2019.07.06,Lesley Groff interview 302,Michael Bachner,2021.10.11,visual_only_manual_p16
EFTA00095751,16,680,3501.098-014,2019.07.06,Lesley Groff interview notes,Michael Bachner,2021.10.11,visual_only_manual_p16
EFTA00095751,16,681,3501.098-015,2021.07.23,Lesley Groff interview 302,Michael Bachner,2021.10.11,visual_only_manual_p16
EFTA00095751,16,682,3501.098-016,2021.07.23,Lesley Groff interview notes,Michael Bachner,2021.10.11,visual_only_manual_p16
EFTA00095751,16,683,3501.099-001,2006.08.02,CAD call information regarding Michael Guerrero,N/A,2021.04.12,visual_only_manual_p16
EFTA00095751,17,684,3501.100-001,2007.08.15,Law enforcement report regarding Eileen Guggenheim,N/A,2021.04.12,visual_only_manual_p17
EFTA00095751,17,685,3501.100-002,2007.09.06,Eileen Guggenheim interview notes,N/A,2021.04.12,visual_only_manual_p17
EFTA00095751,17,686,3501.100-003,2007.09.06,Eileen Guggenheim interview 302,N/A,2021.04.12,visual_only_manual_p17
EFTA00095751,17,687,3501.100-004,2007.09.11,Memorandum of Eileen Guggenheim interview,N/A,2021.04.12,visual_only_manual_p17
EFTA00095751,17,688,3501.100-005,2007.09.06,Handwritten notes,N/A,2021.10.11,visual_only_manual_p17
EFTA00095751,17,689,3501.101-001,2020.04.10,[redacted] interview 302,N/A,2021.04.12,visual_only_manual_p17
EFTA00095751,17,690,3501.101-002,2020.04.10,[redacted] interview notes,N/A,2021.04.12,visual_only_manual_p17
EFTA00095751,17,691,3501.101-003,2020.09.09,[redacted] interview notes,N/A,2021.04.12,visual_only_manual_p17
EFTA00095751,17,692,3501.101-004,2021.05.18,[redacted] interview notes,N/A,2021.10.11,visual_only_manual_p17
EFTA00095751,17,693,3501.101-005,2021.05.18,[redacted] interview 302,N/A,2021.10.11,visual_only_manual_p17
EFTA00095751,17,694,3501.102-001,2020.07.15,[redacted] interview 302,N/A,2021.04.12,visual_only_manual_p17
EFTA00095751,17,695,3501.102-002,2020.07.15,[redacted] interview notes,N/A,2021.04.12,visual_only_manual_p17
EFTA00095751,17,696,3501.103-001 through 031,Various,School records for [redacted],,2021.04.12,visual_only_manual_p17
EFTA00095751,17,697,3501.103-032,2002.04.29,Records search regarding [redacted],,2021.04.12,visual_only_manual_p17
EFTA00095751,17,698,3501.103-033,2002.12,Flight reservation,,2021.04.12,visual_only_manual_p17
EFTA00095751,17,699,3501.103-034,2005.08.04,Victoria's Secret application,,2021.04.12,visual_only_manual_p17
EFTA00095751,17,700,3501.103-035,2005.09.11,Juvenile arrest notice for [redacted],,2021.04.12,visual_only_manual_p17
EFTA00095751,17,701,3501.103-036,2005.09.12,Probable Cause Affidavit of [redacted],,2021.04.12,visual_only_manual_p17
EFTA00095751,17,702,3501.103-037,2005.09.16,Defendant Activity report for [redacted],,2021.04.12,visual_only_manual_p17
EFTA00095751,17,703,3501.103-038,2005.09.16,Defendant Activity report for [redacted],,2021.04.12,visual_only_manual_p17
EFTA00095751,17,704,3501.103-039,2005.10.13,Palm Beach Police Department property receipt,,2021.04.12,visual_only_manual_p17
EFTA00095751,17,705,3501.103-040,2005.10.25,Memorandum from the Court of Palm Beach County regarding [redacted],,2021.04.12,visual_only_manual_p17
EFTA00095751,17,706,3501.103-041,2005.10.25,Nolle Prosece form regarding [redacted],,2021.04.12,visual_only_manual_p17
EFTA00095751,17,707,3501.103-042,2005.11.14,[redacted] MySpace profile,,2021.04.12,visual_only_manual_p17
EFTA00095751,17,708,3501.103-043,2005.11.18,Palm Beach Police Department incident report,,2021.04.12,visual_only_manual_p17
EFTA00095751,17,709,3501.103-044,2006.02.16,Limited brands incident report,,2021.04.12,visual_only_manual_p17
EFTA00095751,17,710,3501.103-045,2006.02.20,[redacted] MySpace blog conversation,,2021.04.12,visual_only_manual_p17
EFTA00095751,17,711,3501.103-046,2006.02.20,[redacted] MySpace profile pictures,,2021.04.12,visual_only_manual_p17
EFTA00095751,17,712,3501.103-047,2006.05.01,Probable Cause Affidavit Regarding Jeffrey Epstein,,2021.04.12,visual_only_manual_p17
EFTA00095751,17,713,3501.103-048,2006.07.13,Palm Beach Police Department Incident Report,,2021.04.12,visual_only_manual_p17
EFTA00095751,17,714,3501.103-049,2006.07.27,Florida D.A.V.I.D. individual summary page for [redacted],,2021.04.12,visual_only_manual_p17
EFTA00095751,17,715,3501.103-050,2006.08.02,Records search for [redacted],,2021.04.12,visual_only_manual_p17
EFTA00095751,17,716,3501.103-051,2006.08.04,Letter from [redacted] to [redacted],,2021.04.12,visual_only_manual_p17
EFTA00095751,17,717,3501.103-052,2006.08.08,FBI Memorandum to document victim information,,2021.04.12,visual_only_manual_p17
EFTA00095751,17,718,3501.103-053,2006.08.18,Photo line-up,,2021.04.12,visual_only_manual_p17
EFTA00095751,17,719,3501.103-054,2006.08.18,[redacted] interview 302,,2021.04.12,visual_only_manual_p17
EFTA00095751,17,720,3501.103-055,2006.08.22,FBI memorandum regarding interview of [redacted],,2021.04.12,visual_only_manual_p17
EFTA00095751,17,721,3501.103-056,2006.08.26,Palm Beach Police Department Evidence/Property Tracking Report,,2021.04.12,visual_only_manual_p17
EFTA00095751,17,722,3501.103-057,2006.08.26,Palm Beach Police Department Evidence/Property Tracking Report,,2021.04.12,visual_only_manual_p17
EFTA00095751,17,723,3501.103-058,2006.08.28,FBI letter to [redacted],,2021.04.12,visual_only_manual_p17
EFTA00095751,17,724,3501.103-059,2006.08.28,Palm Beach Police Department Evidence/Property Tracking Report,,2021.04.12,visual_only_manual_p17
EFTA00095751,17,725,3501.103-060,2006.09.16,Defendant Activity report for [redacted],,2021.04.12,visual_only_manual_p17
EFTA00095751,17,726,3501.103-061,2006.09.29,Grand Jury transcripts,,2021.04.12,visual_only_manual_p17
EFTA00095751,17,727,3501.103-062,2006.10.03,Will Tucker MySpace page,,2021.04.12,visual_only_manual_p17
EFTA00095751,17,728,3501.103-063,2007.01.24,Letter from Gerald Lefcourt to [redacted],,2021.04.12,visual_only_manual_p17
EFTA00095751,17,729,3501.103-064,2007.02.27,Testimony of [redacted],,2021.04.12,visual_only_manual_p17
EFTA00095751,17,730,3501.103-065,2007.04.24,CAD call information,,2021.04.12,visual_only_manual_p17
EFTA00095751,17,731,3501.103-066,2007.05.22,Testimony of [redacted],,2021.04.12,visual_only_manual_p17
EFTA00095751,17,732,3501.103-067,2007.06.12,National Comprehensive Report for [redacted],,2021.04.12,visual_only_manual_p17
EFTA00095751,17,733,3501.103-068,2007.06.12,Record request for [redacted],,2021.04.12,visual_only_manual_p17
EFTA00095751,17,734,3501.103-069,2007.07.20,Florida D.A.V.I.D. individual summary page for [redacted],,2021.04.12,visual_only_manual_p17
EFTA00095751,17,735,3501.103-070,2007.11.28,FBI detailed analysis conducted,,2021.04.12,visual_only_manual_p17
EFTA00095751,17,736,3501.103-071,2007.12.11,Letter to Alexander Acosta from Kirkland & Ellis LLP,,2021.04.12,visual_only_manual_p17
EFTA00095751,17,737,3501.103-072,2007.12.11,Letter to Alexander Acosta from Kirkland & Ellis LLP,,2021.04.12,visual_only_manual_p17
EFTA00095751,17,738,3501.103-073,2008.03.24,Victim list,,2021.04.12,visual_only_manual_p17
EFTA00095751,17,739,3501.103-074,2008.04.29 & 2008.03.18,Testimony of [redacted],,2021.04.12,visual_only_manual_p17
EFTA00095751,17,740,3501.103-075,2008.07.03,Victim list,,2021.04.12,visual_only_manual_p17
EFTA00095751,17,741,3501.103-076,2008.12.09,Letter from [redacted] to [redacted],,2021.04.12,visual_only_manual_p17
EFTA00095751,17,742,3501.103-077,2018.12.04,FBI memorandum regarding interview of [redacted],,2021.04.12,visual_only_manual_p17
EFTA00095751,17,743,3501.103-078,2019.03.19,[redacted] interview 302,,2021.04.12,visual_only_manual_p17
EFTA00095751,17,744,3501.103-079,2019.03.19,[redacted] interview notes,,2021.04.12,visual_only_manual_p17
EFTA00095751,17,745,3501.103-080,2019.07.08,FBI memorandum crisis intake report,,2021.04.12,visual_only_manual_p17
EFTA00095751,17,746,3501.103-081,2019.09.12,[redacted] interview 302,,2021.04.12,visual_only_manual_p17
EFTA00095751,17,747,3501.103-082,2019.09.12,[redacted] interview notes,,2021.04.12,visual_only_manual_p17
EFTA00095751,17,748,3501.103-083,[illegible],[redacted] birth certificate,,2021.04.12,visual_only_manual_p17
EFTA00095751,17,749,3501.103-084,[illegible],Voter identification return service requested,,2021.04.12,visual_only_manual_p17
EFTA00095751,17,750,3501.103-085,[illegible],[redacted] course schedule,,2021.04.12,visual_only_manual_p17
EFTA00095751,17,751,3501.103-086,[illegible],[redacted] MySpace account,,2021.04.12,visual_only_manual_p17
EFTA00095751,17,752,3501.103-087,[illegible],Biographical file on [redacted],,2021.04.12,visual_only_manual_p17
EFTA00095751,17,753,3501.103-088,Various,MySpace profile regarding [redacted],,2021.04.12,visual_only_manual_p17
EFTA00095751,17,754,3501.103-089,[illegible],MySpace profile regarding [redacted],,2021.04.12,visual_only_manual_p17
EFTA00095751,17,755,3501.103-090,[illegible],FBI identifying information for [redacted],,2021.04.12,visual_only_manual_p17
EFTA00095751,17,756,3501.103-091,[illegible],Photos of victims,,2021.04.12,visual_only_manual_p17
EFTA00095751,18,757,3501.103-092,[illegible],Demographic information for [redacted],,2021.04.12,visual_only_manual_p18
EFTA00095751,18,758,3501.103-093,[illegible],Juvenile arrest record for [redacted],,2021.04.12,visual_only_manual_p18
EFTA00095751,18,759,3501.103-094,2005.10.11,"Audio file (full tape recording, side A)",,2021.07.23,visual_only_manual_p18
EFTA00095751,18,760,3501.103-095,2005.10.11,Audio file (clip of tape recording),,2021.07.23,visual_only_manual_p18
EFTA00095751,18,761,3501.103-096,2005.10.11,"Audio file (full tape recording, side A)",,2021.07.23,visual_only_manual_p18
EFTA00095751,18,762,3501.103-097,2005.10.11,Audio file (clip of tape recording),,2021.07.23,visual_only_manual_p18
EFTA00095751,18,763,3501.103-098,2005.10.11,"Audio file (full tape recording, side B)",,2021.07.23,visual_only_manual_p18
EFTA00095751,18,764,3501.103-099,2005.11.04,Victoria's Secret store incident report,,2021.07.23,visual_only_manual_p18
EFTA00095751,18,765,3501.103-100,2006.02.17,Letter to [redacted] from Guy Fronstin,,2021.07.23,visual_only_manual_p18
EFTA00095751,18,766,3501.103-101,2006.05.01,PBPD probable cause affidavit regarding [redacted],,2021.07.23,visual_only_manual_p18
EFTA00095751,18,767,3501.103-102,2006.05.01,PBPD probable cause affidavit regarding [redacted],,2021.07.23,visual_only_manual_p18
EFTA00095751,18,768,3501.103-103,2006.07.24,Letter to [redacted] from PBPD,,2021.07.23,visual_only_manual_p18
EFTA00095751,18,769,3501.103-104,2006.08.22,Memorandum documenting interview of [redacted],,2021.07.23,visual_only_manual_p18
EFTA00095751,18,770,3501.103-105,2006.08.22,FBI report documenting interview of [redacted],,2021.07.23,visual_only_manual_p18
EFTA00095751,18,771,3501.103-106,2006.12.20,Memorandum regarding impeachment material,,2021.07.23,visual_only_manual_p18
EFTA00095751,18,772,3501.103-107,2007.01,Letter regarding [redacted],,2021.07.23,visual_only_manual_p18
EFTA00095751,18,773,3501.103-108,2007.11.28,FBI report regarding investigation and victim information,,2021.07.23,visual_only_manual_p18
EFTA00095751,18,774,3501.103-109,2018.12.04,FBI report documenting [redacted] information,,2021.07.23,visual_only_manual_p18
EFTA00095751,18,775,3501.103-110,2019.03.19,[redacted] interview 302,,2021.07.23,visual_only_manual_p18
EFTA00095751,18,776,3501.103-111,[illegible],Victoria's Secret store incident report,,2021.07.23,visual_only_manual_p18
EFTA00095751,18,777,3501.103-112,[illegible],Various search records regarding [redacted],,2021.07.23,visual_only_manual_p18
EFTA00095751,18,778,3501.103-113,[illegible],Various search records regarding [redacted],,2021.07.23,visual_only_manual_p18
EFTA00095751,18,779,3501.103-114,[illegible],Various search records regarding [redacted],,2021.07.23,visual_only_manual_p18
EFTA00095751,18,780,3501.103-115,[illegible],Various search records regarding [redacted],,2021.07.23,visual_only_manual_p18
EFTA00095751,18,781,3501.103-116,[illegible],Various search records regarding [redacted],,2021.07.23,visual_only_manual_p18
EFTA00095751,18,782,3501.103-117,[illegible],Handwritten notes,,2021.07.23,visual_only_manual_p18
EFTA00095751,18,783,3501.103-118,[illegible],Various search records regarding [redacted],,2021.07.23,visual_only_manual_p18
EFTA00095751,18,784,3501.103-119,[illegible],Letter from Alan Dershowitz to [redacted],,2021.07.23,visual_only_manual_p18
EFTA00095751,18,785,3501.103-120,[illegible],MySpace pages,,2021.07.23,visual_only_manual_p18
EFTA00095751,18,786,3501.103-121,[illegible],MySpace pages,,2021.07.23,visual_only_manual_p18
EFTA00095751,18,787,3501.103-122,[illegible],"Audio file (full tape recording, side A)",,2021.07.23,visual_only_manual_p18
EFTA00095751,18,788,3501.103-123,[illegible],"Audio file (full tape recording, side B)",,2021.07.23,visual_only_manual_p18
EFTA00095751,18,789,3501.103-124,[illegible],Audio file (full tape recording),,2021.07.23,visual_only_manual_p18
EFTA00095751,18,790,3501.103-125,[illegible],Audio file (clip of tape recording),,2021.07.23,visual_only_manual_p18
EFTA00095751,18,791,3501.103-126,[illegible],Audio file,,2021.07.23,visual_only_manual_p18
EFTA00095751,18,792,3501.103-127,2005.10.24,Community service documentation,,2021.10.11,visual_only_manual_p18
EFTA00095751,18,793,3501.103-128,2005.11.07,MySpace pages,,2021.10.11,visual_only_manual_p18
EFTA00095751,18,794,3501.103-129,2005.11.18,PBPD incident report,,2021.10.11,visual_only_manual_p18
EFTA00095751,18,795,3501.103-130,2005.11.21,Riley Kiraly approach of [redacted],,2021.10.11,visual_only_manual_p18
EFTA00095751,18,796,3501.103-131,2007.02.01,Letter from Gerald Lefcourt,,2021.10.11,visual_only_manual_p18
EFTA00095751,18,797,3501.103-132,2007.05.31,MySpace pages,,2021.10.11,visual_only_manual_p18
EFTA00095751,18,798,3501.103-133,2007.06.25,Letter from Gerald Lefcourt,,2021.10.11,visual_only_manual_p18
EFTA00095751,18,799,3501.103-134,2007.11.19 & 2007.11.29,Letters from [redacted],,2021.10.11,visual_only_manual_p18
EFTA00095751,18,800,3501.103-135,2007.12.11,Letter from Jay Lefkowitz,,2021.10.11,visual_only_manual_p18
EFTA00095751,18,801,3501.103-136,2008.06.19,Submission to the DAG,,2021.10.11,visual_only_manual_p18
EFTA00095751,18,802,3501.103-137,2008.07.10,Letter from [redacted],,2021.10.11,visual_only_manual_p18
EFTA00095751,18,803,3501.103-138,2008.09.15,Letter from [redacted],,2021.10.11,visual_only_manual_p18
EFTA00095751,18,804,3501.103-139,2019.06.13,Memorandum from call with [redacted],,2021.10.11,visual_only_manual_p18
EFTA00095751,18,805,3501.103-140,2019.08.24,Text messages with agent,,2021.10.11,visual_only_manual_p18
EFTA00095751,18,806,3501.103-141,[illegible],Drawing by [redacted],,2021.10.11,visual_only_manual_p18
EFTA00095751,18,807,3501.103-142,[illegible],Photos of [redacted],,2021.10.11,visual_only_manual_p18
EFTA00095751,18,808,3501.103-143,[illegible],Subpoena returns regarding [redacted],,2021.10.11,visual_only_manual_p18
EFTA00095751,18,809,3501.103-144,[illegible],Transcript request,,2021.10.11,visual_only_manual_p18
EFTA00095751,18,810,3501.103-145,[illegible],MySpace pages,,2021.10.11,visual_only_manual_p18
EFTA00095751,18,811,3501.103-146,[illegible],Image of [redacted],,2021.10.11,visual_only_manual_p18
EFTA00095751,18,812,3501.103-147,[illegible],,,2021.10.11,visual_retranscribe_p18
EFTA00095751,18,813,3501.103-148,2006.04.06,Audio file,Gloria Allred,2021.10.11,visual_only_manual_p18
EFTA00095751,18,814,3501.103-149,2005.10.10,Handwritten notes,Gloria Allred [redacted] Rose,2021.10.25,visual_only_manual_p18
EFTA00095751,18,815,3501.104-001,2019.08.01,[redacted] interview 302,Gloria Allred,2021.04.12,visual_only_manual_p18
EFTA00095751,18,816,3501.104-002,2019.08.01,[redacted] interview notes,Gloria Allred,2021.04.12,visual_only_manual_p18
EFTA00095751,18,817,3501.104-003,2019.09.18,Screenshot of flight receipt from [redacted],Gloria Allred,2021.04.12,visual_only_manual_p18
EFTA00095751,18,818,3501.104-004,2019.09.18,[redacted] email regarding flight,Gloria Allred,2021.04.12,visual_only_manual_p18
EFTA00095751,18,819,3501.104-005,2019.09.18,[redacted] email containing texts,Gloria Allred,2021.04.12,visual_only_manual_p18
EFTA00095751,18,820,3501.104-006,2019.09.18,[redacted] interview 302,Gloria Allred,2021.04.12,visual_only_manual_p18
EFTA00095751,18,821,3501.104-007,2019.09.18,[redacted] interview notes,Gloria Allred,2021.04.12,visual_only_manual_p18
EFTA00095751,18,822,3501.104-008,2006.11.16,Screenshot of flight receipt,Gloria Allred,2021.04.12,visual_only_manual_p18
EFTA00095751,18,823,3501.104-009,2006.03.01,Screenshot of email to [redacted],Gloria Allred,2021.04.12,visual_only_manual_p18
EFTA00095751,18,824,3501.104-010,2006.11.16,Screenshot of flight receipt,Gloria Allred,2021.04.12,visual_only_manual_p18
EFTA00095751,18,825,3501.104-011,2005.07.26,Screenshot of email from [redacted] to [redacted],Gloria Allred,2021.04.12,visual_only_manual_p18
EFTA00095751,18,826,3501.104-012,2006.01.27,Screenshot of email from [redacted],Gloria Allred,2021.04.12,visual_only_manual_p18
EFTA00095751,18,827,3501.104-013,2006.04.05,Screenshot of email from [redacted],Gloria Allred,2021.04.12,visual_only_manual_p18
EFTA00095751,18,828,3501.104-014,2006.03.01,Screenshot of email to [redacted],Gloria Allred,2021.04.12,visual_only_manual_p18
EFTA00095751,18,829,3501.104-015,2019.11.20,[redacted] civil complaint,Gloria Allred,2021.04.12,visual_only_manual_p18
EFTA00095751,18,830,3501.104-016,2020.04.01,[redacted] interview notes,Gloria Allred,2021.04.12,visual_only_manual_p18
EFTA00095751,18,831,3501.105-001,2006.11.27,William Hammond interview 302,N/A,2021.04.12,visual_only_manual_p18
EFTA00095751,18,832,3501.105-002,2006.11.27,Flight records and notes,N/A,2021.04.12,visual_only_manual_p18
EFTA00095751,18,833,3501.105-003,2006.12.01,Memorandum of William Hammond interview,N/A,2021.04.12,visual_only_manual_p18
EFTA00095751,18,834,3501.105-004,2007.02.06,Testimony of [redacted],N/A,2021.04.12,visual_only_manual_p18
EFTA00095751,18,835,3501.105-005,2019.07.06,William Hammond interview 302,N/A,2021.04.12,visual_only_manual_p18
EFTA00095751,18,836,3501.105-006,2019.07.31,Notes from phone call with [redacted],N/A,2021.04.12,visual_only_manual_p18
EFTA00095751,19,837,3501.106-001,2021.01.12,Robert Hanson interview 302,David Lancaster,2021.04.12,visual_only_manual_p19
EFTA00095751,19,838,3501.106-002,2021.01.12,Handwritten notes,David Lancaster,2021.07.23,visual_only_manual_p19
EFTA00095751,19,839,3501.106-003,2021.01.08,Emails with agents,David Lancaster,2021.10.11,visual_only_manual_p19
EFTA00095751,19,840,3501.106-004,2021.01.11,Emails with agents,David Lancaster,2021.10.11,visual_only_manual_p19
EFTA00095751,19,841,3501.107-001,2005.04.18,Florida D.A.V.I.D. individual summary page regarding [redacted] [redacted],N/A,2021.04.12,visual_only_manual_p19
EFTA00095751,19,842,3501.107-002,2006.07.13,Palm Beach Police Department Incident Report,N/A,2021.04.12,visual_only_manual_p19
EFTA00095751,19,843,3501.107-003,2006.08.08,FBI memorandum documenting victim information,N/A,2021.04.12,visual_only_manual_p19
EFTA00095751,19,844,3501.107-004,2006.08.11,Letter from [redacted] to [redacted],N/A,2021.04.12,visual_only_manual_p19
EFTA00095751,19,845,3501.107-005,2006.08.16,[redacted] assignment history,N/A,2021.04.12,visual_only_manual_p19
EFTA00095751,19,846,3501.107-006,2006.08.26,Palm Beach Police Department Evidence/Property Tracking Report,N/A,2021.04.12,visual_only_manual_p19
EFTA00095751,19,847,3501.107-007,2006.08.28,Palm Beach Police Department Property Receipt,N/A,2021.04.12,visual_only_manual_p19
EFTA00095751,19,848,3501.107-008,[illegible],[redacted] birth certificate,N/A,2021.04.12,visual_only_manual_p19
EFTA00095751,19,849,3501.107-009,Various,Biographical file on [redacted],N/A,2021.04.12,visual_only_manual_p19
EFTA00095751,19,850,3501.107-010,2005.12.13,Audio file (tape recording side A),N/A,2021.07.23,visual_only_manual_p19
EFTA00095751,19,851,3501.107-011,2005.12.13,Audio file (tape recording side B),N/A,2021.07.23,visual_only_manual_p19
EFTA00095751,19,852,3501.107-012,2006.01.31,Audio file (full tape recording),N/A,2021.07.23,visual_only_manual_p19
EFTA00095751,19,853,3501.107-013,2006.01.31,Audio file (clip from tape recording),N/A,2021.07.23,visual_only_manual_p19
EFTA00095751,19,854,3501.107-014,2006.02.03,Video file,N/A,2021.07.23,visual_only_manual_p19
EFTA00095751,19,855,3501.107-015,2006.02.03,Video file,N/A,2021.07.23,visual_only_manual_p19
EFTA00095751,19,856,3501.107-016,2006.02.03,Video file,N/A,2021.07.23,visual_only_manual_p19
EFTA00095751,19,857,3501.107-017,2006.02.03,Video file,N/A,2021.07.23,visual_only_manual_p19
EFTA00095751,19,858,3501.107-018,2006.02.03,Video file (full video recording),N/A,2021.07.23,visual_only_manual_p19
EFTA00095751,19,859,3501.107-019,2006.02.03,Video file (clip from video recording),N/A,2021.07.23,visual_only_manual_p19
EFTA00095751,19,860,3501.107-020,[illegible],Audio file,N/A,2021.07.23,visual_only_manual_p19
EFTA00095751,19,861,3501.107-021,2007.02.01,Letter from Gerald Lefcourt,N/A,2021.10.11,visual_only_manual_p19
EFTA00095751,19,862,3501.107-022,2007.12.11,Letter from Jay Lefkowitz,N/A,2021.10.11,visual_only_manual_p19
EFTA00095751,19,863,3501.108-001,2020.11.11,Notes from call with David Schertler regarding James Hatt,N/A,2021.04.12,visual_only_manual_p19
EFTA00095751,19,864,3501.108-002,2020.11.30,James Hatt interview notes,N/A,2021.04.12,visual_only_manual_p19
EFTA00095751,19,865,3501.108-003,2020.11.30,James Hatt interview 302,N/A,2021.10.11,visual_only_manual_p19
EFTA00095751,19,866,3501.109-001,2019.07.17,[redacted] interview 302,N/A,2021.04.12,visual_only_manual_p19
EFTA00095751,19,867,3501.110-001,2006.08.02,Florida D.A.V.I.D. individual summary page regarding [redacted] [redacted],Sigrid McCawley,2021.04.12,visual_only_manual_p19
EFTA00095751,19,868,3501.110-002,2006.08.02,Screening report regarding [redacted],Sigrid McCawley,2021.04.12,visual_only_manual_p19
EFTA00095751,19,869,3501.110-003,2006.08.04,Letter from [redacted] to [redacted],Sigrid McCawley,2021.04.12,visual_only_manual_p19
EFTA00095751,19,870,3501.110-004,2006.08.08,FBI memorandum documenting victim information,Sigrid McCawley,2021.04.12,visual_only_manual_p19
EFTA00095751,19,871,3501.110-005,2007.02.27,Testimony of [redacted],Sigrid McCawley,2021.04.12,visual_only_manual_p19
EFTA00095751,19,872,3501.110-006,2007.10.05,Law enforcement report regarding [redacted],Sigrid McCawley,2021.04.12,visual_only_manual_p19
EFTA00095751,19,873,3501.110-007,2007.10.25,Law enforcement report regarding [redacted],Sigrid McCawley,2021.04.12,visual_only_manual_p19
EFTA00095751,19,874,3501.110-008,2007.10.25,[redacted] interview 302,Sigrid McCawley,2021.04.12,visual_only_manual_p19
EFTA00095751,19,875,3501.110-009,2007.10.26,[redacted] interview notes,Sigrid McCawley,2021.04.12,visual_only_manual_p19
EFTA00095751,19,876,3501.110-010,2008.01.10,FBI letter to [redacted],Sigrid McCawley,2021.04.12,visual_only_manual_p19
EFTA00095751,19,877,3501.110-011,2008.01.18,Testimony of [redacted],Sigrid McCawley,2021.04.12,visual_only_manual_p19
EFTA00095751,19,878,3501.110-012,2008.04.29,Testimony of [redacted],Sigrid McCawley,2021.04.12,visual_only_manual_p19
EFTA00095751,19,879,3501.110-013,2008.10.07,National Comprehensive Report regarding [redacted],Sigrid McCawley,2021.04.12,visual_only_manual_p19
EFTA00095751,19,880,3501.110-014,2008.11.14,Letter from [redacted] to [redacted],Sigrid McCawley,2021.04.12,visual_only_manual_p19
EFTA00095751,19,881,3501.110-015,2019.07.09,Interview attempts 302,Sigrid McCawley,2021.04.12,visual_only_manual_p19
EFTA00095751,19,882,3501.110-016,[illegible],Victim list,Sigrid McCawley,2021.04.12,visual_only_manual_p19
EFTA00095751,19,883,3501.110-017,Various,Biographical file on [redacted],Sigrid McCawley,2021.04.12,visual_only_manual_p19
EFTA00095751,19,884,3501.110-018,[illegible],[redacted] contact information notes,Sigrid McCawley,2021.04.12,visual_only_manual_p19
EFTA00095751,19,885,3501.110-019,2006.08.08,National Comprehensive Report regarding [redacted],Sigrid McCawley,2021.07.23,visual_only_manual_p19
EFTA00095751,19,886,3501.110-020,2007.10.26,FBI report regarding interview with [redacted],Sigrid McCawley,2021.07.23,visual_only_manual_p19
EFTA00095751,19,887,3501.110-021,2008.01.10,FBI report regarding letters to victims,Sigrid McCawley,2021.07.23,visual_only_manual_p19
EFTA00095751,19,888,3501.110-022,2007.10.25,302 from interview,Sigrid McCawley,2021.10.11,visual_only_manual_p19
EFTA00095751,19,889,3501.110-023,2008.07.10,Letter from [redacted],Sigrid McCawley,2021.10.11,visual_only_manual_p19
EFTA00095751,19,890,3501.110-024,2008.09.02,Letter from [redacted],Sigrid McCawley,2021.10.11,visual_only_manual_p19
EFTA00095751,19,891,3501.110-025,2008.11.14,Letter from [redacted],Sigrid McCawley,2021.10.11,visual_only_manual_p19
EFTA00095751,19,892,3501.110-026,2008.12.05,Letter from [redacted],Sigrid McCawley,2021.10.11,visual_only_manual_p19
EFTA00095751,19,893,3501.110-027,2019.06.13,Memorandum from call with [redacted],Sigrid McCawley,2021.10.11,visual_only_manual_p19
EFTA00095751,19,894,3501.111-001,2019.08.16,[redacted] crisis intake report,Sigrid McCawley,2021.04.12,visual_only_manual_p19
EFTA00095751,19,895,3501.111-002,2019.08.28,[redacted] interview 302,Sigrid McCawley,2021.04.12,visual_only_manual_p19
EFTA00095751,19,896,3501.111-003,2019.08.28,[redacted] interview notes,Sigrid McCawley,2021.04.12,visual_only_manual_p19
EFTA00095751,19,897,3501.112-001,2007.02.27,Testimony of [redacted],,2021.04.12,visual_only_manual_p19
EFTA00095751,19,898,3501.112-002,2007.10.03,[redacted] interview 302,,2021.04.12,visual_only_manual_p19
EFTA00095751,19,899,3501.112-003,2007.10.25,[redacted] interview 302,,2021.04.12,visual_only_manual_p19
EFTA00095751,19,900,3501.112-004,2008.01.10,FBI letter to [redacted],,2021.04.12,visual_only_manual_p19
EFTA00095751,19,901,3501.112-005,2008.02.25,Palm Beach Police Department Intelligence Report,,2021.04.12,visual_only_manual_p19
EFTA00095751,19,902,3501.112-006,2008.04.09,Search record for [redacted],,2021.04.12,visual_only_manual_p19
EFTA00095751,19,903,3501.112-007,2008.07.21,Letter from [redacted] to [redacted],,2021.04.12,visual_only_manual_p19
EFTA00095751,19,904,3501.112-008,2019.07.10,FBI memorandum documenting contact made with Florida victims,,2021.04.12,visual_only_manual_p19
EFTA00095751,20,1,3501.112.009,,Victim list,,2021.04.12,visual_only_manual_p20
EFTA00095751,20,2,3501.112.010,Various,Biographical file for [redacted],,2021.04.12,visual_only_manual_p20
EFTA00095751,20,3,3501.112.011,2007.10.29,FBI report regarding interview with [redacted],,2021.07.23,visual_only_manual_p20
EFTA00095751,20,4,3501.112.012,2008.01.10,FBI report regarding letters to victims,,2021.07.23,visual_only_manual_p20
EFTA00095751,20,5,3501.112.013,2008.07.10,Letter from [redacted],,2021.10.11,visual_only_manual_p20
EFTA00095751,20,6,3501.112.014,2008.09.02,Letter from [redacted],,2021.10.11,visual_only_manual_p20
EFTA00095751,20,7,3501.112.015,2008.12.06,Letter from [redacted],,2021.10.11,visual_only_manual_p20
EFTA00095751,20,8,3501.112.016,2019.06.13,Memorandum from call with [redacted],Robert [redacted],2021.10.11,visual_only_manual_p20
EFTA00095751,20,9,3501.113.001,2008.06.08,Florida D.A.V.I.D. individual summary page for [redacted],N/A,2021.04.12,visual_only_manual_p20
EFTA00095751,20,10,3501.114.001,2007.06.08,Florida D.A.V.I.D. individual summary page for [redacted],N/A,2021.04.12,visual_only_manual_p20
EFTA00095751,20,11,3501.114.002,2007.06.08,Florida D.A.V.I.D. photo line up for [redacted],N/A,2021.07.23,visual_only_manual_p20
EFTA00095751,20,12,3501.115.001,2019.07.13,Palm Beach Police Department incident report,N/A,2021.04.12,visual_only_manual_p20
EFTA00095751,20,13,3501.116.001,2006.08.15,Florida D.A.V.I.D. individual summary page for [redacted],N/A,2021.04.12,visual_only_manual_p20
EFTA00095751,20,14,3501.116.002,2006.08.15,Florida D.A.V.I.D. individual summary page for [redacted],N/A,2021.04.12,visual_only_manual_p20
EFTA00095751,20,15,3501.116.003,2006.08.15,Florida D.A.V.I.D. address information for [redacted],N/A,2021.04.12,visual_only_manual_p20
EFTA00095751,20,16,3501.116.004,2006.08.15,Florida D.A.V.I.D. Chrysler vehicle information,N/A,2021.04.12,visual_only_manual_p20
EFTA00095751,20,17,3501.116.005,2006.08.15,Florida D.A.V.I.D. Ford vehicle information,N/A,2021.04.12,visual_only_manual_p20
EFTA00095751,20,18,3501.116.006,2006.08.15,Florida D.A.V.I.D. photo line for [redacted],N/A,2021.04.12,visual_only_manual_p20
EFTA00095751,20,19,3501.116.007,2006.08.17,[redacted] interview 302,N/A,2021.04.12,visual_only_manual_p20
EFTA00095751,20,20,3501.116.008,2006.08.17,Search record for [redacted],N/A,2021.04.12,visual_only_manual_p20
EFTA00095751,20,21,3501.116.009,2006.08.22,FBI memorandum documenting interviews of [redacted],N/A,2021.04.12,visual_only_manual_p20
EFTA00095751,20,22,3501.116.010,2006.08.22,FBI memorandum with notes about [redacted] interview,N/A,2021.04.12,visual_only_manual_p20
EFTA00095751,20,23,3501.116.011,,[redacted] biographical information,N/A,2021.04.12,visual_only_manual_p20
EFTA00095751,20,24,3501.116.012,,Notes regarding [redacted],N/A,2021.04.12,visual_only_manual_p20
EFTA00095751,20,25,3501.117.001,2019.07.31,[redacted] interview 302,N/A,2021.04.12,visual_only_manual_p20
EFTA00095751,20,26,3501.117.002,2019.07.31,[redacted] interview notes,N/A,2021.04.12,visual_only_manual_p20
EFTA00095751,20,27,3501.118.001,2020.07.06,Email regarding [redacted],N/A,2021.04.12,visual_only_manual_p20
EFTA00095751,20,28,3501.119.001,2020.07.02,[redacted] interview 302,N/A,2021.04.12,visual_only_manual_p20
EFTA00095751,20,29,3501.119.002,2020.07.02,[redacted] interview notes,N/A,2021.04.12,visual_only_manual_p20
EFTA00095751,20,30,3501.119.003,2020.07.15,FBI report,N/A,2021.10.11,visual_only_manual_p20
EFTA00095751,20,31,3501.120.001,2020.08.21,[redacted] interview 302,N/A,2021.04.12,visual_only_manual_p20
EFTA00095751,20,32,3501.120.002,2020.08.21,[redacted] interview notes,N/A,2021.04.12,visual_only_manual_p20
EFTA00095751,20,33,3501.121.001,2020.07.13,[redacted] interview 302,N/A,2021.04.12,visual_only_manual_p20
EFTA00095751,20,34,3501.121.002,2020.07.13,[redacted] interview notes,N/A,2021.04.12,visual_only_manual_p20
EFTA00095751,20,35,3501.121.003,2020.07.14,"Notes from call with [redacted], [redacted] and [redacted]",N/A,2021.04.12,visual_only_manual_p20
EFTA00095751,20,36,3501.122.001,2007.10.09,Florida D.A.V.I.D. individual summary page for [redacted],N/A,2021.04.12,visual_only_manual_p20
EFTA00095751,20,37,3501.123.001,2019.07.11,[redacted] interview 302,N/A,2021.04.12,visual_only_manual_p20
EFTA00095751,20,38,3501.123.002,2019.07.11,[redacted] interview notes,N/A,2021.04.12,visual_only_manual_p20
EFTA00095751,20,39,3501.123.003,2019.07.08,FBI intake report (Jones),N/A,2021.10.11,visual_only_manual_p20
EFTA00095751,20,40,3501.123.004,2019.07.10,Text messages with agent,N/A,2021.10.11,visual_only_manual_p20
EFTA00095751,20,41,3501.124.001,2019.08.12,[redacted] interview 302,N/A,2021.04.12,visual_only_manual_p20
EFTA00095751,20,42,3501.124.002,2019.08.12,[redacted] interview notes,N/A,2021.04.12,visual_only_manual_p20
EFTA00095751,20,43,3501.125.001,2004.04.09,Memorandum opinion of [redacted] and [redacted],,2021.04.12,visual_only_manual_p20
EFTA00095751,20,44,3501.125.002,2005.10.13,National comprehensive report regarding [redacted],,2021.04.12,visual_only_manual_p20
EFTA00095751,20,45,3501.125.003,2005.11.21,Palm Beach Police Department incident report,,2021.04.12,visual_only_manual_p20
EFTA00095751,20,46,3501.125.004,2006.05.01,Probable Cause Affidavit Regarding Jeffrey Epstein,,2021.04.12,visual_only_manual_p20
EFTA00095751,20,47,3501.125.005,2006.08.01,Law enforcement report regarding [redacted],,2021.04.12,visual_only_manual_p20
EFTA00095751,20,48,3501.125.006,2006.08.01,Search record regarding [redacted],,2021.04.12,visual_only_manual_p20
EFTA00095751,21,1,3501.125.007,2006.09.01,Palm Beach Police Department incident report,,2021.04.12,visual_only_manual_p21
EFTA00095751,21,2,3501.125.008,2007.02.06,Testimony of [redacted],,2021.04.12,visual_only_manual_p21
EFTA00095751,21,3,3501.125.009,2007.02.27,Testimony of [redacted],,2021.04.12,visual_only_manual_p21
EFTA00095751,21,4,3501.125.010,2007.03.20,Testimony of [redacted],,2021.04.12,visual_only_manual_p21
EFTA00095751,21,5,3501.125.011,2007.05.08,Testimony of [redacted],,2021.04.12,visual_only_manual_p21
EFTA00095751,21,6,3501.125.012,2007.05.10,Law enforcement report regarding [redacted],,2021.04.12,visual_only_manual_p21
EFTA00095751,21,7,3501.125.013,2007.05.10,Law enforcement report regarding [redacted],,2021.04.12,visual_only_manual_p21
EFTA00095751,21,8,3501.125.014,2007.05.15,Testimony of [redacted],,2021.04.12,visual_only_manual_p21
EFTA00095751,21,9,3501.125.015,2007.05.22,Testimony of [redacted],,2021.04.12,visual_only_manual_p21
EFTA00095751,21,10,3501.125.016,2007.08.15,Letter from [redacted] to [redacted],,2021.04.12,visual_only_manual_p21
EFTA00095751,21,11,3501.125.017,2007.08.16,Law enforcement report regarding [redacted],,2021.04.12,visual_only_manual_p21
EFTA00095751,21,12,3501.125.018,2007.08.28,Support of Government's response,,2021.04.12,visual_only_manual_p21
EFTA00095751,21,13,3501.125.019,2008.02.06,FBI memorandum to set leads for captioned investigation,,2021.04.12,visual_only_manual_p21
EFTA00095751,21,14,3501.125.020,2008.03.18,Testimony of [redacted],,2021.04.12,visual_only_manual_p21
EFTA00095751,21,15,3501.125.021,2008.04.29,Testimony of [redacted],,2021.04.12,visual_only_manual_p21
EFTA00095751,21,16,3501.125.022,2009.06.09,National comprehensive report regarding [redacted],,2021.04.12,visual_only_manual_p21
EFTA00095751,21,17,3501.125.023,2009.06.09,Person search for [redacted],,2021.04.12,visual_only_manual_p21
EFTA00095751,21,18,3501.125.024,2009.06.11,Lexis Nexis person report regarding [redacted],,2021.04.12,visual_only_manual_p21
EFTA00095751,21,19,3501.125.025,2010.03.24,Deposition of [redacted],,2021.04.12,visual_only_manual_p21
EFTA00095751,21,20,3501.125.026,2010.03.24,Deposition of [redacted],,2021.04.12,visual_only_manual_p21
EFTA00095751,21,21,3501.125.027,2010.03.24,Deposition of [redacted],,2021.04.12,visual_only_manual_p21
EFTA00095751,21,22,3501.125.028,2019.07.06,[redacted] interview 302,,2021.04.12,visual_only_manual_p21
EFTA00095751,21,23,3501.125.029,2019.11.26,[redacted] interview 302,,2021.04.12,visual_only_manual_p21
EFTA00095751,21,24,3501.125.030,2019.11.26,[redacted] interview notes,,2021.04.12,visual_only_manual_p21
EFTA00095751,21,25,3501.125.031,2019.11.26,[redacted] proffer agreement,,2021.04.12,visual_only_manual_p21
EFTA00095751,21,26,3501.125.032,2019.11.27,[redacted] attorney proffer,,2021.04.12,visual_only_manual_p21
EFTA00095751,21,27,3501.125.033,2019.12.04,[redacted] interview 302,,2021.04.12,visual_only_manual_p21
EFTA00095751,21,28,3501.125.034,2019.12.04,[redacted] interview notes,,2021.04.12,visual_only_manual_p21
EFTA00095751,21,29,3501.125.035,2020.03.17,[redacted] civil complaint,,2021.04.12,visual_only_manual_p21
EFTA00095751,21,30,3501.125.036,,[redacted] driver license,,2021.04.12,visual_only_manual_p21
EFTA00095751,21,31,3501.125.037,,Identification of [redacted],,2021.04.12,visual_only_manual_p21
EFTA00095751,21,32,3501.125.038,2015.10.04,Audio file,,2021.07.23,visual_only_manual_p21
EFTA00095751,21,33,3501.125.039,2006.06.01,FBI report regarding case opening,,2021.07.23,visual_only_manual_p21
EFTA00095751,21,34,3501.125.040,2006.07.24,FBI report regarding case opening,,2021.07.23,visual_only_manual_p21
EFTA00095751,21,35,3501.125.041,2006.08.01,FBI report regarding case opening,,2021.07.23,visual_only_manual_p21
EFTA00095751,21,36,3501.125.042,2006.09.18,FBI report regarding setting lead,,2021.07.23,visual_only_manual_p21
EFTA00095751,21,37,3501.125.043,2007.06.22,FBI report regarding case opening,,2021.07.23,visual_only_manual_p21
EFTA00095751,21,38,3501.125.044,2007.08.27,FBI report regarding watch list,,2021.07.23,visual_only_manual_p21
EFTA00095751,21,39,3501.125.045,2007.11.28,FBI report regarding investigation and victim information,,2021.07.23,visual_only_manual_p21
EFTA00095751,21,40,3501.125.046,2019.03.25,Comprehensive Address Report regarding [redacted],,2021.07.23,visual_only_manual_p21
EFTA00095751,21,41,3501.125.047,2019.03.25,Asset Report regarding [redacted],,2021.07.23,visual_only_manual_p21
EFTA00095751,21,42,3501.125.048,2019.03.25,Law Enforcement Report regarding [redacted],,2021.07.23,visual_only_manual_p21
EFTA00095751,21,43,3501.125.049,2019.03.25,Contact Card Report regarding [redacted],,2021.07.23,visual_only_manual_p21
EFTA00095751,21,44,3501.125.050,,Photograph,,2021.07.23,visual_only_manual_p21
EFTA00095751,21,45,3501.125.051,,Various search records and photographs,,2021.07.23,visual_only_manual_p21
EFTA00095751,21,46,3501.125.052,,Photograph,,2021.07.23,visual_only_manual_p21
EFTA00095751,21,47,3501.125.053,2005.10.18,Palm Beach County search warrant and application,,2021.10.11,visual_only_manual_p21
EFTA00095751,21,48,3501.125.054,2006.05.01,Letter from Reiter to Barry Krischer,,2021.10.11,visual_only_manual_p21
EFTA00095751,21,49,3501.125.055,2007.05.23,Pay stubs,,2021.10.11,visual_only_manual_p21
EFTA00095751,21,50,3501.125.056,2008.06.19,Submission to the DAG,,2021.10.11,visual_only_manual_p21
EFTA00095751,21,51,3501.125.057,2019.07.16,Text messages with agent,,2021.10.11,visual_only_manual_p21
EFTA00095751,21,52,3501.125.058,2019.07.31,Attorney proffer notes,,2021.10.11,visual_only_manual_p21
EFTA00095751,21,53,3501.125.059,2019.09.06,Attorney proffer notes,,2021.10.11,visual_only_manual_p21
EFTA00095751,21,54,3501.125.060,2019.10.18,Attorney proffer notes,,2021.10.11,visual_only_manual_p21
EFTA00095751,21,55,3501.125.061,2021.10.11,Letter re: [redacted] and [redacted],"Susan Necheles, Kathleen Cassidy, Samidh Guha",2021.10.11,visual_only_manual_p21
EFTA00095751,21,56,3501.125.062,,Rental car records,"Susan Necheles, Kathleen Cassidy, Samidh Guha",2021.10.11,visual_only_manual_p21
EFTA00095751,21,57,3501.125.063,,Rental car records,"Susan Necheles, Kathleen Cassidy, Samidh Guha",2021.10.11,visual_only_manual_p21
EFTA00095751,21,58,3501.125.064,,Employment search records,"Susan Necheles, Kathleen Cassidy, Samidh Guha",2021.10.11,visual_only_manual_p21
EFTA00095751,21,59,3501.125.065,,Search records,"Susan Necheles, Kathleen Cassidy, Samidh Guha",2021.10.11,visual_only_manual_p21
EFTA00095751,21,60,3501.125.066,,Western Union records,"Susan Necheles, Kathleen Cassidy, Samidh Guha",2021.10.11,visual_only_manual_p21
EFTA00095751,21,61,3501.125.067,2005.12.13,Handwritten notes,"Susan Necheles, Kathleen Cassidy, Samidh Guha",2021.10.25,visual_only_manual_p21
EFTA00095751,21,62,3501.126.001,2006.12.04,Law enforcement report regarding [redacted],N/A,2021.04.12,visual_only_manual_p21
EFTA00095751,21,63,3501.127.001,2006.07.13,Palm Beach Police Department incident report,N/A,2021.04.12,visual_only_manual_p21
EFTA00095751,21,64,3501.128.001,2005.10.06,Palm Beach Police Department property report,,2021.04.12,visual_only_manual_p21
EFTA00095751,21,65,3501.128.002,2019.07.13,Palm Beach Police Department incident report,,2021.04.12,visual_only_manual_p21
EFTA00095751,21,66,3501.128.003,2006.07.27,Florida D.A.V.I.D. individual summary page for [redacted],,2021.04.12,visual_only_manual_p21
EFTA00095751,21,67,3501.128.004,2006.08.04,Letter from [redacted] to [redacted],,2021.04.12,visual_only_manual_p21
EFTA00095751,21,68,3501.128.005,2006.08.08,FBI report documenting victim information,,2021.04.12,visual_only_manual_p21
EFTA00095751,21,69,3501.128.006,2006.08.09,Notes about [redacted],,2021.04.12,visual_only_manual_p21
EFTA00095751,21,70,3501.128.007,2006.08.16,[redacted] assignment history,,2021.04.12,visual_only_manual_p21
EFTA00095751,21,71,3501.128.008,2006.08.26,Palm Beach Police Department Property receipt,,2021.04.12,visual_only_manual_p21
EFTA00095751,21,72,3501.128.009,2006.08.26,Palm Beach Police Department evidence/property tracking report,,2021.04.12,visual_only_manual_p21
EFTA00095751,21,73,3501.128.010,2007.02.01,Letter from Gerald Lefcourt to [redacted],,2021.04.12,visual_only_manual_p21
EFTA00095751,21,74,3501.128.011,2007.12.11,Letter to Alexander Acosta from Kirkland Ellis LLP,,2021.04.12,visual_only_manual_p21
EFTA00095751,21,75,3501.128.012,2007.12.11,Letter to Alexander Acosta from Kirkland Ellis LLP,,2021.04.12,visual_only_manual_p21
EFTA00095751,21,76,3501.128.013,2008.01.10,FBI letter to [redacted],,2021.04.12,visual_only_manual_p21
EFTA00095751,21,77,3501.128.014,2008.03.24,Victim list,,2021.04.12,visual_only_manual_p21
EFTA00095751,21,78,3501.128.015,2008.07.03,Victim list,,2021.04.12,visual_only_manual_p21
EFTA00095751,21,79,3501.128.016,2008.07.21,Letter from [redacted] to [redacted],,2021.04.12,visual_only_manual_p21
EFTA00095751,22,1,3501.125-040,2002.10.04,Palm Beach Police Department preliminary report,,2021.04.1,visual_retranscribe_p22
EFTA00095751,22,2,3501.125-058,2007.12.06,[redacted],,2021.04.1,visual_retranscribe_p22
EFTA00095751,22,3,3501.125-041,,Testimony of [redacted],,2021.04.1,visual_retranscribe_p22
EFTA00095751,22,4,3501.125-042,,Testimony of [redacted],,2021.04.1,visual_retranscribe_p22
EFTA00095751,22,5,3501.125-043,2007.05.01,Testimony of [redacted],,2021.04.1,visual_retranscribe_p22
EFTA00095751,22,6,3501.125-044,,Testimony of [redacted],,2021.04.1,visual_retranscribe_p22
EFTA00095751,22,7,3501.125-045,,Law enforcement report regarding [redacted],,2021.04.1,visual_retranscribe_p22
EFTA00095751,22,8,3501.125-046,,Testimony of [redacted],,2021.04.1,visual_retranscribe_p22
EFTA00095751,22,9,3501.125-051,2007.05.31,Testimony of [redacted],,2022.08.1,visual_retranscribe_p22
EFTA00095751,22,10,3501.125-052,,Testimony of [redacted],,2022.08.1,visual_retranscribe_p22
EFTA00095751,22,11,3501.125-053,2007.05.31,Testimony of [redacted],,2022.08.1,visual_retranscribe_p22
EFTA00095751,22,12,3501.125-054,,Law enforcement report regarding [redacted],,2022.08.1,visual_retranscribe_p22
EFTA00095751,22,13,3501.125-055,2007.05.08,Testimony of [redacted],,2022.08.1,visual_retranscribe_p22
EFTA00095751,22,14,3501.125-015,,Law enforcement report regarding [redacted],,2022.08.1,visual_retranscribe_p22
EFTA00095751,22,15,3501.125-016,1998.04.24,Testimony of [redacted],,2021.04.14,visual_retranscribe_p22
EFTA00095751,22,16,3501.125-017,,Person search results [redacted],,2021.04.14,visual_retranscribe_p22
EFTA00095751,22,17,3501.125-018,,[redacted],,2021.04.14,visual_retranscribe_p22
EFTA00095751,22,18,3501.125-019,,[redacted],,2021.04.14,visual_retranscribe_p22
EFTA00095751,22,19,3501.125-020,,[redacted] FD-302,,2021.04.14,visual_retranscribe_p22
EFTA00095751,22,20,3501.125-021,2007.11.09,[redacted],,2021.04.14,visual_retranscribe_p22
EFTA00095751,22,29,3501.125-098,2006.07.24,File report regarding case opening,,2021.07.23,visual_retranscribe_p22
EFTA00095751,22,30,3501.125-099,2006.07.24,File report regarding case opening,,2021.07.23,visual_retranscribe_p22
EFTA00095751,22,37,3501.125-031,2007.12.18,Palm Beach County search warrant and application,,2021.07.23,visual_retranscribe_p22
EFTA00095751,22,44,3501.125-085,,Search reports,,Susan Novitske; Kathleen Cassidy,2021.03.13
EFTA00095751,22,45,3501.125-086,2005.12.12,Memorandum; memo,,Samesh Guha,2021.01.15
EFTA00095751,22,46,3501.126,,,,,visual_retranscribe_p22
EFTA00095751,22,47,3501.126-001,2005.12.19,Law enforcement report regarding [redacted],N/A,2021.07.12,visual_retranscribe_p22
EFTA00095751,22,48,3501.127,,,,,visual_retranscribe_p22
EFTA00095751,22,49,3501.127-001,2008.07.13,Palm Beach Police Department incident report,N/A,2021.04.12,visual_retranscribe_p22
EFTA00095751,22,50,3501.128,,,,,visual_retranscribe_p22
EFTA00095751,22,51,3501.128-001,2003.07.15,Palm Beach Police Department incident report,,2022.08.12,visual_retranscribe_p22
EFTA00095751,22,52,3501.128-016,,,,,visual_retranscribe_p22
EFTA00095751,22,53,3501.128-096,,Palm Beach Police Department evidence/property tracking report,,2021.08.13,visual_retranscribe_p22
EFTA00095751,23,1,3501.128-051,2006.11.06,Poster notice,,2021.04.1,visual_retranscribe_p23
EFTA00095751,23,2,3501.128-134,,[redacted],,2021.04.1,visual_retranscribe_p23
EFTA00095751,23,3,3501.128-135,,Audio file: full tape recording; side 01,,2021.07.23,visual_retranscribe_p23
EFTA00095751,23,4,3501.128-136,,Audio file: full tape recording; side 02,,2021.07.23,visual_retranscribe_p23
EFTA00095751,23,5,3501.128-137,,[redacted],,2021.07.23,visual_retranscribe_p23
EFTA00095751,23,6,3501.128-138,,[redacted],,2021.07.23,visual_retranscribe_p23
EFTA00095751,23,7,3501.128-021,2006.10.05,Florida S.A.R.I.D. individual summary page for [redacted],,2023.01.24,visual_retranscribe_p23
EFTA00095751,23,8,3501.128-022,,Print history search results,,2022.07.13,visual_retranscribe_p23
EFTA00095751,23,9,3501.128-023,,PBSO database search affidavit regarding [redacted],,2022.07.13,visual_retranscribe_p23
EFTA00095751,23,12,3501.128-030,,,,,visual_retranscribe_p23
EFTA00095751,23,15,3501.128-033,,Screenshot of text message,,2021.07.7,visual_retranscribe_p23
EFTA00095751,23,16,3501.128-034,,Screenshot of text message,,2021.07.7,visual_retranscribe_p23
EFTA00095751,23,17,3501.128-035,,Screenshot of text message,,2021.07.7,visual_retranscribe_p23
EFTA00095751,23,18,3501.128-036,,Screenshot of text message,,2021.07.7,visual_retranscribe_p23
EFTA00095751,23,19,3501.128-037,,Screenshot of text [redacted],,2021.07.7,visual_retranscribe_p23
EFTA00095751,23,20,3501.128-038,,Screenshot of text [redacted],,2021.07.7,visual_retranscribe_p23
EFTA00095751,23,21,3501.128-039,,Screenshot of text [redacted],,2021.07.7,visual_retranscribe_p23
EFTA00095751,23,28,3501.128-146,2002.12.18,Palm Beach County search warrant and application,,2021.08.1,visual_retranscribe_p23
EFTA00095751,23,31,3501.128-150,,,N/A,2021.03.13,visual_retranscribe_p23
EFTA00095751,23,32,3501.129,,,,,visual_retranscribe_p23
EFTA00095751,23,33,3501.129-001,2006.12.04,Law enforcement report regarding Adam Perry Lang,,2021.08.12,visual_retranscribe_p23
EFTA00095751,23,34,3501.129-002,,Two photographs of Adam Perry Lang,,2021.08.12,visual_retranscribe_p23
EFTA00095751,23,37,3501.129-005,2009.09.22,Notes from call with Larry Guthberg regarding Adam Perry Lang,,2022.08.12,visual_retranscribe_p23
EFTA00095751,23,38,3501.129-006,2009.09.25,Adam Perry Lang interview; notes,,Lawrence Guthberg,2021.08.12
EFTA00095751,23,39,3501.130,,,,,visual_retranscribe_p23
EFTA00095751,23,41,3501.130-004,2006.07.17,Florida S.A.R.I.D. individual summary page for [redacted],,2021.08.12,visual_retranscribe_p23
EFTA00095751,23,42,3501.130-005,2005.08.02,Record search; regarding [redacted],,2021.08.12,visual_retranscribe_p23
EFTA00095751,23,43,3501.130-006,2006.09.06,[redacted] fingerprint history,,2021.04.14,visual_retranscribe_p23
EFTA00095751,23,44,3501.130-096,,Palm Beach Police Department evidence/property tracking report,,2021.08.13,visual_retranscribe_p23
EFTA00095751,23,45,3501.130-010,2006.08.30,Palm Beach Police Department evidence/property tracking report,,2021.08.13,visual_retranscribe_p23
EFTA00095751,24,1,3501.130-060,2006.01.09,Audio file; full tape recording; side 01,,2021.07.23,visual_retranscribe_p24
EFTA00095751,24,2,3501.130-061,2006.01.09,Audio file; full tape recording; side 02,,2021.07.23,visual_retranscribe_p24
EFTA00095751,24,3,3501.130-056,2006.10.09,Audio file (CD from; tape recording),,2021.07.7,visual_retranscribe_p24
EFTA00095751,24,4,3501.130-095,2005.12.13,Florida S.A.R.I.D. individual summary page for [redacted],,2021.07.7,visual_retranscribe_p24
EFTA00095751,24,5,3501.130-096,,PBPD probable cause affidavit regarding [redacted],,2021.07.23,visual_retranscribe_p24
EFTA00095751,24,6,3501.130-097,2006.05.30,MAPD protective order regarding [redacted],,2021.07.21,visual_retranscribe_p24
EFTA00095751,24,8,3501.130-081,2006.07.31,Florida S.A.R.I.D. individual summary page for [redacted],,2021.07.2,visual_retranscribe_p24
EFTA00095751,24,11,3501.130-145,,Memorandum regarding case opening and assignment,,2021.07.23,visual_retranscribe_p24
EFTA00095751,24,12,3501.130-146,,Memorandum regarding leads and investigation,,2021.07.23,visual_retranscribe_p24
EFTA00095751,24,14,3501.130-148,,Screenshot of text [redacted],,2021.07.7,visual_retranscribe_p24
EFTA00095751,24,15,3501.130-149,,Screenshot of text [redacted],,2021.07.7,visual_retranscribe_p24
EFTA00095751,24,16,3501.130-150,,Screenshot of text through [redacted],,2021.07.7,visual_retranscribe_p24
EFTA00095751,24,17,3501.130-151,,Screenshot of text [redacted],,2021.07.7,visual_retranscribe_p24
EFTA00095751,24,20,3501.130-154,,Text chat/Instant; notes,,N/A,2021.01.05
EFTA00095751,24,21,3501.131,,,,,visual_retranscribe_p24
EFTA00095751,24,23,3501.131-002,,,N/A,,visual_retranscribe_p24
EFTA00095751,24,24,3501.132,,,,,visual_retranscribe_p24
EFTA00095751,24,25,3501.132-001,2007.07.17,Florida S.A.R.I.D. individual summary page for [redacted],,2021.08.12,visual_retranscribe_p24
EFTA00095751,24,30,3501.132-065,,Description of the lot,,N/A,
EFTA00095751,24,31,3501.133,,,,,visual_retranscribe_p24
EFTA00095751,24,32,3501.133-001,2007.11.15,Florida S.A.R.I.D. individual summary page for [redacted],N/A,2021.08.13,visual_retranscribe_p24
EFTA00095751,24,33,3501.134,,,,,visual_retranscribe_p24
EFTA00095751,24,34,3501.134-001,2003.11.18,Florida S.A.R.I.D. individual summary page for Paul Lavery,,2021.08.12,visual_retranscribe_p24
EFTA00095751,24,35,3501.134-004,2005.12.23,Intel Basic; business report results for So Yourself a Facial Inc.,,2021.08.12,visual_retranscribe_p24
EFTA00095751,24,36,3501.134-005,2005.12.23,Research of licensing agency search for Paul Lavery and associates,,2021.08.12,visual_retranscribe_p24
EFTA00095751,24,37,3501.134-006,,DAVID screening for Paul Andrew Lavery,,2022.04.12,visual_retranscribe_p24
EFTA00095751,24,38,3501.134-013,,NCAS screening for Paul Andrew Lavery,,2022.04.12,visual_retranscribe_p24
EFTA00095751,24,44,3501.134-019,,Person Records,N/A,2021.01.13,visual_retranscribe_p24
EFTA00095751,24,45,3501.135,,,,,visual_retranscribe_p24
EFTA00095751,24,47,3501.135-068,2005.12.14,Palm Beach Police Department grounding request,,2021.08.6,visual_retranscribe_p24
EFTA00095751,25,1,3501.135-001,2008.08.04,[redacted],,2023.04.13,visual_retranscribe_p25
EFTA00095751,25,2,3501.135-002,2008.08.08,[redacted],,2023.04.13,visual_retranscribe_p25
EFTA00095751,25,3,3501.135-003,2008.08.28,Letter to Jeffrey Herman from [redacted] attorney,,2023.04.13,visual_retranscribe_p25
EFTA00095751,25,4,3501.135-004,2008.08.28,[redacted],,2023.04.13,visual_retranscribe_p25
EFTA00095751,25,5,3501.135-005,2008.08.28,[redacted],,2023.04.13,visual_retranscribe_p25
EFTA00095751,25,6,3501.135-006,2008.08.16,[redacted],,2023.04.13,visual_retranscribe_p25
EFTA00095751,25,7,3501.135-007,,Palm Beach Police Department evidence/property tracking report,,2023.04.13,visual_retranscribe_p25
EFTA00095751,25,8,3501.135-008,2008.08.16,Palm Beach Police Department property receipt,,2023.04.13,visual_retranscribe_p25
EFTA00095751,25,9,3501.135-009,2008.11.05,[redacted],,2023.04.13,visual_retranscribe_p25
EFTA00095751,25,10,3501.135-010,2008.11.03,[redacted] attorney retainer,,2023.04.13,visual_retranscribe_p25
EFTA00095751,25,11,3501.135-011,,Interview 302,,2023.04.13,visual_retranscribe_p25
EFTA00095751,25,12,3501.135-012,,Interview notes,,2023.04.13,visual_retranscribe_p25
EFTA00095751,25,13,3501.135-013,2008.04.12,Florida S.A.V.I.C. [redacted],,2023.04.13,visual_retranscribe_p25
EFTA00095751,25,14,3501.135-014,2008.04.17,[redacted],,2023.04.13,visual_retranscribe_p25
EFTA00095751,25,15,3501.135-015,,Florida S.A.V.I.C. phone line toll,,2023.04.13,visual_retranscribe_p25
EFTA00095751,25,16,3501.135-016,,Receipt from an accountant at [redacted] and Fox Ltd,,2023.04.13,visual_retranscribe_p25
EFTA00095751,25,17,3501.135-017,,Letter to Jack Goldberger from Jeffrey Herman,,2023.04.13,visual_retranscribe_p25
EFTA00095751,25,18,3501.135-018,,Letter [redacted],,2023.04.13,visual_retranscribe_p25
EFTA00095751,25,19,3501.135-019,,Letter to Jeffrey Herman [redacted],,2023.04.13,visual_retranscribe_p25
EFTA00095751,25,20,3501.135-020,2008.07.25,[redacted],,2023.04.13,visual_retranscribe_p25
EFTA00095751,25,21,3501.135-021,2008.12.08,[redacted] correspondence/letter/subpoena,,2023.04.13,visual_retranscribe_p25
EFTA00095751,25,22,3501.135-022,,Re-investigation authorization request,,2023.04.13,visual_retranscribe_p25
EFTA00095751,25,23,3501.135-023,,,N/A,,visual_retranscribe_p25
EFTA00095751,25,24,3501.135-024,2006.11.11,[redacted],,2023.04.13,visual_retranscribe_p25
EFTA00095751,25,25,3501.135-025,2008.12.11,Memorandum [redacted],,2023.04.13,visual_retranscribe_p25
EFTA00095751,25,26,3501.135-026,2005.12.13,Audio file (full tape recording) side A,,2023.04.13,visual_retranscribe_p25
EFTA00095751,25,27,3501.135-027,2005.12.13,Audio file (full tape recording) side B,,2023.04.13,visual_retranscribe_p25
EFTA00095751,25,28,3501.135-028,2008.05.01,PBPD probable cause affidavit regarding [redacted],,2023.07.13,visual_retranscribe_p25
EFTA00095751,25,29,3501.135-029,,FBI log,,2023.04.13,visual_retranscribe_p25
EFTA00095751,25,30,3501.135-030,,Police report,,2023.04.13,visual_retranscribe_p25
EFTA00095751,25,31,3501.135-031,,Various search records regarding [redacted],,2023.04.13,visual_retranscribe_p25
EFTA00095751,25,32,3501.135-032,,Various search records regarding [redacted],,2023.04.13,visual_retranscribe_p25
EFTA00095751,25,33,3501.135-033,2008.04.18,[redacted],,2023.04.13,visual_retranscribe_p25
EFTA00095751,25,34,3501.135-034,2008.08.04,[redacted],,2023.04.13,visual_retranscribe_p25
EFTA00095751,25,35,3501.135-035,,Lead and cover sheets,,2023.04.13,visual_retranscribe_p25
EFTA00095751,25,36,3501.135-036,2008.09.11,[redacted],,2023.04.13,visual_retranscribe_p25
EFTA00095751,25,37,3501.135-037,2005.09.13,Disclosure pages,,2023.04.13,visual_retranscribe_p25
EFTA00095751,25,38,3501.135-038,,,N/A,,visual_retranscribe_p25
EFTA00095751,25,39,3501.135-039,,Draft report,,2023.04.13,visual_retranscribe_p25
EFTA00095751,25,40,3501.136,,,,,visual_retranscribe_p25
EFTA00095751,25,41,3501.136-001,2007.12.08,Florida S.A.V.I.C. individual summary page for [redacted],N/A,2023.04.11,visual_retranscribe_p25
EFTA00095751,25,42,3501.137,,,,,visual_retranscribe_p25
EFTA00095751,25,43,3501.137-001,2008.12.08,[redacted] interview notes,,2023.04.13,visual_retranscribe_p25
EFTA00095751,25,44,3501.137-002,,Interview 302,N/A,2023.04.13,visual_retranscribe_p25
EFTA00095751,25,45,3501.138,,,,,visual_retranscribe_p25
EFTA00095751,25,46,3501.138-001,2005.10.20,[redacted],,2023.04.13,visual_retranscribe_p25
EFTA00095751,25,47,3501.138-002,,Palm Beach Police Department evidence/property tracking report,,2023.04.13,visual_retranscribe_p25
EFTA00095751,25,48,3501.138-003,2005.10.26,Palm Beach Police Department property receipt,,2023.04.13,visual_retranscribe_p25
EFTA00095751,25,49,3501.138-004,,,N/A,,visual_retranscribe_p25
EFTA00095751,25,50,3501.138-005,,Florida S.A.V.I.C. driver license information search,,2023.04.13,visual_retranscribe_p25
EFTA00095751,25,51,3501.138-006,2008.08.22,[redacted],,2023.04.13,visual_retranscribe_p25
EFTA00095751,25,52,3501.138-007,,Palm Beach Police Department property receipt,,2023.04.13,visual_retranscribe_p25
EFTA00095751,25,53,3501.138-008,,Police report,,2023.04.13,visual_retranscribe_p25
EFTA00095751,25,54,3501.138-009,,Palm Beach Police Department evidence/property tracking report,,2023.04.13,visual_retranscribe_p25
EFTA00095751,25,55,3501.138-010,2008.08.24,[redacted],,2023.04.13,visual_retranscribe_p25
EFTA00095751,25,56,3501.138-011,,Palm Beach County record search and application,,2023.04.13,visual_retranscribe_p25
EFTA00095751,25,57,3501.138-012,,Florida S.A.V.I.C. [redacted],,2023.04.13,visual_retranscribe_p25
EFTA00095751,25,58,3501.138-013,,Florida S.A.V.I.C. [redacted],,2023.04.13,visual_retranscribe_p25
EFTA00095751,25,59,3501.138-014,2008.12.01,[redacted],,2023.04.13,visual_retranscribe_p25
EFTA00095751,25,60,3501.138-015,,Interview 302,,2023.04.13,visual_retranscribe_p25
EFTA00095751,25,61,3501.138-016,,Interview notes,,2023.04.13,visual_retranscribe_p25
EFTA00095751,25,62,3501.138-017,,[redacted],,2023.04.13,visual_retranscribe_p25
EFTA00095751,25,63,3501.138-018,,[redacted],,2023.04.13,visual_retranscribe_p25
EFTA00095751,26,1,3501.138-101,2008.07.08,Letter to Jeffrey Herman from [redacted],,2023.04.13,visual_retranscribe_p26
EFTA00095751,26,2,3501.138-102,2008.07.22,Letter to Jeffrey Herman [redacted] certified mail receipt,,2023.04.13,visual_retranscribe_p26
EFTA00095751,26,3,3501.138-103,,Letter [redacted],,2023.04.13,visual_retranscribe_p26
EFTA00095751,26,4,3501.138-104,,Internet,,2023.04.13,visual_retranscribe_p26
EFTA00095751,26,5,3501.138-105,,Photocopy of [redacted],,2023.04.13,visual_retranscribe_p26
EFTA00095751,26,6,3501.138-106,,Re-investigation authorization,,2023.04.13,visual_retranscribe_p26
EFTA00095751,26,7,3501.138-121,2007.12.03,Florida S.A.V.I.C. individual summary page for [redacted],,2023.07.13,visual_retranscribe_p26
EFTA00095751,26,8,3501.138-122,,PBPD probable cause affidavit regarding [redacted],,2023.07.13,visual_retranscribe_p26
EFTA00095751,26,9,3501.138-123,2008.05.01,FBI report regarding interview with [redacted],,2023.07.13,visual_retranscribe_p26
EFTA00095751,26,10,3501.138-124,,Interview 302,,2023.07.13,visual_retranscribe_p26
EFTA00095751,26,11,3501.138-125,,Interview notes,,2023.07.13,visual_retranscribe_p26
EFTA00095751,26,12,3501.138-126,,Audio file (full tape recording) side A,,2023.07.13,visual_retranscribe_p26
EFTA00095751,26,13,3501.138-127,,Audio file (full tape recording) side B,,2023.07.13,visual_retranscribe_p26
EFTA00095751,26,14,3501.138-128,,Audio file (copy from tape recording),,2023.07.13,visual_retranscribe_p26
EFTA00095751,26,15,3501.138-129,,Police report,,2023.07.13,visual_retranscribe_p26
EFTA00095751,26,16,3501.138-130,,Various search records regarding [redacted],,2023.07.13,visual_retranscribe_p26
EFTA00095751,26,17,3501.138-131,,Various search records regarding [redacted],,2023.07.13,visual_retranscribe_p26
EFTA00095751,26,18,3501.138-132,2005.10.04,[redacted],,2023.07.13,visual_retranscribe_p26
EFTA00095751,26,19,3501.138-133,,Lead and cover sheets,,2023.07.13,visual_retranscribe_p26
EFTA00095751,26,20,3501.138-134,2008.08.04,[redacted],,2023.07.13,visual_retranscribe_p26
EFTA00095751,26,21,3501.138-135,,Palm Beach County record search and application,,2023.07.13,visual_retranscribe_p26
EFTA00095751,26,22,3501.138-136,2008.09.04,[redacted],,2023.07.13,visual_retranscribe_p26
EFTA00095751,26,23,3501.138-137,,[redacted],N/A,,visual_retranscribe_p26
EFTA00095751,26,24,3501.139,,,,,visual_retranscribe_p26
EFTA00095751,26,25,3501.139-001,2003.01.14,Visa card/loan interview 302,N/A,2023.08.12,visual_retranscribe_p26
EFTA00095751,26,26,3501.140,,,,,visual_retranscribe_p26
EFTA00095751,26,27,3501.140-001,2007.04.24,LexIS full information,N/A,2023.04.12,visual_retranscribe_p26
EFTA00095751,26,28,3501.141,,,,,visual_retranscribe_p26
EFTA00095751,26,29,3501.141-001,,Interview [redacted],,2023.04.13,visual_retranscribe_p26
EFTA00095751,26,30,3501.142,,,,,visual_retranscribe_p26
EFTA00095751,26,31,3501.142-001,2021.01.26,Sub complaint,,2023.08.12,visual_retranscribe_p26
EFTA00095751,26,32,3501.142-002,2021.06.01,[redacted] certified mail and filing regarding [redacted],,2023.04.13,visual_retranscribe_p26
EFTA00095751,26,33,3501.142-003,,Interview 302,Jeffrey Pagliuca,2023.04.13,visual_retranscribe_p26
EFTA00095751,26,34,3501.143,,,,,visual_retranscribe_p26
EFTA00095751,26,35,3501.143-001,2007.12.08,Interview notes,,2023.04.13,visual_retranscribe_p26
EFTA00095751,26,36,3501.143-002,,Interview 302,N/A,2023.04.13,visual_retranscribe_p26
EFTA00095751,26,37,3501.144,,,,,visual_retranscribe_p26
EFTA00095751,26,38,3501.144-001,,National comprehensive report for [redacted],,2023.04.13,visual_retranscribe_p26
EFTA00095751,26,39,3501.144-002,2005.12.18,Florida S.A.V.I.C. individual summary page for [redacted],,2023.04.13,visual_retranscribe_p26
EFTA00095751,26,40,3501.144-003,,,N/A,,visual_retranscribe_p26
EFTA00095751,26,41,3501.144-004,,,N/A,,visual_retranscribe_p26
EFTA00095751,26,42,3501.144-005,2008.08.01,Florida S.A.V.I.C. individual summary page for [redacted],,2023.04.13,visual_retranscribe_p26
EFTA00095751,26,43,3501.144-006,,Palm Beach Police Department evidence/property tracking report,,2023.04.13,visual_retranscribe_p26
EFTA00095751,26,44,3501.144-007,2005.08.16,Palm Beach Police Department property receipt,,2023.04.13,visual_retranscribe_p26
EFTA00095751,26,45,3501.144-008,,Florida S.A.V.I.C. [redacted],,2023.04.13,visual_retranscribe_p26
EFTA00095751,26,46,3501.144-009,,Florida S.A.V.I.C. [redacted],,2023.04.13,visual_retranscribe_p26
EFTA00095751,26,47,3501.144-010,,[redacted],,2023.04.13,visual_retranscribe_p26
EFTA00095751,26,48,3501.144-011,,Interview 302,,2023.04.13,visual_retranscribe_p26
EFTA00095751,26,49,3501.144-012,,Interview notes,,2023.04.13,visual_retranscribe_p26
EFTA00095751,26,50,3501.144-013,,Letter [redacted],,2023.04.13,visual_retranscribe_p26
EFTA00095751,26,51,3501.144-014,,Lead cover sheet,,2023.04.13,visual_retranscribe_p26
EFTA00095751,26,52,3501.144-015,,[redacted],,2023.04.13,visual_retranscribe_p26
EFTA00095751,26,53,3501.144-016,,Police report,,2023.04.13,visual_retranscribe_p26
EFTA00095751,26,54,3501.144-017,,Re-investigation authorization,,2023.04.13,visual_retranscribe_p26
EFTA00095751,27,1,3501.144-020,2018.12.04,FBI memorandum regarding providing victim/witness to future [redacted],,2023.04.13,visual_retranscribe_p27
EFTA00095751,27,2,3501.144-030,2018.12.04,[redacted] report regarding forwarding information to [redacted],,2023.04.13,visual_retranscribe_p27
EFTA00095751,27,3,3501.144-040,2018.12.04,[redacted],,2023.04.13,visual_retranscribe_p27
EFTA00095751,27,4,3501.144-050,,Memorandum regarding [redacted] contact with [redacted],,2023.04.13,visual_retranscribe_p27
EFTA00095751,27,5,3501.144-055,2018.03.13,[redacted],,2023.04.13,visual_retranscribe_p27
EFTA00095751,27,6,3501.144-056,,Interview 302,,2023.04.13,visual_retranscribe_p27
EFTA00095751,27,7,3501.144-057,,[redacted],,2023.04.13,visual_retranscribe_p27
EFTA00095751,27,8,3501.144-058,2018.03.15,Interview 302,,2023.04.13,visual_retranscribe_p27
EFTA00095751,27,9,3501.144-059,2018.03.15,[redacted],,2023.04.13,visual_retranscribe_p27
EFTA00095751,27,10,3501.144-060,,Document provided [redacted],,2023.04.13,visual_retranscribe_p27
EFTA00095751,27,11,3501.144-061,,Interview 302,,2023.04.13,visual_retranscribe_p27
EFTA00095751,27,12,3501.144-062,,Insurance [redacted],,2023.04.13,visual_retranscribe_p27
EFTA00095751,27,13,3501.144-063,2007.12.12,National comprehensive report regarding [redacted],,2023.04.13,visual_retranscribe_p27
EFTA00095751,27,14,3501.144-064,,,N/A,,visual_retranscribe_p27
EFTA00095751,27,15,3501.144-065,2017.12.04,FBI report regarding investigation and victim information,,2023.07.13,visual_retranscribe_p27
EFTA00095751,27,16,3501.144-066,,[redacted],,2023.04.13,visual_retranscribe_p27
EFTA00095751,27,17,3501.144-067,,FBI report regarding [redacted],,2023.04.13,visual_retranscribe_p27
EFTA00095751,27,18,3501.144-068,,FBI report regarding [redacted],,2023.04.13,visual_retranscribe_p27
EFTA00095751,27,19,3501.144-069,,Police report,,2023.04.13,visual_retranscribe_p27
EFTA00095751,27,20,3501.144-070,2008.03.18,Palm Beach County record search and application,,2023.04.13,visual_retranscribe_p27
EFTA00095751,27,21,3501.144-071,,LexIS/internet search of [redacted],,2023.04.13,visual_retranscribe_p27
EFTA00095751,27,22,3501.144-072,,Various search records regarding [redacted],,2023.04.13,visual_retranscribe_p27
EFTA00095751,27,23,3501.144-073,2005.07.08,Email regarding [redacted],,2023.01.13,visual_retranscribe_p27
EFTA00095751,27,24,3501.144-074,,Lead and cover sheets,,2023.01.13,visual_retranscribe_p27
EFTA00095751,27,25,3501.144-075,2005.07.14,TOPS information print out,,2023.01.13,visual_retranscribe_p27
EFTA00095751,27,26,3501.144-076,,Email regarding [redacted],,2023.01.13,visual_retranscribe_p27
EFTA00095751,27,27,3501.144-080,,GPS shipping label,Karen Meybeeck,2023.01.13,visual_retranscribe_p27
EFTA00095751,27,28,3501.145,,,,,visual_retranscribe_p27
EFTA00095751,27,29,3501.145-001,2023.02.03,[redacted],,2023.04.12,visual_retranscribe_p27
EFTA00095751,27,30,3501.145-002,2023.02.03,Email from [redacted],,2023.04.12,visual_retranscribe_p27
EFTA00095751,27,31,3501.145-003,2023.01.18,[redacted],,2023.04.12,visual_retranscribe_p27
EFTA00095751,27,32,3501.145-004,2023.01.18,Email from [redacted],,2023.04.12,visual_retranscribe_p27
EFTA00095751,27,33,3501.145-005,,Interview 302,,2023.04.12,visual_retranscribe_p27
EFTA00095751,27,34,3501.145-006,2023.02.14,[redacted],,2023.04.12,visual_retranscribe_p27
EFTA00095751,27,35,3501.145-007,,Photographs from [redacted],,2023.04.12,visual_retranscribe_p27
EFTA00095751,27,36,3501.145-008,2023.02.13,Photographs from [redacted] (3501.145-008 through 3501.145-069),,2023.05.13,visual_retranscribe_p27
EFTA00095751,27,37,3501.145-070,2023.02.11,[redacted],,2023.04.12,visual_retranscribe_p27
EFTA00095751,27,38,3501.145-071,2023.03.11,Email from [redacted],,2023.04.12,visual_retranscribe_p27
EFTA00095751,27,39,3501.145-072,2023.03.11,Email from [redacted],,2023.04.12,visual_retranscribe_p27
EFTA00095751,27,40,3501.145-073,2023.03.11,Email from [redacted],,2023.04.12,visual_retranscribe_p27
EFTA00095751,27,41,3501.145-074,2023.03.11,Email from [redacted],,2023.04.12,visual_retranscribe_p27
EFTA00095751,27,42,3501.145-075,2023.03.11,Email from [redacted],,2023.04.12,visual_retranscribe_p27
EFTA00095751,27,43,3501.145-076,2023.03.11,Email from [redacted],,2023.04.12,visual_retranscribe_p27
EFTA00095751,27,44,3501.145-077,2023.03.11,Email from [redacted],,2023.04.12,visual_retranscribe_p27
EFTA00095751,27,45,3501.145-078,2023.03.11,Email from [redacted],,2023.04.12,visual_retranscribe_p27
EFTA00095751,27,46,3501.145-079,2023.03.11,[redacted],,2023.04.12,visual_retranscribe_p27
EFTA00095751,27,47,3501.145-080,2017.11.27,[redacted],,2023.04.12,visual_retranscribe_p27
EFTA00095751,27,48,3501.145-081,,[redacted],,2023.04.12,visual_retranscribe_p27
EFTA00095751,28,1,3501.145-085,,Email from [redacted],,,visual_retranscribe_p28
EFTA00095751,28,2,3501.145-086,,Email from [redacted],,,visual_retranscribe_p28
EFTA00095751,28,3,3501.145-087,2021.03.04,Email from [redacted],,,visual_retranscribe_p28
EFTA00095751,28,4,3501.145-088,2021.03.04,[redacted],,,visual_retranscribe_p28
EFTA00095751,28,5,3501.145-089,2021.03.04,[redacted],,,visual_retranscribe_p28
EFTA00095751,28,6,3501.145-090,2021.03.04,Email from [redacted],,,visual_retranscribe_p28
EFTA00095751,28,7,3501.145-091,2021.03.04,Email from [redacted],,,visual_retranscribe_p28
EFTA00095751,28,8,3501.145-092,2021.03.04,[redacted],,,visual_retranscribe_p28
EFTA00095751,28,9,3501.145-093,2021.03.04,Individual notes,,,visual_retranscribe_p28
EFTA00095751,28,10,3501.145-094,2021.03.04,[redacted],,,visual_retranscribe_p28
EFTA00095751,28,11,3501.145-095,2021.03.04,[redacted],,,visual_retranscribe_p28
EFTA00095751,28,12,3501.145-096,2021.03.04,[redacted],,,visual_retranscribe_p28
EFTA00095751,28,13,3501.145-097,2021.03.04,[redacted],,,visual_retranscribe_p28
EFTA00095751,28,14,3501.145-098,2021.03.04,[redacted],,,visual_retranscribe_p28
EFTA00095751,28,15,3501.145-099,2021.03.04,[redacted],,,visual_retranscribe_p28
EFTA00095751,28,16,3501.145-100,2021.03.04,[redacted],,,visual_retranscribe_p28
EFTA00095751,28,17,3501.145-101,2021.03.04,[redacted],,,visual_retranscribe_p28
EFTA00095751,28,18,3501.145-102,2021.03.06,[redacted],,,visual_retranscribe_p28
EFTA00095751,28,19,3501.145-103,2021.03.06,[redacted],,,visual_retranscribe_p28
EFTA00095751,28,20,3501.145-104,2021.03.06,[redacted] (interview notes),,,visual_retranscribe_p28
EFTA00095751,28,21,3501.145-105,2021.10.13,[redacted] (interview notes),N/A,,visual_retranscribe_p28
EFTA00095751,28,22,3501.146,,,,,visual_retranscribe_p28
EFTA00095751,28,23,3501.146-001,2006.08.03,Florida S.A.V.I.D. individual summary page for [redacted],,2021.04.12,visual_retranscribe_p28
EFTA00095751,28,24,3501.146-002,2006.08.21,PBASS screening for house along [redacted],,2021.04.12,visual_retranscribe_p28
EFTA00095751,28,25,3501.146-003,,School records for [redacted],,2021.09.11,visual_retranscribe_p28
EFTA00095751,28,26,3501.146-004,,AD Call information for [redacted],,2021.04.12,visual_retranscribe_p28
EFTA00095751,28,27,3501.146-005,2006.08.04,[redacted],,2021.04.12,visual_retranscribe_p28
EFTA00095751,28,28,3501.146-006,,twitter [redacted],,2021.04.12,visual_retranscribe_p28
EFTA00095751,28,29,3501.146-007,,Google search re [redacted] victim information,,2021.04.12,visual_retranscribe_p28
EFTA00095751,28,30,3501.146-008,2004.08.19,[redacted],,2021.04.12,visual_retranscribe_p28
EFTA00095751,28,31,3501.146-009,,Individual notes,,2021.04.12,visual_retranscribe_p28
EFTA00095751,28,32,3501.146-010,2004.08.19,[redacted],,2021.04.12,visual_retranscribe_p28
EFTA00095751,28,33,3501.146-011,,Individual notes,,2021.04.12,visual_retranscribe_p28
EFTA00095751,28,34,3501.146-012,2004.08.18,ADT CAD Call information,,2021.07.23,visual_retranscribe_p28
EFTA00095751,28,35,3501.146-013,2006.07.13,[redacted],,2021.07.23,visual_retranscribe_p28
EFTA00095751,28,36,3501.146-014,2006.07.19,Florida S.A.V.I.D. individual summary page for [redacted],,2021.07.23,visual_retranscribe_p28
EFTA00095751,28,37,3501.146-015,,Parallel construction records regarding [redacted],,2021.07.23,visual_retranscribe_p28
EFTA00095751,28,38,3501.146-016,2006.06.28,HR report regarding [redacted],N/A,,visual_retranscribe_p28
EFTA00095751,28,39,3501.146-017,,Internal [redacted],N/A,,visual_retranscribe_p28
EFTA00095751,28,40,3501.147,,,,,visual_retranscribe_p28
EFTA00095751,28,41,3501.147-001,,Interview notes,,2021.04.12,visual_retranscribe_p28
EFTA00095751,28,42,3501.147-002,,Interview 302,,2021.04.11,visual_retranscribe_p28
EFTA00095751,28,43,3501.147-003,2021.01.06,Interview notes,N/A,,visual_retranscribe_p28
EFTA00095751,28,44,3501.148,,,Patrick McKenna,,visual_retranscribe_p28
EFTA00095751,28,45,3501.148-001,2006.11.22,Florida S.A.V.I.D. individual summary page for Patrick McKenna,,2021.04.12,visual_retranscribe_p28
EFTA00095751,28,46,3501.148-002,2006.11.22,Florida S.A.V.I.D. individual summary page for Patrick McKenna,N/A,2021.04.15,visual_retranscribe_p28
EFTA00095751,28,47,3501.149,,,,,visual_retranscribe_p28
EFTA00095751,28,48,3501.149-001,2007.01.22,Florida S.A.V.I.D. individual summary,,2021.04.12,visual_retranscribe_p28
EFTA00095751,28,49,3501.149-002,2004.12.17,PBASS screening regarding [redacted],,2021.04.12,visual_retranscribe_p28
EFTA00095751,28,50,3501.149-003,,School records regarding [redacted],,2021.04.12,visual_retranscribe_p28
EFTA00095751,28,51,3501.149-004,2006.07.21,Palm Beach Police Department Incident report,,2021.04.12,visual_retranscribe_p28
EFTA00095751,28,52,3501.149-005,2006.07.17,[redacted],,2021.04.12,visual_retranscribe_p28
EFTA00095751,28,53,3501.149-006,,Florida S.A.V.I.D. street license/registration [redacted],,,visual_retranscribe_p28
EFTA00095751,28,54,3501.149-007,2006.07.19,[redacted],,2021.04.12,visual_retranscribe_p28
EFTA00095751,28,55,3501.149-008,2006.07.19,Interview notes,,2021.04.12,visual_retranscribe_p28
EFTA00095751,28,56,3501.149-009,,Individual notes,,2021.04.12,visual_retranscribe_p28
EFTA00095751,28,57,3501.149-010,,Individual notes,,2021.04.12,visual_retranscribe_p28
EFTA00095751,28,58,3501.149-011,,[redacted] (part 1),,2021.04.12,visual_retranscribe_p28
EFTA00095751,29,1,3501.149-012,,Email from [redacted],,,visual_retranscribe_p29
EFTA00095751,29,2,3501.149-013,2007.09.06,Florida S.A.V.I.D. individual summary page for [redacted],,2021.04.12,visual_retranscribe_p29
EFTA00095751,29,3,3501.149-014,2007.09.07,Record check regarding [redacted] intelligence report,,2021.04.12,visual_retranscribe_p29
EFTA00095751,29,4,3501.149-015,2007.09.17,Record check regarding [redacted],,2021.04.12,visual_retranscribe_p29
EFTA00095751,29,5,3501.149-016,,Individual notes,,2021.04.12,visual_retranscribe_p29
EFTA00095751,29,6,3501.149-017,2008.03.18,Testimony [redacted],,2021.04.12,visual_retranscribe_p29
EFTA00095751,29,7,3501.149-018,2008.04.28,Testimony [redacted],,2021.04.12,visual_retranscribe_p29
EFTA00095751,29,8,3501.149-019,2021.02.14,Electronic 302,,2021.04.12,visual_retranscribe_p29
EFTA00095751,29,9,3501.149-020,,[redacted],,2021.04.12,visual_retranscribe_p29
EFTA00095751,29,10,3501.149-021,,[redacted],,2021.04.12,visual_retranscribe_p29
EFTA00095751,29,11,3501.149-041,2006.08.03,Florida S.A.V.I.D. street license transaction page for [redacted],,2021.04.12,visual_retranscribe_p29
EFTA00095751,29,12,3501.149-042,,Sundial video file,,2021.04.12,visual_retranscribe_p29
EFTA00095751,29,13,3501.149-043,2021.04.24,Medical records,,2021.07.13,visual_retranscribe_p29
EFTA00095751,29,14,3501.149-045,2007.12.12,Sunbiz search records regarding [redacted],,2021.07.23,visual_retranscribe_p29
EFTA00095751,29,15,3501.149-046,,HR report regarding history for [redacted],,2021.07.23,visual_retranscribe_p29
EFTA00095751,29,16,3501.149-047,2008.01.16,[redacted],,2021.07.23,visual_retranscribe_p29
EFTA00095751,29,17,3501.149-048,2006.02.24,Letter [redacted],,2021.07.23,visual_retranscribe_p29
EFTA00095751,29,18,3501.149-049,,[redacted],,2021.07.23,visual_retranscribe_p29
EFTA00095751,29,19,3501.149-050,,Letter from [redacted],,2021.07.23,visual_retranscribe_p29
EFTA00095751,29,20,3501.149-051,,[redacted],,2021.07.23,visual_retranscribe_p29
EFTA00095751,29,21,3501.149-052,,ADT CAD Call information,,,visual_retranscribe_p29
EFTA00095751,29,22,3501.149-058,2006.05.21,Peer submission to DAG,,2021.05.13,visual_retranscribe_p29
EFTA00095751,29,23,3501.149-059,2006.12.18,Email [redacted],,2021.07.13,visual_retranscribe_p29
EFTA00095751,29,24,3501.149-060,,Photo copy regarding grand jury appearance,,2021.07.13,visual_retranscribe_p29
EFTA00095751,29,25,3501.149-061,,Notes/calls regarding grand jury testimony,,2021.07.13,visual_retranscribe_p29
EFTA00095751,29,26,3501.149-062,,Interview notes,,2021.07.13,visual_retranscribe_p29
EFTA00095751,29,27,3501.149-063,,Attachment to texts with report,,2021.04.11,visual_retranscribe_p29
EFTA00095751,29,28,3501.149-064,,[redacted],,2021.04.11,visual_retranscribe_p29
EFTA00095751,29,29,3501.150,,,,,visual_retranscribe_p29
EFTA00095751,29,30,3501.150-001,2007.01.11,Palm Beach Police Department report,,2021.04.12,visual_retranscribe_p29
EFTA00095751,29,31,3501.150-002,2006.10.06,Miscellaneous [redacted] report,N/A,,visual_retranscribe_p29
EFTA00095751,29,32,3501.151,,,,,visual_retranscribe_p29
EFTA00095751,29,33,3501.151-001,2003.05.09,[redacted],,,visual_retranscribe_p29
EFTA00095751,29,34,3501.151-002,2021.01.06,Interview notes,N/A,,visual_retranscribe_p29
EFTA00095751,29,35,3501.152,,,,,visual_retranscribe_p29
EFTA00095751,29,36,3501.152-001,2006.12.08,Return search for [redacted] regarding [redacted],N/A,2021.04.12,visual_retranscribe_p29
EFTA00095751,29,37,3501.153,,,,,visual_retranscribe_p29
EFTA00095751,29,38,3501.153-001,2006.12.08,Return search for [redacted],N/A,2021.04.12,visual_retranscribe_p29
EFTA00095751,29,39,3501.154,,,,,visual_retranscribe_p29
EFTA00095751,29,40,3501.154-001,2006.12.08,Return search for [redacted] reporting/recording,N/A,2021.04.12,visual_retranscribe_p29
EFTA00095751,29,41,3501.155,,,,,visual_retranscribe_p29
EFTA00095751,29,42,3501.155-001,2006.12.13,Interview notes,,,visual_retranscribe_p29
EFTA00095751,29,43,3501.155-002,2006.12.13,Interview 302,,2021.04.12,visual_retranscribe_p29
EFTA00095751,29,44,3501.155-003,2006.12.13,HR investigation/interview with sister [redacted],,2021.04.12,visual_retranscribe_p29
EFTA00095751,29,45,3501.155-004,2006.12.08,[redacted],,2021.04.12,visual_retranscribe_p29
EFTA00095751,29,46,3501.155-005,2006.12.08,FB report regarding [redacted] accompanying interview,,2021.07.13,visual_retranscribe_p29
EFTA00095751,29,47,3501.155-006,2008.11.14,HR report regarding [redacted],,2021.07.23,visual_retranscribe_p29
EFTA00095751,29,48,3501.156,,,,,visual_retranscribe_p29
EFTA00095751,29,49,3501.156-001,2007.01.11,Palm Beach Police Department report [redacted],,2021.04.12,visual_retranscribe_p29
EFTA00095751,29,50,3501.156-002,,Police record [redacted] registration regarding [redacted],,,visual_retranscribe_p29
EFTA00095751,30,1,3501.156-003,2006.08.08,File documentation re telephone/pen register [redacted],,2021.04.12,visual_retranscribe_p30
EFTA00095751,30,2,3501.156-004,2006.08.15,[redacted],,2021.04.12,visual_retranscribe_p30
EFTA00095751,30,3,3501.156-005,,Palm Beach Police Department [redacted],,2021.04.12,visual_retranscribe_p30
EFTA00095751,30,4,3501.156-006,,School records for [redacted] intelligence report,,2021.04.12,visual_retranscribe_p30
EFTA00095751,30,5,3501.156-007,2007.03.19,[redacted] Summary [redacted],,2021.04.12,visual_retranscribe_p30
EFTA00095751,30,6,3501.156-008,,CAD Call information regarding [redacted],,2021.04.12,visual_retranscribe_p30
EFTA00095751,30,7,3501.156-009,,Individual notes regarding ADT info for [redacted],,2021.04.12,visual_retranscribe_p30
EFTA00095751,30,8,3501.156-010,2006.11.08,[redacted],,2021.04.12,visual_retranscribe_p30
EFTA00095751,30,9,3501.156-011,,Birthing information,,2021.04.12,visual_retranscribe_p30
EFTA00095751,30,10,3501.156-012,2006.12.13,Audio file (only burn line recorded),,2021.07.13,visual_retranscribe_p30
EFTA00095751,30,11,3501.156-013,,[redacted],,2021.07.23,visual_retranscribe_p30
EFTA00095751,30,12,3501.156-014,,Audio file CD open line recording,,2021.07.23,visual_retranscribe_p30
EFTA00095751,30,13,3501.156-026,2005.10.11,Florida S.A.V.I.D. individual summary page regarding [redacted],,2021.07.22,visual_retranscribe_p30
EFTA00095751,30,14,3501.156-027,,PBATT products upon affidavit [redacted],,2021.07.22,visual_retranscribe_p30
EFTA00095751,30,15,3501.156-028,2005.11.14,[redacted],,2021.07.22,visual_retranscribe_p30
EFTA00095751,30,16,3501.156-029,,FB report regarding [redacted],,2021.07.22,visual_retranscribe_p30
EFTA00095751,30,17,3501.156-030,,[redacted],,2021.07.22,visual_retranscribe_p30
EFTA00095751,30,18,3501.156-034,2008.12.07,Palm Beach County complaint (Epstein v. South Melbourne),N/A,2021.10.11,visual_retranscribe_p30
EFTA00095751,30,19,3501.157,,,,,visual_retranscribe_p30
EFTA00095751,30,20,3501.157-001,2008.04.24,Sentencal comprehensive/report for [redacted],,2021.04.12,visual_retranscribe_p30
EFTA00095751,30,21,3501.157-003,2004.04.30,Return search regarding [redacted],N/A,2021.07.03,visual_retranscribe_p30
EFTA00095751,30,22,3501.158,,,,,visual_retranscribe_p30
EFTA00095751,30,23,3501.158-003,2020.11.13,Interview notes,N/A,2021.05.11,visual_retranscribe_p30
EFTA00095751,30,24,3501.159,,,,,visual_retranscribe_p30
EFTA00095751,30,25,3501.159-001,2006.07.18,Palm Beach Police Department property receipt,,2021.04.12,visual_retranscribe_p30
EFTA00095751,30,26,3501.159-002,2006.08.07,Pages from Palm Beach Police Department report,,2021.04.12,visual_retranscribe_p30
EFTA00095751,30,27,3501.159-003,,School records for [redacted],,2021.04.12,visual_retranscribe_p30
EFTA00095751,30,28,3501.159-004,2006.08.07,Pages from Palm Beach Police Department Incident Report,,2021.04.12,visual_retranscribe_p30
EFTA00095751,30,29,3501.159-005,2006.08.07,Pages from Palm Beach Police Department Report,,2021.04.12,visual_retranscribe_p30
EFTA00095751,30,30,3501.159-006,2006.08.07,[redacted],,2021.04.12,visual_retranscribe_p30
EFTA00095751,30,31,3501.159-007,,Interview notes,,2021.04.12,visual_retranscribe_p30
EFTA00095751,30,32,3501.159-008,2008.01.15,[redacted],,2021.04.12,visual_retranscribe_p30
EFTA00095751,30,33,3501.159-009,,Interview notes,,2021.04.12,visual_retranscribe_p30
EFTA00095751,30,34,3501.159-010,,Interview notes,,2021.04.12,visual_retranscribe_p30
EFTA00095751,30,35,3501.159-011,,Interview 302,,2021.04.12,visual_retranscribe_p30
EFTA00095751,30,36,3501.159-012,2008.03.31,Interview notes,,2021.04.12,visual_retranscribe_p30
EFTA00095751,30,37,3501.159-013,,[redacted],,2021.04.12,visual_retranscribe_p30
EFTA00095751,30,38,3501.159-014,,[redacted],,2021.04.12,visual_retranscribe_p30
EFTA00095751,30,39,3501.159-015,,Interview 302,,2021.04.12,visual_retranscribe_p30
EFTA00095751,30,40,3501.159-016,,[redacted],,2021.04.12,visual_retranscribe_p30
EFTA00095751,30,41,3501.159-017,,[redacted],,2021.04.12,visual_retranscribe_p30
EFTA00095751,30,42,3501.159-018,,[redacted],,2021.04.12,visual_retranscribe_p30
EFTA00095751,30,43,3501.159-019,2006.09,Transcript update,,2021.04.12,visual_retranscribe_p30
EFTA00095751,30,44,3501.159-020,,Individual notes/court date(s),,2021.04.12,visual_retranscribe_p30
EFTA00095751,30,45,3501.159-021,,Federal/state victim disclosure,,2021.04.12,visual_retranscribe_p30
EFTA00095751,31,1,3501.159,,,,, visual_retranscribe_p31
EFTA00095751,31,2,3501.159-048,2006.08.09,Florida S.A.V.I.C. individual summary page for [redacted],,2023.07.13,visual_retranscribe_p31
EFTA00095751,31,3,3501.159-049,2006.06.28,Referral of comprehensive report for [redacted],,2023.07.13,visual_retranscribe_p31
EFTA00095751,31,4,3501.159-050,2006.11.18,Re report regarding investigation of [redacted],,2023.07.13,visual_retranscribe_p31
EFTA00095751,31,5,3501.159-051,2006.11.28,Re report regarding investigation of [redacted],,2023.07.13,visual_retranscribe_p31
EFTA00095751,31,6,3501.159-052,2007.01.18,Re report regarding investigation of [redacted],,2023.07.13,visual_retranscribe_p31
EFTA00095751,31,7,3501.159-053,2007.02.23,Re report regarding investigation of [redacted],,2023.07.13,visual_retranscribe_p31
EFTA00095751,31,8,3501.159-054,,,,,visual_retranscribe_p31
EFTA00095751,31,9,3501.159-055,,Various search results regarding [redacted],,2023.07.13,visual_retranscribe_p31
EFTA00095751,31,10,3501.159-056,2008.09.04,Florida S.A.V.I.C. driver license transaction report,,2023.07.13,visual_retranscribe_p31
EFTA00095751,31,11,3501.159-057,2006.07.17,Letter from [redacted],,2021.07.13,visual_retranscribe_p31
EFTA00095751,31,12,3501.159-058,2006.07.17,Letter from [redacted],,2021.07.13,visual_retranscribe_p31
EFTA00095751,31,13,3501.159-059,2014.04.08,FD-302 transcription,,2021.01.11,visual_retranscribe_p31
EFTA00095751,31,14,3501.159-060,2014.04.17,Email from [redacted],,2021.01.11,visual_retranscribe_p31
EFTA00095751,31,15,3501.159-061,2010.07.16,Email to [redacted],,2021.01.11,visual_retranscribe_p31
EFTA00095751,31,16,3501.159-062,2010.07.19,Email w/att,,2021.01.11,visual_retranscribe_p31
EFTA00095751,31,17,3501.159-063,2014.04.24,Email w/att,,2021.01.11,visual_retranscribe_p31
EFTA00095751,31,18,3501.159-064,,FD-302,,2021.01.11,visual_retranscribe_p31
EFTA00095751,31,19,3501.159-065,,Registration notes,,2021.01.11,visual_retranscribe_p31
EFTA00095751,31,20,3501.159-066,2024.04.24,Registration notes,,2021.01.11,visual_retranscribe_p31
EFTA00095751,31,21,3501.159-067,2021.01.13,Re [redacted],,2021.01.11,visual_retranscribe_p31
EFTA00095751,31,22,3501.159-068,,Re [redacted] file,,2021.01.11,visual_retranscribe_p31
EFTA00095751,31,23,3501.159-069,,Handwritten notes regarding [redacted] file,Sigrid McCawley,2021.01.11,visual_retranscribe_p31
EFTA00095751,31,24,3501.160,,,,, visual_retranscribe_p31
EFTA00095751,31,25,3501.160-DHL,,Date,Description,Attorney,visual_retranscribe_p31
EFTA00095751,31,26,3501.160-001,2006.07.13,Palm Beach Police Department incident report,N/A,2023.04.13,visual_retranscribe_p31
EFTA00095751,31,27,3501.161,,,,, visual_retranscribe_p31
EFTA00095751,31,28,3501.161-001,2005.08.21,Interview 302,N/A,2021.04.02,visual_retranscribe_p31
EFTA00095751,31,29,3501.161-002,,,,,visual_retranscribe_p31
EFTA00095751,31,30,3501.162,,,,, visual_retranscribe_p31
EFTA00095751,31,31,3501.162-001,2008.04.30,Referral of comprehensive report for [redacted],,2023.04.12,visual_retranscribe_p31
EFTA00095751,31,32,3501.162-002,2008.01.29,Re memorandum to document examination and [redacted],,2023.04.12,visual_retranscribe_p31
EFTA00095751,31,33,3501.162-003,2008.01.29,[redacted],,2023.04.12,visual_retranscribe_p31
EFTA00095751,31,34,3501.162-004,2008.05.01,Subpoena to document service of subpoena,,2023.04.12,visual_retranscribe_p31
EFTA00095751,31,35,3501.162-005,,,,,visual_retranscribe_p31
EFTA00095751,31,36,3501.162-006,2008.06.25,Clerk Block Person report for [redacted],,2023.08.12,visual_retranscribe_p31
EFTA00095751,31,37,3501.162-007,2008.06.26,NCIS passenger activity report for [redacted],,2021.04.12,visual_retranscribe_p31
EFTA00095751,31,38,3501.162-008,,Interview 302,,2021.04.12,visual_retranscribe_p31
EFTA00095751,31,39,3501.162-009,,Interview 302,,2021.04.12,visual_retranscribe_p31
EFTA00095751,31,40,3501.162-010,2013.03.19,[redacted],,2023.08.12,visual_retranscribe_p31
EFTA00095751,31,41,3501.162-011,2013.03.08,Interview 302,,2023.08.12,visual_retranscribe_p31
EFTA00095751,31,42,3501.162-012,,Interview 302,,2023.08.12,visual_retranscribe_p31
EFTA00095751,31,43,3501.162-013,2013.05.22,[redacted],,2023.08.12,visual_retranscribe_p31
EFTA00095751,31,44,3501.162-014,,Interview photos (attached),,2023.08.12,visual_retranscribe_p31
EFTA00095751,31,45,3501.162-015,,Interview 302,,2023.08.12,visual_retranscribe_p31
EFTA00095751,31,46,3501.162-016,,Interview 302,,2023.08.12,visual_retranscribe_p31
EFTA00095751,31,47,3501.162-017,,Interview 302,,2023.08.12,visual_retranscribe_p31
EFTA00095751,31,48,3501.162-018,,Interview notes (part 1),,2023.08.12,visual_retranscribe_p31
EFTA00095751,31,49,3501.162-019,,Interview notes (part 2),,2023.08.12,visual_retranscribe_p31
EFTA00095751,31,50,3501.162-020,2013.05.06,[redacted] document,,2023.08.12,visual_retranscribe_p31
EFTA00095751,31,51,3501.162-021,,,,,visual_retranscribe_p31
EFTA00095751,31,52,3501.162-022,,,,,visual_retranscribe_p31
EFTA00095751,31,53,3501.162-023,,,,,visual_retranscribe_p31
EFTA00095751,31,54,3501.162-024,,[redacted],,2023.08.12,visual_retranscribe_p31
EFTA00095751,31,55,3501.162-025,,Reference list,,2023.08.12,visual_retranscribe_p31
EFTA00095751,31,56,3501.162-026,,FD-302,,2023.08.12,visual_retranscribe_p31
EFTA00095751,31,57,3501.162-027,,Interview notes,,2023.08.12,visual_retranscribe_p31
EFTA00095751,31,58,3501.162-028,2019.01.02,Photo exhibits from 2019.01.02 interview,Alexandra Cooper / Valeria Figlio,2021.10.11,visual_retranscribe_p31
EFTA00095751,31,59,3501.162-004 through 3501.162-062,2019.01.02,Photo exhibits from 2019.01.02 interview,Alexandra Cooper / Valeria Figlio,2021.10.11,visual_retranscribe_p31
EFTA00095751,32,1,3501.163,,,,, visual_retranscribe_p32
EFTA00095751,32,2,3501.163-001,2004.07.31,[redacted] witness statement,,2021.04.12,visual_retranscribe_p32
EFTA00095751,32,3,3501.163-002,2006.07.07,Penalty for [redacted],,2021.04.12,visual_retranscribe_p32
EFTA00095751,32,4,3501.163-003,2006.08.03,Florida S.A.V.I.C. individual summary page for [redacted],N/A,2023.04.12,visual_retranscribe_p32
EFTA00095751,32,5,3501.163-004,2006.08.03,[redacted],,2023.04.13,visual_retranscribe_p32
EFTA00095751,32,6,3501.163-005,2006.08.03,CME Lab information regarding evidentiary article,,2023.04.13,visual_retranscribe_p32
EFTA00095751,32,7,3501.163-006,,Palm Beach County Sheriff's Office crime lab supplemental report,,2023.04.13,visual_retranscribe_p32
EFTA00095751,32,8,3501.163-007,,Palm Beach County Sheriff's Office victimization report,,2023.04.13,visual_retranscribe_p32
EFTA00095751,32,9,3501.163-008,2006.08.08,High-from Palm Beach Police Department incident report,,2023.07.13,visual_retranscribe_p32
EFTA00095751,32,10,3501.163-009,2006.08.08,[redacted],,2023.07.13,visual_retranscribe_p32
EFTA00095751,32,11,3501.163-010,,CME Lab information,,2023.07.13,visual_retranscribe_p32
EFTA00095751,32,12,3501.163-011,,,,,visual_retranscribe_p32
EFTA00095751,32,13,3501.163-012,2008.08.01,Florida S.A.V.I.C. individual summary page for [redacted],,2023.07.24,visual_retranscribe_p32
EFTA00095751,32,14,3501.163-013,2006.07.19,Letter from [redacted],,2021.01.11,visual_retranscribe_p32
EFTA00095751,32,15,3501.163-014,2008.07.22,[redacted],,2021.01.11,visual_retranscribe_p32
EFTA00095751,32,16,3501.163-015,,Letter from [redacted],,2021.01.11,visual_retranscribe_p32
EFTA00095751,32,17,3501.163-016,,Reference from crime lab with [redacted],Rubin,2021.01.11,visual_retranscribe_p32
EFTA00095751,32,18,3501.164,,,,, visual_retranscribe_p32
EFTA00095751,32,19,3501.164-001,2006.10.18,Florida S.A.V.I.C. individual summary page for [redacted],,2021.04.12,visual_retranscribe_p32
EFTA00095751,32,20,3501.164-002,2006.12.08,Palm Beach Police [redacted],,2021.04.12,visual_retranscribe_p32
EFTA00095751,32,21,3501.164-003,2006.12.08,State attorney [redacted],,2023.04.12,visual_retranscribe_p32
EFTA00095751,32,22,3501.164-004,2006.12.08,Search order by court [redacted],N/A,2023.04.02,visual_retranscribe_p32
EFTA00095751,32,23,3501.165,,,,, visual_retranscribe_p32
EFTA00095751,32,24,3501.165-001,2006.04.30,Interview 302,N/A,2021.04.12,visual_retranscribe_p32
EFTA00095751,32,25,3501.165-002,,,[redacted],,visual_retranscribe_p32
EFTA00095751,32,26,3501.166,,,,, visual_retranscribe_p32
EFTA00095751,32,27,3501.166-001,2006.07.11,Palm Beach Police Department incident report,,2023.04.12,visual_retranscribe_p32
EFTA00095751,32,28,3501.166-002,2006.08.03,[redacted],,2023.04.12,visual_retranscribe_p32
EFTA00095751,32,29,3501.166-003,2006.08.09,PBPD probable cause affidavit report [redacted],,N/A,visual_retranscribe_p32
EFTA00095751,32,30,3501.166-004,2006.08.09,[redacted],,2021.07.13,visual_retranscribe_p32
EFTA00095751,32,31,3501.167,,,,, visual_retranscribe_p32
EFTA00095751,32,32,3501.167-001,2005.11.05,Palm Beach Police Department property receipt,,2023.04.12,visual_retranscribe_p32
EFTA00095751,32,33,3501.167-002,2005.11.05,[redacted],,2023.04.12,visual_retranscribe_p32
EFTA00095751,32,34,3501.167-003,2006.08.02,[redacted],,2023.04.12,visual_retranscribe_p32
EFTA00095751,32,35,3501.167-004,2006.08.08,Arraignment history,,2023.04.12,visual_retranscribe_p32
EFTA00095751,32,36,3501.167-005,,,,,visual_retranscribe_p32
EFTA00095751,32,37,3501.167-006,2006.08.30,Palm Beach Police Department evidence/property tracking report,,2023.04.12,visual_retranscribe_p32
EFTA00095751,32,38,3501.167-007,,[redacted],,2023.04.12,visual_retranscribe_p32
EFTA00095751,32,39,3501.167-008,,[redacted],,2021.08.12,visual_retranscribe_p32
EFTA00095751,32,40,3501.167-009,,[redacted],,2021.08.12,visual_retranscribe_p32
EFTA00095751,32,41,3501.167-010,,[redacted],,2021.08.12,visual_retranscribe_p32
EFTA00095751,32,42,3501.167-011,,[redacted],,2021.08.12,visual_retranscribe_p32
EFTA00095751,32,43,3501.167-012,,Record search regarding [redacted],,2021.08.12,visual_retranscribe_p32
EFTA00095751,32,44,3501.167-013,,Record search regarding [redacted],,2021.08.12,visual_retranscribe_p32
EFTA00095751,32,45,3501.167-014,,[redacted],,2021.08.12,visual_retranscribe_p32
EFTA00095751,32,46,3501.167-015,,[redacted],,2021.08.12,visual_retranscribe_p32
EFTA00095751,32,47,3501.167-016,,[redacted],,2021.08.12,visual_retranscribe_p32
EFTA00095751,32,48,3501.167-017,,[redacted],,2021.08.12,visual_retranscribe_p32
EFTA00095751,32,49,3501.167-018,,[redacted],,2021.08.12,visual_retranscribe_p32
EFTA00095751,32,50,3501.167-019,,[redacted],,2021.08.12,visual_retranscribe_p32
EFTA00095751,32,51,3501.167-020,2008.03.18,[redacted],,2023.04.13,visual_retranscribe_p32
EFTA00095751,32,52,3501.167-021,,,,,visual_retranscribe_p32
EFTA00095751,32,53,3501.167-022,,Interview 302,,2021.08.12,visual_retranscribe_p32
EFTA00095751,32,54,3501.167-023,,Palm Beach Police Department property receipt,,2021.08.12,visual_retranscribe_p32
EFTA00095751,32,55,3501.167-024,,[redacted],,2021.08.12,visual_retranscribe_p32
EFTA00095751,32,56,3501.167-025,,[redacted],,2021.08.12,visual_retranscribe_p32
EFTA00095751,32,57,3501.167-026,,[redacted],,2021.08.12,visual_retranscribe_p32
EFTA00095751,33,1,3501.167-060,2005.10.04,"Audio file (Mp3 tape recording, side A)",,2023.07.13,visual_retranscribe_p33
EFTA00095751,33,2,3501.167-061,2005.10.04,"Audio file (Mp3 tape recording, side B/C)",,2023.07.13,visual_retranscribe_p33
EFTA00095751,33,3,3501.167-062,2006.03.15,Telephone police,,2023.07.13,visual_retranscribe_p33
EFTA00095751,33,4,3501.167-063,,MARSOC analysis report of/hand rape data,,2023.07.13,visual_retranscribe_p33
EFTA00095751,33,5,3501.167-064,2007.03.13,Re report regarding investigation of [redacted],,2023.07.13,visual_retranscribe_p33
EFTA00095751,33,6,3501.167-065,2007.03.23,Re report regarding travel related matters,,2023.07.13,visual_retranscribe_p33
EFTA00095751,33,7,3501.167-066,2007.03.26,Re report regarding interview with [redacted],,2023.07.13,visual_retranscribe_p33
EFTA00095751,33,8,3501.167-067,2007.05.29,[redacted],,2023.07.13,visual_retranscribe_p33
EFTA00095751,33,9,3501.167-068,,Florida S.A.V.I.C. individual summary page for [redacted],,2023.07.13,visual_retranscribe_p33
EFTA00095751,33,10,3501.167-069,,[redacted],,2023.07.13,visual_retranscribe_p33
EFTA00095751,33,11,3501.167-070,,[redacted],,2023.07.13,visual_retranscribe_p33
EFTA00095751,33,12,3501.167-071,2007.06.06,[redacted],,2023.07.13,visual_retranscribe_p33
EFTA00095751,33,13,3501.167-072,2007.12.18,Palm Beach County search warrant and application,,2021.01.11,visual_retranscribe_p33
EFTA00095751,33,14,3501.167-073,2007.03.01,[redacted],,2021.01.11,visual_retranscribe_p33
EFTA00095751,33,15,3501.167-074,2007.03.21,Letter from local authorities,,2021.01.11,visual_retranscribe_p33
EFTA00095751,33,16,3501.167-075,,Letter from [redacted],,2021.01.11,visual_retranscribe_p33
EFTA00095751,33,17,3501.167-076,2008.01.30,[redacted],,2021.01.11,visual_retranscribe_p33
EFTA00095751,33,18,3501.167-077,,Interview notes,,2021.01.11,visual_retranscribe_p33
EFTA00095751,33,19,3501.167-078,,FD-302,,2021.01.11,visual_retranscribe_p33
EFTA00095751,33,20,3501.167-079,,Handwritten notes,N/A,2021.03.03,visual_retranscribe_p33
EFTA00095751,33,21,3501.167-080,2005.10.03.08,Handwritten notes,,2021.03.03,visual_retranscribe_p33
EFTA00095751,33,22,3501.168,,,,, visual_retranscribe_p33
EFTA00095751,33,23,3501.168-001,1997.12.03,Telephone toll [redacted],,2021.08.12,visual_retranscribe_p33
EFTA00095751,33,24,3501.168-002,,Interview notes,,2021.08.12,visual_retranscribe_p33
EFTA00095751,33,25,3501.168-003,,,,,visual_retranscribe_p33
EFTA00095751,33,26,3501.168-004,2008.01.18,Testimony [redacted],,2021.04.12,visual_retranscribe_p33
EFTA00095751,33,27,3501.168-005,,FD-302s with [redacted],,2021.04.12,visual_retranscribe_p33
EFTA00095751,33,28,3501.168-006,2005.12.14,Re report regarding interview with [redacted],,2021.01.11,visual_retranscribe_p33
EFTA00095751,33,29,3501.168-007,,Under name search,,2021.01.11,visual_retranscribe_p33
EFTA00095751,33,30,3501.168-008,2010.07.18,Leads from investigations,,2021.01.11,visual_retranscribe_p33
EFTA00095751,33,31,3501.168-009,2010.07.10,[redacted],,2021.01.11,visual_retranscribe_p33
EFTA00095751,33,32,3501.168-010,,FD-302 [redacted] with report,,2021.01.11,visual_retranscribe_p33
EFTA00095751,33,33,3501.168-011,,Peer photograph with agent,,2021.01.11,visual_retranscribe_p33
EFTA00095751,33,34,3501.168-012,,,Rubin,,visual_retranscribe_p33
EFTA00095751,33,35,3501.169,,,,, visual_retranscribe_p33
EFTA00095751,33,36,3501.169-001,2007.09.24,Citizen view radial,,2021.04.12,visual_retranscribe_p33
EFTA00095751,33,37,3501.169-002,,,,,visual_retranscribe_p33
EFTA00095751,33,38,3501.169-003,2007.09.24,Re report regarding interview with [redacted],N/A,2021.10.11,visual_retranscribe_p33
EFTA00095751,33,39,3501.170,,,,, visual_retranscribe_p33
EFTA00095751,33,40,3501.170-001,2007.10.08,[redacted],N/A,2023.04.12,visual_retranscribe_p33
EFTA00095751,33,41,3501.170-002,2007.12.10.08,[redacted],,2023.04.12,visual_retranscribe_p33
EFTA00095751,33,42,3501.171,,,,, visual_retranscribe_p33
EFTA00095751,33,43,3501.171-001,2006.12.14,Florida S.A.V.I.C. individual summary page for [redacted],N/A,2021.04.12,visual_retranscribe_p33
EFTA00095751,33,44,3501.172,,,,, visual_retranscribe_p33
EFTA00095751,33,45,3501.172-001,2006.12.07,"Reference: [redacted], West Palm Beach, FL",,2023.04.12,visual_retranscribe_p33
EFTA00095751,33,46,3501.172-002,2006.08.22,[redacted],,2023.04.12,visual_retranscribe_p33
EFTA00095751,33,47,3501.172-VicWit through 3501.172-44,,,,,visual_retranscribe_p33
EFTA00095751,33,48,3501.172-41,2006.02.22,Law enforcement report regarding [redacted],,2023.04.12,visual_retranscribe_p33
EFTA00095751,33,49,3501.172-42,2008.06.02,Law enforcement report regarding [redacted],,2023.04.12,visual_retranscribe_p33
EFTA00095751,33,50,3501.172-43,2008.06.20,Palm Beach Police Department Evidence/Property Tracking Report,,2021.04.12,visual_retranscribe_p33
EFTA00095751,33,51,3501.172-44,2008.08.27,Arraignment history [redacted],,2021.04.12,visual_retranscribe_p33
EFTA00095751,33,52,3501.172-45,,Disposition Report,,2021.04.12,visual_retranscribe_p33
EFTA00095751,34,1,3501.181.001,Various,Biographical file on [redacted],,2021.04.12,visual_only_manual_p34
EFTA00095751,34,2,3501.181.002,2007.09.26,Palm Beach County Sheriff's Office Booking Blotter Search for [redacted],,2021.04.12,visual_only_manual_p34
EFTA00095751,34,3,3501.181.003,2007.09.26,Palm Beach County Sheriff's Office Booking Blotter Search for [redacted],,2021.04.12,visual_only_manual_p34
EFTA00095751,34,4,3501.181.004,2007.10.02,Information regarding [redacted],,2021.04.12,visual_only_manual_p34
EFTA00095751,34,5,3501.181.005,2007.10.02,[redacted] Interview 302,,2021.04.12,visual_only_manual_p34
EFTA00095751,34,6,3501.181.006,2008.05.27,NCIC Interstate Identification Index search for [redacted],,2021.04.12,visual_only_manual_p34
EFTA00095751,34,7,3501.181.007,2008.05.28,[redacted] Interview 302,,2021.04.12,visual_only_manual_p34
EFTA00095751,34,8,3501.181.008,2008.05.28,[redacted] Interview handwritten notes,,2021.04.12,visual_only_manual_p34
EFTA00095751,34,9,3501.181.009,2019.03.20,[redacted] Interview 302,,2021.04.12,visual_only_manual_p34
EFTA00095751,34,10,3501.181.010,2019.03.20,[redacted] Interview handwritten notes,,2021.04.12,visual_only_manual_p34
EFTA00095751,34,11,3501.181.011,2007.10.04,FBI report regarding interview with [redacted],,2021.07.23,visual_only_manual_p34
EFTA00095751,34,12,3501.181.012,2008.05.30,FBI report regarding letter to [redacted],,2021.07.23,visual_only_manual_p34
EFTA00095751,34,13,3501.181.013,2008.05.30,FBI report regarding interview with [redacted],,2021.07.23,visual_only_manual_p34
EFTA00095751,34,14,3501.181.014,2008.09.03,Letter to [redacted] from [redacted],,2021.07.23,visual_only_manual_p34
EFTA00095751,34,15,3501.181.015,2007.10.02,FBI report regarding contact with [redacted],,2021.10.11,visual_only_manual_p34
EFTA00095751,34,16,3501.181.016,2008.05.30,Letter regarding FBI's Victim Assistance Program,,2021.10.11,visual_only_manual_p34
EFTA00095751,34,17,3501.181.017,2008.07.09,Notification of identified victim,,2021.10.11,visual_only_manual_p34
EFTA00095751,34,18,3501.181.018,2008.07.10,Letter from Villafana,,2021.10.11,visual_only_manual_p34
EFTA00095751,34,19,3501.181.019,2008.09.03,Letter regarding amended notification of identified victim,,2021.10.11,visual_only_manual_p34
EFTA00095751,34,20,3501.181.020,2008.12.05,Email and letter,,2021.10.11,visual_only_manual_p34
EFTA00095751,34,21,3501.181.021,2019.04.11,Text conversation with agent,,2021.10.11,visual_only_manual_p34
EFTA00095751,34,22,3501.181.022,2019.07.29,Text conversation with agent,N/A,2021.10.11,visual_only_manual_p34
EFTA00095751,34,23,3501.182.001,2005.03.15,Florida D.A.V.I.D. individual summary page for [redacted],,2021.04.12,visual_only_manual_p34
EFTA00095751,34,24,3501.182.002,2005.03.15,Report generated regarding [redacted],,2021.04.12,visual_only_manual_p34
EFTA00095751,34,25,3501.182.003,2005.03.31,Call to [redacted],,2021.04.12,visual_only_manual_p34
EFTA00095751,34,26,3501.182.004,2005.03.31,Call to [redacted],,2021.04.12,visual_only_manual_p34
EFTA00095751,34,27,3501.182.005,2005.05.27,Interstate Identification Index search records for [redacted],,2021.04.12,visual_only_manual_p34
EFTA00095751,34,28,3501.182.006,2005.10.03,[redacted] Interview handwritten notes,,2021.04.12,visual_only_manual_p34
EFTA00095751,34,29,3501.182.007,2005.10.03,[redacted] Interview handwritten notes,,2021.04.12,visual_only_manual_p34
EFTA00095751,34,30,3501.182.008,2005.10.04,Palm Beach Police Department Property Receipt,,2021.04.12,visual_only_manual_p34
EFTA00095751,34,31,3501.182.009,,Handwritten notes,,2021.04.12,visual_only_manual_p34
EFTA00095751,34,32,3501.182.010,2006.05.09,Palm Beach County Sheriff's Office Offense Report regarding [redacted],,2021.04.12,visual_only_manual_p34
EFTA00095751,34,33,3501.182.011,2006.05.09,Palm Beach County Sheriff's Office Offense Report regarding [redacted],,2021.04.12,visual_only_manual_p34
EFTA00095751,34,34,3501.182.012,2006.07.13,Palm Beach Police Department Incident Report,,2021.04.12,visual_only_manual_p34
EFTA00095751,34,35,3501.182.013,2006.08.01,Florida D.A.V.I.D. individual summary page for [redacted],,2021.04.12,visual_only_manual_p34
EFTA00095751,34,36,3501.182.014,2006.08.01,[redacted] vehicle information,,2021.04.12,visual_only_manual_p34
EFTA00095751,34,37,3501.182.015,2006.08.01,Record request regarding [redacted],,2021.04.12,visual_only_manual_p34
EFTA00095751,34,38,3501.182.016,2006.08.01,Law enforcement report regarding [redacted],,2021.04.12,visual_only_manual_p34
EFTA00095751,34,39,3501.182.017,2006.08.01,NCIC Interstate Identification Index search for [redacted],,2021.04.12,visual_only_manual_p34
EFTA00095751,34,40,3501.182.018,2006.08.26,Palm Beach Police Department Evidence/Property Tracking Report,,2021.04.12,visual_only_manual_p34
EFTA00095751,34,41,3501.182.019,2006.08.26,Palm Beach Police Department Evidence/Property Tracking Report,,2021.04.12,visual_only_manual_p34
EFTA00095751,34,42,3501.182.020,2006.08.28,Palm Beach Police Department Property Receipt,,2021.04.12,visual_only_manual_p34
EFTA00095751,34,43,3501.182.021,2006.08.28,Palm Beach Police Department Property Receipt,,2021.04.12,visual_only_manual_p34
EFTA00095751,34,44,3501.182.022,2006.10.03,[redacted] MySpace page,,2021.04.12,visual_only_manual_p34
EFTA00095751,34,45,3501.182.023,,Notes and information regarding [redacted],,2021.04.12,visual_only_manual_p34
EFTA00095751,34,46,3501.182.024,2007.01.11,Search records regarding [redacted],,2021.04.12,visual_only_manual_p34
EFTA00095751,34,47,3501.182.025,2007.02.01,Pages of a letter from Gerald Lefcourt to [redacted] and [redacted],,2021.04.12,visual_only_manual_p34
EFTA00095751,34,48,3501.182.026,2007.02.27,[redacted] testimony of [redacted],,2021.04.12,visual_only_manual_p34
EFTA00095751,34,49,3501.182.027,,Records regarding [redacted],,2021.04.12,visual_only_manual_p34
EFTA00095751,34,50,3501.182.028,2007.03.20,[redacted] testimony of [redacted],,2021.04.12,visual_only_manual_p34
EFTA00095751,34,51,3501.182.029,2007.03.27,Letter from [redacted] to Michael Dutko,,2021.04.12,visual_only_manual_p34
EFTA00095751,34,52,3501.182.030,2007.04.24,[redacted] testimony of [redacted],,2021.04.12,visual_only_manual_p34
EFTA00095751,34,53,3501.182.031,2007.04.24,[redacted] testimony of [redacted],,2021.04.12,visual_only_manual_p34
EFTA00095751,34,54,3501.182.032,,Biographical file on [redacted],,2021.04.12,visual_only_manual_p34
EFTA00095751,34,55,3501.182.033,2007.05.15,[redacted] testimony of [redacted],,2021.04.12,visual_only_manual_p34
EFTA00095751,34,56,3501.182.034,2007.05.31,[redacted] MySpace page,,2021.04.12,visual_only_manual_p34
EFTA00095751,34,57,3501.182.035,2007.05.31,[redacted] MySpace page,,2021.04.12,visual_only_manual_p34
EFTA00095751,34,58,3501.182.036,2007.05.31,[redacted] MySpace page,,2021.04.12,visual_only_manual_p34
EFTA00095751,34,59,3501.182.037,2007.06.08,Record request regarding [redacted],,2021.04.12,visual_only_manual_p34
EFTA00095751,34,60,3501.182.038,2007.06.12,National Comprehensive Report regarding [redacted],,2021.04.12,visual_only_manual_p34
EFTA00095751,34,61,3501.182.039,2007.06.12,NCIC Interstate Identification Index search for [redacted],,2021.04.12,visual_only_manual_p34
EFTA00095751,34,62,3501.182.040,2007.06.13,MapQuest directions,,2021.04.12,visual_only_manual_p34
EFTA00095751,34,63,3501.182.041,2007.09.07,Florida D.A.V.I.D. individual summary page for [redacted],,2021.04.12,visual_only_manual_p34
EFTA00095751,34,64,3501.182.042,2007.09.07,NCIC Interstate Identification Index search for [redacted],,2021.04.12,visual_only_manual_p34
EFTA00095751,34,65,3501.182.043,2007.09.07,Record request regarding [redacted],,2021.04.12,visual_only_manual_p34
EFTA00095751,34,66,3501.182.044,2007.09.07,MapQuest directions,,2021.04.12,visual_only_manual_p34
EFTA00095751,34,67,3501.182.045,2007.09.07,National Comprehensive Report regarding [redacted],,2021.04.12,visual_only_manual_p34
EFTA00095751,34,68,3501.182.046,2007.12.11,Pages of a letter from Kirkland & Ellis to Alexander Acosta,,2021.04.12,visual_only_manual_p34
EFTA00095751,34,69,3501.182.047,2019.07.07,[redacted] Interview 302,,2021.04.12,visual_only_manual_p34
EFTA00095751,34,70,3501.182.048,2008.04.29 & 2008.03.18,[redacted] testimony of [redacted],,2021.04.12,visual_only_manual_p34
EFTA00095751,34,71,3501.182.049,2008.07.22,Court order from Palm Beach County Court to [redacted],,2021.04.12,visual_only_manual_p34
EFTA00095751,34,72,3501.182.050,2009.03.26,Notice of deposition to [redacted],,2021.04.12,visual_only_manual_p34
EFTA00095751,34,73,3501.182.051,2019.11.04,[redacted] Interview 302,,2021.04.12,visual_only_manual_p34
EFTA00095751,34,74,3501.182.052,2019.11.04,[redacted] Interview handwritten notes,,2021.04.12,visual_only_manual_p34
EFTA00095751,34,75,3501.182.053,2005.03.18,"Audio file (full tape recording, side A)",,2021.07.23,visual_only_manual_p34
EFTA00095751,34,76,3501.182.054,2005.03.18,Audio file (clip from tape recording),,2021.07.23,visual_only_manual_p34
EFTA00095751,35,1,3501.182.055,2005.03.18,"Audio file (full tape recording, side B)",,2021.07.23,visual_only_manual_p35
EFTA00095751,35,2,3501.182.056,2005.09.19,Law enforcement search records regarding [redacted],,2021.07.23,visual_only_manual_p35
EFTA00095751,35,3,3501.182.057,2005.10.03,Video file,,2021.07.23,visual_only_manual_p35
EFTA00095751,35,4,3501.182.058,2005.10.03,Video file,,2021.07.23,visual_only_manual_p35
EFTA00095751,35,5,3501.182.059,2005.10.03,Video file,,2021.07.23,visual_only_manual_p35
EFTA00095751,35,6,3501.182.060,2005.10.03,Video file (full video tape recording),,2021.07.23,visual_only_manual_p35
EFTA00095751,35,7,3501.182.061,2005.10.03,Video file (clip of video tape recording),,2021.07.23,visual_only_manual_p35
EFTA00095751,35,8,3501.182.062,2006.05.01,PBPD probable cause affidavit regarding [redacted],,2021.07.23,visual_only_manual_p35
EFTA00095751,35,9,3501.182.063,2006.05.01,PBPD probable cause affidavit regarding [redacted],,2021.07.23,visual_only_manual_p35
EFTA00095751,35,10,3501.182.064,2006.06.01,FBI report regarding case opening,,2021.07.23,visual_only_manual_p35
EFTA00095751,35,11,3501.182.065,2006.07.24,FBI report regarding case opening,,2021.07.23,visual_only_manual_p35
EFTA00095751,35,12,3501.182.066,2006.08.01,FBI report regarding case opening,,2021.07.23,visual_only_manual_p35
EFTA00095751,35,13,3501.182.067,2006.08.28,PBPD property receipt,,2021.07.23,visual_only_manual_p35
EFTA00095751,35,14,3501.182.068,2006.09.18,FBI report regarding set lead,,2021.07.23,visual_only_manual_p35
EFTA00095751,35,15,3501.182.069,2006.10.24,MySpace pages,,2021.07.23,visual_only_manual_p35
EFTA00095751,35,16,3501.182.070,2007.06.22,FBI report regarding case opening,,2021.07.23,visual_only_manual_p35
EFTA00095751,35,17,3501.182.071,2007.11.28,FBI report regarding investigation and victim information,,2021.07.23,visual_only_manual_p35
EFTA00095751,35,18,3501.182.072,,Various search records regarding [redacted],,2021.07.23,visual_only_manual_p35
EFTA00095751,35,19,3501.182.073,,Handwritten notes,,2021.07.23,visual_only_manual_p35
EFTA00095751,35,20,3501.182.074,,Audio file (clip from tape recording),,2021.07.23,visual_only_manual_p35
EFTA00095751,35,21,3501.182.075,,"Audio file (full tape recording, side A)",,2021.07.23,visual_only_manual_p35
EFTA00095751,35,22,3501.182.076,,"Audio file (full tape recording, side B)",,2021.07.23,visual_only_manual_p35
EFTA00095751,35,23,3501.182.077,,Audio file,,2021.07.23,visual_only_manual_p35
EFTA00095751,35,24,3501.182.078,,Audio file (clip from tape recording),,2021.07.23,visual_only_manual_p35
EFTA00095751,35,25,3501.182.079,,"Audio file (full tape recording, side A)",,2021.07.23,visual_only_manual_p35
EFTA00095751,35,26,3501.182.080,,"Audio file (full tape recording, side B)",,2021.07.23,visual_only_manual_p35
EFTA00095751,35,27,3501.182.081,,Audio file (clip from tape recording),,2021.07.23,visual_only_manual_p35
EFTA00095751,35,28,3501.182.082,,"Audio file (full tape recording, side A)",,2021.07.23,visual_only_manual_p35
EFTA00095751,35,29,3501.182.083,,"Audio file (full tape recording, side B)",,2021.07.23,visual_only_manual_p35
EFTA00095751,35,30,3501.182.084,2005.10.18,Application and search warrant,,2021.10.11,visual_only_manual_p35
EFTA00095751,35,31,3501.182.085,2006.05.01,Letter from Michael Reiter to Barry Krischer,,2021.10.11,visual_only_manual_p35
EFTA00095751,35,32,3501.182.086,2007.02.01,Letter from Gerald Lefcourt to [redacted],,2021.10.11,visual_only_manual_p35
EFTA00095751,35,33,3501.182.087,2007.02.15,Handwritten notes,,2021.10.11,visual_only_manual_p35
EFTA00095751,35,34,3501.182.088,2007.02.26,Letter re: [redacted],,2021.10.11,visual_only_manual_p35
EFTA00095751,35,35,3501.182.089,2007.04.02,Letter re: [redacted],,2021.10.11,visual_only_manual_p35
EFTA00095751,35,36,3501.182.090,2007.04.16,Letter re: [redacted],,2021.10.11,visual_only_manual_p35
EFTA00095751,35,37,3501.182.091,2007.05.09,Letter from [redacted] to Michael Dutko,,2021.10.11,visual_only_manual_p35
EFTA00095751,35,38,3501.182.092,2007.05.31,MySpace pages,,2021.10.11,visual_only_manual_p35
EFTA00095751,35,39,3501.182.093,2007.06.14,Letter from [redacted] to Michael Dutko,,2021.10.11,visual_only_manual_p35
EFTA00095751,35,40,3501.182.094,2007.06.15,Letter from Gerald Lefcourt to [redacted],,2021.10.11,visual_only_manual_p35
EFTA00095751,35,41,3501.182.095,2007.12.11,Letter from Lefkowitz to Acosta,,2021.10.11,visual_only_manual_p35
EFTA00095751,35,42,3501.182.096,2008.06.19,Start submission to DAVID,,2021.10.11,visual_only_manual_p35
EFTA00095751,35,43,3501.182.097,2008.07.10,Final notification letter of identified victims,,2021.10.11,visual_only_manual_p35
EFTA00095751,35,44,3501.182.098,2008.07.10,Final notification letter of identified victims,,2021.10.11,visual_only_manual_p35
EFTA00095751,35,45,3501.182.099,2008.09.02,Amended notification letter of identified victim,,2021.10.11,visual_only_manual_p35
EFTA00095751,35,46,3501.182.100,2008.12.08,Letter of notification for work release,,2021.10.11,visual_only_manual_p35
EFTA00095751,35,47,3501.182.101,,AT&T Records,,2021.10.11,visual_only_manual_p35
EFTA00095751,35,48,3501.182.102,2009.11.10,Deposition transcript,Rita Glavin,2021.10.11,visual_only_manual_p35
EFTA00095751,35,49,3501.183.001,2004.11.28,Police call response regarding [redacted],,2021.04.12,visual_only_manual_p35
EFTA00095751,35,50,3501.183.002,2004.11.28,Palm Beach Police Department Intelligence Report,,2021.04.12,visual_only_manual_p35
EFTA00095751,35,51,3501.183.003,2005.11.10,Palm Beach Police Department Property Receipt,,2021.04.12,visual_only_manual_p35
EFTA00095751,35,52,3501.183.004,2006.01.05,Palm Beach Police Department Property Receipt,,2021.04.12,visual_only_manual_p35
EFTA00095751,35,53,3501.183.005,2006.07.13,Palm Beach Police Department Incident Report,,2021.04.12,visual_only_manual_p35
EFTA00095751,35,54,3501.183.006,2006.08.19,Palm Beach Police Department Property Receipt,,2021.04.12,visual_only_manual_p35
EFTA00095751,35,55,3501.183.007,2006.08.26,Palm Beach Police Department Evidence/Property Tracking Report,,2021.04.12,visual_only_manual_p35
EFTA00095751,35,56,3501.183.008,2006.08.26,Palm Beach Police Department Evidence/Property Tracking Report,,2021.04.12,visual_only_manual_p35
EFTA00095751,35,57,3501.183.009,2006.08.28,Palm Beach Police Department Property Receipt,,2021.04.12,visual_only_manual_p35
EFTA00095751,35,58,3501.183.010,2006.11.09,Application for Employment by [redacted],,2021.04.12,visual_only_manual_p35
EFTA00095751,35,59,3501.183.011,2006.11.09,Authorization for Release of Information,,2021.04.12,visual_only_manual_p35
EFTA00095751,35,60,3501.183.012,2006.11.09,[redacted] employment eligibility verification form,,2021.04.12,visual_only_manual_p35
EFTA00095751,35,61,3501.183.013,2006.11.09,[redacted] resume,,2021.04.12,visual_only_manual_p35
EFTA00095751,35,62,3501.183.014,2006.11.09,[redacted] identifying documents,,2021.04.12,visual_only_manual_p35
EFTA00095751,35,63,3501.183.015,2007.01.18,[redacted] Interview 302,,2021.04.12,visual_only_manual_p35
EFTA00095751,35,64,3501.183.016,2007.02.01,Pages of a letter from Gerald Lefcourt to [redacted] and [redacted],,2021.04.12,visual_only_manual_p35
EFTA00095751,35,65,3501.183.017,,Transcript index,,2021.04.12,visual_only_manual_p35
EFTA00095751,35,66,3501.183.018,2008.04.29 & 2008.03.18,[redacted] testimony of [redacted],,2021.04.12,visual_only_manual_p35
EFTA00095751,35,67,3501.183.019,2009.07.29,Deposition of [redacted],,2021.04.12,visual_only_manual_p35
EFTA00095751,35,68,3501.183.020,2009.08.07,Continued deposition of [redacted],,2021.04.12,visual_only_manual_p35
EFTA00095751,35,69,3501.183.021,2004.11.28,PBPD Intelligence Report,,2021.07.23,visual_only_manual_p35
EFTA00095751,35,70,3501.183.022,2005.11.03,Florida D.A.V.I.D. individual summary page for [redacted],,2021.07.23,visual_only_manual_p35
EFTA00095751,35,71,3501.183.023,2005.11.10,Audio file,,2021.07.23,visual_only_manual_p35
EFTA00095751,35,72,3501.183.024,2005.11.10,Audio file,,2021.07.23,visual_only_manual_p35
EFTA00095751,35,73,3501.183.025,2006.01.04,Audio file (full tape recording),,2021.07.23,visual_only_manual_p35
EFTA00095751,35,74,3501.183.026,2006.01.04,Audio file (clip of tape recording),,2021.07.23,visual_only_manual_p35
EFTA00095751,35,75,3501.183.027,2006.01.04,Handwritten notes,,2021.07.23,visual_only_manual_p35
EFTA00095751,35,76,3501.183.028,2006.05.01,PBPD probable cause affidavit regarding [redacted],,2021.07.23,visual_only_manual_p35
EFTA00095751,35,77,3501.183.029,2006.05.01,PBPD probable cause affidavit regarding [redacted],,2021.07.23,visual_only_manual_p35
EFTA00095751,35,78,3501.183.030,2007.01.13,FBI report regarding interview with [redacted],,2021.07.23,visual_only_manual_p35
EFTA00095751,35,79,3501.183.031,,"Audio file (full tape recording, side A)",,2021.07.23,visual_only_manual_p35
EFTA00095751,35,80,3501.183.032,,"Audio file (full tape recording, side B)",,2021.07.23,visual_only_manual_p35
EFTA00095751,35,81,3501.183.033,,Audio file,,2021.07.23,visual_only_manual_p35
EFTA00095751,35,82,3501.183.034,,Audio file,,2021.07.23,visual_only_manual_p35
EFTA00095751,36,1,3501.183.035,,Audio file,,2021.07.23,visual_only_manual_p36
EFTA00095751,36,2,3501.183.036,,Audio file,,2021.07.23,visual_only_manual_p36
EFTA00095751,36,3,3501.183.037,,Audio file,,2021.07.23,visual_only_manual_p36
EFTA00095751,36,4,3501.183.038,,Audio file,,2021.07.23,visual_only_manual_p36
EFTA00095751,36,5,3501.183.039,,Audio file,,2021.07.23,visual_only_manual_p36
EFTA00095751,36,6,3501.183.040,,Video file,,2021.07.23,visual_only_manual_p36
EFTA00095751,36,7,3501.183.041,,Video file,,2021.07.23,visual_only_manual_p36
EFTA00095751,36,8,3501.183.042,,Video file,,2021.07.23,visual_only_manual_p36
EFTA00095751,36,9,3501.183.043,,Video file,,2021.07.23,visual_only_manual_p36
EFTA00095751,36,10,3501.183.044,,Audio file,,2021.07.23,visual_only_manual_p36
EFTA00095751,36,11,3501.183.045,2005.02.02,Rent A Car Statement,,2021.10.11,visual_only_manual_p36
EFTA00095751,36,12,3501.183.046,2007.02.01,Letter from Lefcourt to Villafana,,2021.10.11,visual_only_manual_p36
EFTA00095751,36,13,3501.183.047,2009.11.03,Advice of rights form,,2021.10.11,visual_only_manual_p36
EFTA00095751,36,14,3501.183.048,2009.11.03,[redacted] 302,,2021.10.11,visual_only_manual_p36
EFTA00095751,36,15,3501.183.049,2009.11.03,Consent to search form,,2021.10.11,visual_only_manual_p36
EFTA00095751,36,16,3501.183.050,2009.11.06,[redacted] 302,,2021.10.11,visual_only_manual_p36
EFTA00095751,36,17,3501.183.051,2009.11.06,Advice of rights form,,2021.10.11,visual_only_manual_p36
EFTA00095751,36,18,3501.183.052,2009.12.01,US v. [redacted] criminal complaint,,2021.10.11,visual_only_manual_p36
EFTA00095751,36,19,3501.183.053,2010.02.17,Florida criminal history record,,2021.10.11,visual_only_manual_p36
EFTA00095751,36,20,3501.183.054,2010.06.18,US v. [redacted] sentencing packet,,2021.10.11,visual_only_manual_p36
EFTA00095751,36,21,3501.183.055,,[redacted] records,,2021.10.11,visual_only_manual_p36
EFTA00095751,36,22,3501.183.056,,Dollar Car Rental subpoena return,,2021.10.11,visual_only_manual_p36
EFTA00095751,36,23,3501.183.057,,[redacted] 302s regarding obstruction charges,,2021.10.11,visual_only_manual_p36
EFTA00095751,36,24,3501.183.058,,[redacted] 302s regarding obstruction charges,,2021.10.11,visual_only_manual_p36
EFTA00095751,36,25,3501.183.059,,[redacted] 302s regarding obstruction charges,,2021.10.11,visual_only_manual_p36
EFTA00095751,36,26,3501.183.060,2009.08.07,Continued deposition of [redacted],,2021.10.11,visual_only_manual_p36
EFTA00095751,36,27,3501.183.061,2006.01.04,Handwritten notes,,2021.10.25,visual_only_manual_p36
EFTA00095751,36,28,3501.183.062,2006.01.06,Handwritten notes,N/A,2021.10.25,visual_only_manual_p36
EFTA00095751,36,29,3501.184.001,2007.03.06,[redacted] Interview 302,,2021.04.12,visual_only_manual_p36
EFTA00095751,36,30,3501.184.002,2007.03.07,FBI report regarding interview with [redacted],N/A,2021.07.23,visual_only_manual_p36
EFTA00095751,36,31,3501.185.001,2009.06.11,LexisNexis Report regarding [redacted],N/A,2021.04.12,visual_only_manual_p36
EFTA00095751,36,32,3501.186.001,2020.08.21,[redacted] Interview 302,,2021.04.12,visual_only_manual_p36
EFTA00095751,36,33,3501.186.002,2020.08.21,[redacted] Interview handwritten notes,,2021.04.12,visual_only_manual_p36
EFTA00095751,36,34,3501.186.003,2020.08.21,[redacted] Interview handwritten notes,Gloria Allred,2021.10.11,visual_only_manual_p36
EFTA00095751,36,35,3501.187.001,2019.07.11,[redacted] Interview 302,,2021.04.12,visual_only_manual_p36
EFTA00095751,36,36,3501.187.002,2019.07.11,[redacted] Interview handwritten notes,,2021.04.12,visual_only_manual_p36
EFTA00095751,36,37,3501.187.003,2019.06.13,Memorandum regarding phone call with [redacted],,2021.07.23,visual_only_manual_p36
EFTA00095751,36,38,3501.187.004,2019.07.01,Memorandum regarding phone call with [redacted],,2021.07.23,visual_only_manual_p36
EFTA00095751,36,39,3501.187.005,,Handwritten notes,,2021.07.23,visual_only_manual_p36
EFTA00095751,36,40,3501.187.006,,Handwritten notes,,2021.07.23,visual_only_manual_p36
EFTA00095751,36,41,3501.187.007,,Screenshot of text message,,2021.07.23,visual_only_manual_p36
EFTA00095751,36,42,3501.187.008,,Screenshot of text message,,2021.07.23,visual_only_manual_p36
EFTA00095751,36,43,3501.187.009,,Handwritten notes on article,,2021.10.11,visual_only_manual_p36
EFTA00095751,36,44,3501.187.010,2019.07.09,Email regarding [redacted],N/A,2021.10.11,visual_only_manual_p36
EFTA00095751,36,45,3501.188.001,2019.07.15,FBI memo regarding [redacted] call to NTOC,,2021.04.12,visual_only_manual_p36
EFTA00095751,36,46,3501.188.002,2019.07.26,[redacted] Interview 302,,2021.04.12,visual_only_manual_p36
EFTA00095751,36,47,3501.188.003,2019.07.26,[redacted] Interview handwritten notes,,2021.04.12,visual_only_manual_p36
EFTA00095751,36,48,3501.188.004,,Screenshot of Facebook profile for [redacted],,2021.04.12,visual_only_manual_p36
EFTA00095751,36,49,3501.188.005,,Screenshot of Facebook profile for [redacted],,2021.04.12,visual_only_manual_p36
EFTA00095751,36,50,3501.188.006,,Screenshot of Facebook profile for [redacted],,2021.04.12,visual_only_manual_p36
EFTA00095751,36,51,3501.188.007,,Screenshot of Facebook profile for [redacted],,2021.04.12,visual_only_manual_p36
EFTA00095751,36,52,3501.188.008,2019.07.24 - 2019.07.31,Text conversation with agent,N/A,2021.10.11,visual_only_manual_p36
EFTA00095751,36,53,3501.189.001,2006.07.31,Material Witness Statement Affidavit of Prosecution Palm Beach Police Department,,2021.04.12,visual_only_manual_p36
EFTA00095751,36,54,3501.189.002,2006.07.31,Photo line-up instructions for [redacted],,2021.04.12,visual_only_manual_p36
EFTA00095751,36,55,3501.189.003,2006.08.02,Florida D.A.V.I.D. individual summary page for [redacted],,2021.04.12,visual_only_manual_p36
EFTA00095751,36,56,3501.189.004,2006.08.04,Driver License Transaction Page for [redacted],,2021.04.12,visual_only_manual_p36
EFTA00095751,36,57,3501.189.005,2006.08.07,Palm Beach Police Department Incident Report,,2021.04.12,visual_only_manual_p36
EFTA00095751,36,58,3501.189.006,2006.08.08,National Comprehensive Report for [redacted],,2021.04.12,visual_only_manual_p36
EFTA00095751,36,59,3501.189.007,2006.08.08,FBI memorandum documenting victim information,,2021.04.12,visual_only_manual_p36
EFTA00095751,36,60,3501.189.008,2007.02.27,[redacted] testimony of [redacted],,2021.04.12,visual_only_manual_p36
EFTA00095751,36,61,3501.189.009,2007.06.08,Record request regarding [redacted],,2021.04.12,visual_only_manual_p36
EFTA00095751,36,62,3501.189.010,2007.06.12,NCIC Interstate Identification Index search for [redacted],,2021.04.12,visual_only_manual_p36
EFTA00095751,36,63,3501.189.011,2007.06.12,National Comprehensive Report for [redacted],,2021.04.12,visual_only_manual_p36
EFTA00095751,36,64,3501.189.012,2007.06.12,Florida D.A.V.I.D. individual summary page for [redacted],,2021.04.12,visual_only_manual_p36
EFTA00095751,36,65,3501.189.013,,Intentionally omitted,,2021.04.12,visual_only_manual_p36
EFTA00095751,36,66,3501.189.014,2007.06.13,MapQuest directions,,2021.04.12,visual_only_manual_p36
EFTA00095751,36,67,3501.189.015,2007.06.25,[redacted] Interview 302,,2021.04.12,visual_only_manual_p36
EFTA00095751,37,1,3501.184,,,,, visual_retranscribe_p37
EFTA00095751,37,2,3501.184-004,,Audio file,,2023.07.13,visual_retranscribe_p37
EFTA00095751,37,3,3501.184-CDs,,Audio file,,2023.07.13,visual_retranscribe_p37
EFTA00095751,37,4,3501.184-006,,Audio file,,2023.07.13,visual_retranscribe_p37
EFTA00095751,37,5,3501.184-007,,Audio file,,2023.07.13,visual_retranscribe_p37
EFTA00095751,37,6,3501.184-008,,Audio file,,2023.07.13,visual_retranscribe_p37
EFTA00095751,37,7,3501.184-009,,Video file,,2023.07.13,visual_retranscribe_p37
EFTA00095751,37,8,3501.184-010,,Video file,,2023.07.13,visual_retranscribe_p37
EFTA00095751,37,9,3501.184-003,,Video file,,2023.07.13,visual_retranscribe_p37
EFTA00095751,37,10,3501.184-004,,Video file,,2023.07.13,visual_retranscribe_p37
EFTA00095751,37,11,3501.184-005,,Video file,,2023.07.13,visual_retranscribe_p37
EFTA00095751,37,12,3501.184-011,2007.02.02,Justice & Law published by InfoSonics,,2023.07.13,visual_retranscribe_p37
EFTA00095751,37,13,3501.184-012,2007.02.13,[redacted],,2023.05.01,visual_retranscribe_p37
EFTA00095751,37,14,3501.184-013,2007.11.19,Consent to [redacted],,2023.05.01,visual_retranscribe_p37
EFTA00095751,37,15,3501.184-014,2007.11.19,[redacted],,2023.05.01,visual_retranscribe_p37
EFTA00095751,37,16,3501.184-015,,Photograph [redacted],,2023.05.01,visual_retranscribe_p37
EFTA00095751,37,17,3501.184-016,,Transcription,,2023.05.01,visual_retranscribe_p37
EFTA00095751,37,18,3501.184-017,2010.02.17,[redacted] custody record,,2023.05.01,visual_retranscribe_p37
EFTA00095751,37,19,3501.184-018,,[redacted],,2023.05.01,visual_retranscribe_p37
EFTA00095751,37,20,3501.184-019,,[redacted],,2023.05.01,visual_retranscribe_p37
EFTA00095751,37,21,3501.184-020,,[redacted],,2023.05.01,visual_retranscribe_p37
EFTA00095751,37,22,3501.184-021,,Info re: [redacted] criminal charges,,2023.05.01,visual_retranscribe_p37
EFTA00095751,37,23,3501.184-022,,[redacted],,2023.05.01,visual_retranscribe_p37
EFTA00095751,37,24,3501.184-023,,Info regarding obstruction (Pagliuca),,2023.05.01,visual_retranscribe_p37
EFTA00095751,37,25,3501.184-024,,[redacted],,N/A,visual_retranscribe_p37
EFTA00095751,37,26,3501.186,,,,, visual_retranscribe_p37
EFTA00095751,37,27,3501.186-001,2007.03.06,[redacted] regarding [redacted],N/A,2023.04.12,visual_retranscribe_p37
EFTA00095751,37,28,3501.186-002,,,N/A,,visual_retranscribe_p37
EFTA00095751,37,29,3501.185,,,,, visual_retranscribe_p37
EFTA00095751,37,30,3501.185-001,2009.06.11,Intellius Report regarding [redacted],N/A,2023.04.12,visual_retranscribe_p37
EFTA00095751,37,31,3501.186,,,,, visual_retranscribe_p37
EFTA00095751,37,32,3501.186-001,2010.08.21,[redacted],,2023.04.13,visual_retranscribe_p37
EFTA00095751,37,33,3501.186-002,2010.08.23,Interview Standardizes notes,Gloria Allred,2023.04.13,visual_retranscribe_p37
EFTA00095751,37,34,3501.186-003,2010.08.23,[redacted],Gloria Allred,2023.04.13,visual_retranscribe_p37
EFTA00095751,37,35,3501.187,,,,, visual_retranscribe_p37
EFTA00095751,37,36,3501.187-001,2019.07.11,Interview 302,,2023.04.12,visual_retranscribe_p37
EFTA00095751,37,37,3501.187-002,2019.07.11,[redacted],,2023.07.13,visual_retranscribe_p37
EFTA00095751,37,38,3501.187-003,2019.07.13,Memorandum regarding phone call with [redacted],,2023.07.13,visual_retranscribe_p37
EFTA00095751,37,39,3501.187-004,2019.10.11,Analyst note,,2023.07.13,visual_retranscribe_p37
EFTA00095751,37,40,3501.187-005,,Handwritten notes,,2023.07.13,visual_retranscribe_p37
EFTA00095751,37,41,3501.187-006,2019.07.16,[redacted] regarding [redacted],N/A,2023.05.01,visual_retranscribe_p37
EFTA00095751,37,42,3501.188,,,,, visual_retranscribe_p37
EFTA00095751,37,43,3501.188-001,2019.07.21,[redacted] regarding call to NTOC,,2023.07.13,visual_retranscribe_p37
EFTA00095751,37,44,3501.188-002,2019.07.26,[redacted],,2023.04.13,visual_retranscribe_p37
EFTA00095751,37,45,3501.188-003,2019.07.26,[redacted],,2023.04.13,visual_retranscribe_p37
EFTA00095751,37,46,3501.188-004,,Screenshot of Facebook profile for [redacted],,2023.04.13,visual_retranscribe_p37
EFTA00095751,37,47,3501.188-005,,Screenshot of Facebook profile for [redacted],,2023.04.13,visual_retranscribe_p37
EFTA00095751,37,48,3501.188-006,2019.07.14,Text conversation with agent,N/A,2021.10.11,visual_retranscribe_p37
EFTA00095751,37,49,3501.189,,,,, visual_retranscribe_p37
EFTA00095751,37,50,3501.189-001,2008.07.31,Rewrite Witness Statement (Affidavit of Prosecution Palm Beach [redacted]),,2023.04.12,visual_retranscribe_p37
EFTA00095751,37,51,3501.189-002,,Photos from [redacted],,2023.04.12,visual_retranscribe_p37
EFTA00095751,37,52,3501.189-003,,[redacted],,2023.04.12,visual_retranscribe_p37
EFTA00095751,37,53,3501.189-004,2008.08.01,Florida S.A.V.I.O. individual [redacted] summary page for [redacted],,2023.04.13,visual_retranscribe_p37
EFTA00095751,37,54,3501.189-005,,National Computerized Index of [redacted],,2023.04.13,visual_retranscribe_p37
EFTA00095751,37,55,3501.189-006,2005.06.03,Palm Beach Police Department Incident Report,,2023.04.12,visual_retranscribe_p37
EFTA00095751,37,56,3501.189-007,2005.06.03,R/C Information [redacted],,2023.04.12,visual_retranscribe_p37
EFTA00095751,37,57,3501.189-008,,NCIC Interstate Identification Index [redacted],,2023.04.12,visual_retranscribe_p37
EFTA00095751,37,58,3501.189-009,,,,,visual_retranscribe_p37
EFTA00095751,37,59,3501.189-010,1987.06.12,Florida S.A.V.I.O. individual summary page for [redacted],,2023.04.12,visual_retranscribe_p37
EFTA00095751,37,60,3501.189-011,,,,,visual_retranscribe_p37
EFTA00095751,38,1,3501.189-012,2007.06.19,[redacted],N/A,2023.04.13,visual_retranscribe_p38
EFTA00095751,38,2,3501.189-013,2007.01.26,Florida S.A.V.I.O. individual summary page for [redacted],,2023.04.12,visual_retranscribe_p38
EFTA00095751,38,3,3501.189-014,2003.07.30,Florida S.A.V.I.O. photo line-up for [redacted],,2023.04.12,visual_retranscribe_p38
EFTA00095751,38,4,3501.189-015,2003.10.26,[redacted],,2023.04.13,visual_retranscribe_p38
EFTA00095751,38,5,3501.189-016,2003.10.26,[redacted],,2023.04.13,visual_retranscribe_p38
EFTA00095751,38,6,3501.189-017,,[redacted],,2023.04.13,visual_retranscribe_p38
EFTA00095751,38,7,3501.189-018,,Information regarding [redacted],,2023.04.13,visual_retranscribe_p38
EFTA00095751,38,8,3501.189-019,,Information regarding [redacted],,2023.04.13,visual_retranscribe_p38
EFTA00095751,38,9,3501.189-020,2006.07.28,Florida S.A.V.I.O. individual summary page for [redacted],,2023.07.27,visual_retranscribe_p38
EFTA00095751,38,10,3501.189-021,2005.06.23,FBI report regarding [redacted],,2023.07.13,visual_retranscribe_p38
EFTA00095751,38,11,3501.189-022,2007.10.17,FBI report regarding [redacted],,2023.07.17,visual_retranscribe_p38
EFTA00095751,38,12,3501.189-023,2007.11.20,FBI report regarding knowledge and earlier information,,2023.07.17,visual_retranscribe_p38
EFTA00095751,38,13,3501.189-024,2008.12.08,FBI report regarding interview of [redacted],,2023.07.17,visual_retranscribe_p38
EFTA00095751,38,14,3501.189-025,,FBI report regarding [redacted],,2023.07.17,visual_retranscribe_p38
EFTA00095751,38,15,3501.189-026,,,,,visual_retranscribe_p38
EFTA00095751,38,16,3501.189-027,2008.07.07,Various search results regarding [redacted],,2023.07.17,visual_retranscribe_p38
EFTA00095751,38,17,3501.189-028,2006.09.01,[redacted],,2023.07.17,visual_retranscribe_p38
EFTA00095751,38,18,3501.189-029,2006.09.01,[redacted] regarding [redacted],,2023.07.17,visual_retranscribe_p38
EFTA00095751,38,19,3501.189-030,,order regarding victims' rights,,2023.04.13,visual_retranscribe_p38
EFTA00095751,38,20,3501.189-031,2008.07.31,[redacted],,2023.04.13,visual_retranscribe_p38
EFTA00095751,38,21,3501.189-032,2005.06.03,[redacted],,2023.04.13,visual_retranscribe_p38
EFTA00095751,38,22,3501.189-033,,Memorandum re: [redacted],,N/A,visual_retranscribe_p38
EFTA00095751,38,23,3501.189-034,,Information re Pilot,,2021.10.11,visual_retranscribe_p38
EFTA00095751,38,24,3501.190,,,,, visual_retranscribe_p38
EFTA00095751,38,25,3501.190-001,2007.04.24,ATC CAD Call Information,N/A,2023.04.12,visual_retranscribe_p38
EFTA00095751,38,26,3501.190a,,,,, visual_retranscribe_p38
EFTA00095751,38,27,3501.190a-001,2005.09.05,[redacted],,2023.04.12,visual_retranscribe_p38
EFTA00095751,38,28,3501.191-001,2019.08.13,Interview 302,,2023.04.12,visual_retranscribe_p38
EFTA00095751,38,29,3501.191-002,2019.08.13,[redacted],,2023.04.12,visual_retranscribe_p38
EFTA00095751,38,30,3501.191-003,2019.08.13,Photograph and index,,2023.04.12,visual_retranscribe_p38
EFTA00095751,38,31,3501.191-004,2019.08.13,Text conversation with agent,N/A,2021.11,visual_retranscribe_p38
EFTA00095751,38,32,3501.192,,,,, visual_retranscribe_p38
EFTA00095751,38,33,3501.192-001,2006.12.18,[redacted] criminal background [redacted],,2023.04.12,visual_retranscribe_p38
EFTA00095751,38,34,3501.192-002,2006.12.18,Florida S.A.V.I.O. motor vehicle status page [redacted],N/A,2023.04.12,visual_retranscribe_p38
EFTA00095751,38,35,3501.193,,,,, visual_retranscribe_p38
EFTA00095751,38,36,3501.193-A01 through 3501.193-046,Various,[redacted] records,,2023.09.13,visual_retranscribe_p38
EFTA00095751,38,37,3501.193-001,2008.08.03,File cover sheet for biographical file for [redacted],,2023.04.12,visual_retranscribe_p38
EFTA00095751,38,38,3501.193-002,2007.03.07,Palm Beach Police Department Incident Report,,2023.04.12,visual_retranscribe_p38
EFTA00095751,38,39,3501.193-003,2008.09.12,[redacted],,2023.04.13,visual_retranscribe_p38
EFTA00095751,38,40,3501.193-004,2008.09.12,NCIC Interstate Identification Index search for [redacted],,2023.04.13,visual_retranscribe_p38
EFTA00095751,38,41,3501.193-005,2008.08.26,Palm Beach Police Department Property Receipt,,2023.04.13,visual_retranscribe_p38
EFTA00095751,38,42,3501.193-006,,[redacted],,2023.04.13,visual_retranscribe_p38
EFTA00095751,38,43,3501.193-007,,FBI report [redacted] Evidence/Property Tracking Report,,2023.04.12,visual_retranscribe_p38
EFTA00095751,38,44,3501.193-008,2007.03.01.01,Photo of a [redacted] from banked without [redacted],,2023.04.12,visual_retranscribe_p38
EFTA00095751,38,45,3501.193-009,,,,,visual_retranscribe_p38
EFTA00095751,38,46,3501.193-010,2007.06.22,Florida S.A.V.I.O. individual summary page for [redacted],,2023.04.12,visual_retranscribe_p38
EFTA00095751,38,47,3501.193-011,2007.08.15,Florida S.A.V.I.O. [redacted],,2023.04.12,visual_retranscribe_p38
EFTA00095751,38,48,3501.193-012,,[redacted],,2023.04.12,visual_retranscribe_p38
EFTA00095751,38,49,3501.193-013,,Florida S.A.V.I.O. individual summary page for [redacted],,2021.04.12,visual_retranscribe_p38
EFTA00095751,38,50,3501.193-014,2007.06.06,Florida S.A.V.I.O. individual summary page for [redacted],,2021.04.12,visual_retranscribe_p38
EFTA00095751,39,1,3501.193-080,2005.06.13,Florida S.A.V.I.O. [redacted] motor vehicle [redacted] page,,2023.04.12,visual_retranscribe_p39
EFTA00095751,39,2,3501.193-081,2005.10.04,Palm Beach Police Department [redacted],,2023.04.12,visual_retranscribe_p39
EFTA00095751,39,3,3501.193-082,,Palm Beach Police Department Property Receipt,,2023.04.13,visual_retranscribe_p39
EFTA00095751,39,4,3501.193-083,,[redacted] records regarding [redacted],,2023.04.13,visual_retranscribe_p39
EFTA00095751,39,5,3501.193-084,,[redacted],,2023.04.13,visual_retranscribe_p39
EFTA00095751,39,6,3501.193-085,,Background file regarding [redacted] serial 01,,2023.41,visual_retranscribe_p39
EFTA00095751,39,7,3501.193-CDs,2005.10.02,Audio file (full of tape recording [redacted]),,2023.07.13,visual_retranscribe_p39
EFTA00095751,39,8,3501.193-CDs2,2006.11.04,Audio file (full of tape recording [redacted]),,2023.07.13,visual_retranscribe_p39
EFTA00095751,39,9,3501.193-CDs3,2006.11.04,Audio file (full of tape recording [redacted]),,2023.07.13,visual_retranscribe_p39
EFTA00095751,39,10,3501.193-101,2005.12.05,Florida S.A.V.I.O. individual summary page for [redacted],,2023.07.24,visual_retranscribe_p39
EFTA00095751,39,11,3501.193-301,2005.05.01,PBPD probable cause affidavit regarding [redacted],,2023.07.13,visual_retranscribe_p39
EFTA00095751,39,12,3501.193-302,2005.05.02,[redacted],,2023.07.13,visual_retranscribe_p39
EFTA00095751,39,13,3501.193-303,2013.04.30,FBI report regarding [redacted],,2023.07.17,visual_retranscribe_p39
EFTA00095751,39,14,3501.193-304,,FBI report regarding [redacted],,2023.07.17,visual_retranscribe_p39
EFTA00095751,39,15,3501.193-305,2013.11.04,FBI report regarding [redacted] with [redacted],,2023.07.17,visual_retranscribe_p39
EFTA00095751,39,16,3501.193-306,,Audio file (full of tape recording [redacted]),,2023.07.13,visual_retranscribe_p39
EFTA00095751,39,17,3501.193-307,,Audio file (full of tape recording [redacted]),,2023.07.13,visual_retranscribe_p39
EFTA00095751,39,18,3501.193-308,2005.12.04,Transcription,,2023.07.13,visual_retranscribe_p39
EFTA00095751,39,19,3501.193-309,2005.12.04,Transcription,,2023.07.13,visual_retranscribe_p39
EFTA00095751,39,20,3501.193-110,2008.04.16,order from [redacted] re: [redacted],,2023.04.13,visual_retranscribe_p39
EFTA00095751,39,21,3501.193-111,,,N/A,,visual_retranscribe_p39
EFTA00095751,39,22,3501.194,,,,, visual_retranscribe_p39
EFTA00095751,39,23,3501.194-001,2008.02.01,ATC CAD Call Information,N/A,2023.04.12,visual_retranscribe_p39
EFTA00095751,39,24,3501.195,,,,, visual_retranscribe_p39
EFTA00095751,39,25,3501.195-001,2008.07.21,Miniature death record search [redacted],N/A,2023.04.12,visual_retranscribe_p39
EFTA00095751,39,26,3501.196,,,,, visual_retranscribe_p39
EFTA00095751,39,27,3501.196-001,2007.12.02,Florida S.A.V.I.O. individual summary page for [redacted],N/A,2023.04.12,visual_retranscribe_p39
EFTA00095751,39,28,3501.197,,,,, visual_retranscribe_p39
EFTA00095751,39,29,3501.197-001,2010.07.14,[redacted] application [redacted],,2023.04.12,visual_retranscribe_p39
EFTA00095751,39,30,3501.197-002,2010.07.14,Interview 302,,2023.04.12,visual_retranscribe_p39
EFTA00095751,39,31,3501.197-003,,,missing report,,2023.07.13
EFTA00095751,39,32,3501.197a,,,,, visual_retranscribe_p39
EFTA00095751,39,33,3501.197a-001,1977.01.01,Serial regarding [redacted] arrest address,N/A,2023.04.12,visual_retranscribe_p39
EFTA00095751,39,34,3501.198,,,,, visual_retranscribe_p39
EFTA00095751,39,35,3501.199-001,2005.04.18,Florida S.A.V.I.O. individual [redacted],,2023.04.12,visual_retranscribe_p39
EFTA00095751,39,36,3501.199-002,2005.05.01,Cover sheet for biographical file on [redacted],,2023.04.12,visual_retranscribe_p39
EFTA00095751,39,37,3501.199-003,,Florida medical history [redacted],,2023.04.12,visual_retranscribe_p39
EFTA00095751,39,38,3501.199-004,,Palm Beach Police Department Incident Report,,2023.04.12,visual_retranscribe_p39
EFTA00095751,39,39,3501.199-005,,Palm Beach Police Department [redacted],,2023.04.13,visual_retranscribe_p39
EFTA00095751,39,40,3501.199-006,2005.07.27,[redacted] report regarding [redacted],,2022.04.13,visual_retranscribe_p39
EFTA00095751,39,41,3501.199-007,2006.09.20,NCIC Interstate Identification Index search for [redacted],,2023.04.13,visual_retranscribe_p39
EFTA00095751,39,42,3501.199-008,,,,,visual_retranscribe_p39
EFTA00095751,39,43,3501.199-011,2008.08.26,Palm Beach Police Department Evidence/Property Tracking Report,,2023.04.12,visual_retranscribe_p39
EFTA00095751,40,1,3501.199-012,2007.08.14,[redacted] from [redacted] credit [redacted] for [redacted],,2023.04.13,visual_retranscribe_p40
EFTA00095751,40,2,3501.199-020,2007.11.11,Pages of a letter from [redacted] to [redacted] re: FBI re-interview Bureau,,2023.04.12,visual_retranscribe_p40
EFTA00095751,40,3,3501.199-021,2007.11.12,[redacted],,2023.04.12,visual_retranscribe_p40
EFTA00095751,40,4,3501.199-022,2007.11.12,National Computerized Report regarding [redacted],,2023.04.13,visual_retranscribe_p40
EFTA00095751,40,5,3501.199-023,,,,,visual_retranscribe_p40
EFTA00095751,40,6,3501.199-033,2008.02.11,Florida S.A.V.I.O. individual summary page for [redacted],,2023.04.12,visual_retranscribe_p40
EFTA00095751,40,7,3501.199-034,2008.05.16,Law enforcement [redacted] regarding [redacted],,2023.04.13,visual_retranscribe_p40
EFTA00095751,40,8,3501.199-035,2007.07.01,FBI report regarding contact with [redacted],,2023.04.13,visual_retranscribe_p40
EFTA00095751,40,9,3501.199-036,2006.02.14,Audio file: full tape recording: side A,,2023.07.13,visual_retranscribe_p40
EFTA00095751,40,10,3501.199-037,2006.02.14,Audio file: full tape recording: side B,,2023.07.13,visual_retranscribe_p40
EFTA00095751,40,11,3501.199-038,,Transcription,,2023.07.13,visual_retranscribe_p40
EFTA00095751,40,12,3501.199-039,,Paradise/Rosen news clip,,2023.07.13,visual_retranscribe_p40
EFTA00095751,40,13,3501.199-101,,handwritten notes,,2021.10.11,visual_retranscribe_p40
EFTA00095751,40,14,3501.200,,,,, visual_retranscribe_p40
EFTA00095751,40,15,3501.200-001,1977.01.10,Record search regarding [redacted],,2023.04.12,visual_retranscribe_p40
EFTA00095751,40,16,3501.200-003,1987.02.02,Florida S.A.V.I.O. individual summary page for [redacted],N/A,2023.04.12,visual_retranscribe_p40
EFTA00095751,40,17,3501.201,,,,, visual_retranscribe_p40
EFTA00095751,40,18,3501.201-001,2007.08.11,Record search regarding [redacted],,2023.04.12,visual_retranscribe_p40
EFTA00095751,40,19,3501.201-002,,Google Map Image,,N/A,visual_retranscribe_p40
EFTA00095751,40,20,3501.202,,,,, visual_retranscribe_p40
EFTA00095751,40,21,3501.202-001,2007.08.17,[redacted],,2023.04.12,visual_retranscribe_p40
EFTA00095751,40,22,3501.202-002,2007.04.15,NCIC [redacted],,2023.04.12,visual_retranscribe_p40
EFTA00095751,40,23,3501.202-003,2007.04.12,Florida S.A.V.I.O. individual summary page for [redacted],,2023.04.12,visual_retranscribe_p40
EFTA00095751,40,24,3501.202-004,2008.04.12,Florida S.A.V.I.O. motor vehicle status page [redacted],,2023.04.12,visual_retranscribe_p40
EFTA00095751,40,25,3501.202-005,,Records search regarding [redacted],,2023.04.12,visual_retranscribe_p40
EFTA00095751,40,26,3501.202-006,2009.08.14,FBI report regarding letters for victims,,2021.01.13,visual_retranscribe_p40
EFTA00095751,40,27,3501.202-007,,[redacted],,2023.04.13,visual_retranscribe_p40
EFTA00095751,40,28,3501.202-008,2008.11.14,Letter from Villafana,,2023.01.13,visual_retranscribe_p40
EFTA00095751,40,29,3501.202-009,2008.04.13,Memorandum re 18 USC,,2023.01.13,visual_retranscribe_p40
EFTA00095751,40,30,3501.202-010,,,N/A,,visual_retranscribe_p40
EFTA00095751,40,31,3501.203,,,,, visual_retranscribe_p40
EFTA00095751,40,32,3501.203-001,1977.08.11,Record search regarding [redacted],N/A,2023.07.13,visual_retranscribe_p40
EFTA00095751,40,33,3501.204,,,,, visual_retranscribe_p40
EFTA00095751,40,34,3501.204-001,2019.08.12,[redacted] surveillance photos,,2023.04.12,visual_retranscribe_p40
EFTA00095751,40,35,3501.204-002,2019.08.13,Interview 302,N/A,2023.04.12,visual_retranscribe_p40
EFTA00095751,40,36,3501.205,,,,, visual_retranscribe_p40
EFTA00095751,40,37,3501.205-001,2019.08.14,Memorandum regarding contact with [redacted],N/A,2023.04.12,visual_retranscribe_p40
EFTA00095751,40,38,3505.304,,,,, visual_retranscribe_p40
EFTA00095751,40,39,3505.304-001,2019.08.14,Re: [redacted] criminal [redacted] act [redacted],N/A,,visual_retranscribe_p40
EFTA00095751,40,40,3501.206,,,,, visual_retranscribe_p40
EFTA00095751,40,41,3501.206-001,2019.08.14,[redacted],N/A,2023.04.12,visual_retranscribe_p40
EFTA00095751,40,42,3501.207,,,,, visual_retranscribe_p40
EFTA00095751,40,43,3501.207-001,2019.03.03,Notes regarding prison call with [redacted],N/A,2023.04.12,visual_retranscribe_p40
EFTA00095751,40,44,3501.208,,,,, visual_retranscribe_p40
EFTA00095751,41,1,3501.209,,,,, visual_retranscribe_p41
EFTA00095751,41,2,3501.209-001,1997.07.14,Palm Beach Police Department [redacted] report,,2023.04.12,visual_retranscribe_p41
EFTA00095751,41,3,3501.210,,,,, visual_retranscribe_p41
EFTA00095751,41,4,3501.210-001,2019.08.13,Email from [redacted],D.E.T. and E. [redacted],2023.04.12,visual_retranscribe_p41
EFTA00095751,41,5,3501.210-002,2013.04.24,[redacted],,2023.04.13,visual_retranscribe_p41
EFTA00095751,41,6,3501.210-003,2013.04.26,[redacted],,2023.04.13,visual_retranscribe_p41
EFTA00095751,41,7,3501.210-004,2013.04.26,Persons of interest information,,2023.04.13,visual_retranscribe_p41
EFTA00095751,41,8,3501.210-005,2013.06.05,[redacted] all disclosures,,2023.04.13,visual_retranscribe_p41
EFTA00095751,41,9,3501.210-006,2013.07.21,"Summation regarding reduction 24, 4017 declaration",,2023.04.13,visual_retranscribe_p41
EFTA00095751,41,10,3501.210-010,2017.07.21,Notes on 2017 declaration,Jill Greenfield; Mark Morsley,2021.10.11,visual_retranscribe_p41
EFTA00095751,41,11,3501.211,,,,, visual_retranscribe_p41
EFTA00095751,41,12,3501.211-001,2005.12.07,Palm Beach Police Department Incident Report,,2023.04.12,visual_retranscribe_p41
EFTA00095751,41,13,3501.211-002,2005.07.27,Palm Beach Police Department Incident Report,,2023.04.12,visual_retranscribe_p41
EFTA00095751,41,14,3501.211-003,2006.07.27,Florida S.A.V.I.O. [redacted] victim [redacted] regarding [redacted],,2023.04.12,visual_retranscribe_p41
EFTA00095751,41,15,3501.211-004,2006.08.08,[redacted],,2023.04.12,visual_retranscribe_p41
EFTA00095751,41,16,3501.211-005,2008.08.28,[redacted],,2023.04.12,visual_retranscribe_p41
EFTA00095751,41,17,3501.211-006,2007.03.05,Pages of a letter from [redacted] re [redacted] FBI to [redacted] Bureau [redacted],,2023.04.12,visual_retranscribe_p41
EFTA00095751,41,18,3501.211-007,2007.11.11,Copy of a letter from [redacted] & FBI to Alexander Acosta,,2023.04.12,visual_retranscribe_p41
EFTA00095751,41,19,3501.211-010,2006.01.18,Video file (full video recording),,2023.07.13,visual_retranscribe_p41
EFTA00095751,41,20,3501.211-011,2006.01.01,Video file (full video recording),,2023.07.13,visual_retranscribe_p41
EFTA00095751,41,21,3501.211-012,,Transcription,,2023.07.13,visual_retranscribe_p41
EFTA00095751,41,22,3501.211-013,,PBPD probable cause affidavit regarding [redacted],,2023.07.13,visual_retranscribe_p41
EFTA00095751,41,23,3501.211-014,,PBPD probable cause affidavit regarding [redacted] and bill,,2023.07.13,visual_retranscribe_p41
EFTA00095751,41,24,3501.211-015,,Audio file (full of tape recording [redacted]),,2023.07.13,visual_retranscribe_p41
EFTA00095751,41,25,3501.211-020,2007.12.03,Further File,,2023.04.12,visual_retranscribe_p41
EFTA00095751,41,26,3501.211-021,2007.02.03,Further File,,2023.04.12,visual_retranscribe_p41
EFTA00095751,41,27,3501.211-022,2007.12.03,Letter from Leftowitz,,2023.04.12,visual_retranscribe_p41
EFTA00095751,41,28,3501.211-023,,N/A,,2023.04.12,visual_retranscribe_p41
EFTA00095751,41,29,3501.212,,,,, visual_retranscribe_p41
EFTA00095751,41,30,3501.212-001,2005.11.51,Persons search regarding [redacted],,2023.04.12,visual_retranscribe_p41
EFTA00095751,41,31,3501.212-002,2006.12.02,Persons search regarding [redacted],,2023.04.12,visual_retranscribe_p41
EFTA00095751,41,32,3501.213,,,,, visual_retranscribe_p41
EFTA00095751,41,33,3501.213-001,2019.08.13,[redacted] surveillance photos,,2023.07.13,visual_retranscribe_p41
EFTA00095751,41,34,3501.213-002,2019.08.13,Interview 302,N/A,2023.04.12,visual_retranscribe_p41
EFTA00095751,41,35,3501.214,,,,, visual_retranscribe_p41
EFTA00095751,41,36,3501.214-001,2019.09.16,Sworn statement of [redacted],N/A,2021.07.13,visual_retranscribe_p41
EFTA00095751,41,37,3501.215,,,,, visual_retranscribe_p41
EFTA00095751,41,38,3501.215-001,2019.07.17,Interview 302,,2023.04.12,visual_retranscribe_p41
EFTA00095751,41,39,3501.215-002,,Handwritten notes,,2023.04.13,visual_retranscribe_p41
EFTA00095751,41,40,3501.216,,,,, visual_retranscribe_p41
EFTA00095751,41,41,3501.216-001,1987.10.18,Florida S.A.V.I.O. individual summary page for [redacted],N/A,2023.04.12,visual_retranscribe_p41
EFTA00095751,41,42,3501.217,,,,, visual_retranscribe_p41
EFTA00095751,41,43,3501.218,,,,, visual_retranscribe_p41
EFTA00095751,41,44,3501.218-001 through 3501.218-045,Various,[redacted] records,,2023.04.12,visual_retranscribe_p41
EFTA00095751,41,45,3501.218-100,2007.07.13,Copy from Palm Beach Police Department Incident Report,,2023.04.12,visual_retranscribe_p41
EFTA00095751,41,46,3501.218-101,2008.07.27,Florida S.A.V.I.O. [redacted] driver license transcript page for [redacted],N/A,2023.04.12,visual_retranscribe_p41
EFTA00095751,42,1,3501.218-001,2006.08.26,Palm Beach Police Department Evidence/Property Tracking Report,,2022.04.12,visual_retranscribe_p42
EFTA00095751,42,2,3501.218-M1,,,[redacted] McKeown page,,2021.04.13
EFTA00095751,42,3,3501.218-M2,,,[redacted] McKeown page,,2021.04.13
EFTA00095751,42,4,3501.218-M3,,,[redacted] McKeown page,,2021.04.13
EFTA00095751,42,5,3501.218-046,2007.02.01,Palm Beach County Sheriff's Office confidential [redacted],,2022.04.12,visual_retranscribe_p42
EFTA00095751,42,6,3501.218-090,2007.06.08,Records request regarding [redacted],,2022.04.13,visual_retranscribe_p42
EFTA00095751,42,7,3501.218-091,,,[redacted],,2022.04.13
EFTA00095751,42,8,3501.218-096,2007.05.12,Proffer / Cooperation Report regarding [redacted],,2022.04.13,visual_retranscribe_p42
EFTA00095751,42,9,3501.218-097,2007.09.17,Proffer / Cooperation Report regarding [redacted],,2022.04.13,visual_retranscribe_p42
EFTA00095751,42,10,3501.218-098,,,[redacted],,2022.04.13
EFTA00095751,42,11,3501.218-051,2005.12.13,Florida S.A.V.I.D. individual summary page for [redacted],,2022.07.15,visual_retranscribe_p42
EFTA00095751,42,12,3501.218-052,2005.11.08,Volley title of case information,,2022.07.13,visual_retranscribe_p42
EFTA00095751,42,13,3501.218-053,2005.11.08,Copy of victim notification letter,,2022.07.13,visual_retranscribe_p42
EFTA00095751,42,14,3501.218-054,2005.03.31,PBPD probable cause affidavit regarding [redacted],,2022.07.13,visual_retranscribe_p42
EFTA00095751,42,15,3501.218-055,,,Communications with the AUSA [redacted],,2022.07.13
EFTA00095751,42,16,3501.218-056,2008.10.27,FBI report regarding delivery of victim notification letter,,2022.07.13,visual_retranscribe_p42
EFTA00095751,42,17,3501.218-057,2008.07.17,FBI report regarding delivery of victim notification letter,,2022.07.13,visual_retranscribe_p42
EFTA00095751,42,18,3501.218-058,2008.07.17,FBI report regarding delivery of victim notification letter,,2022.07.13,visual_retranscribe_p42
EFTA00095751,42,19,3501.218-059,,,[redacted],,2022.07.13
EFTA00095751,42,20,3501.218-134,2007.12.18,Application and search warrant,,2021.04.13,visual_retranscribe_p42
EFTA00095751,42,21,3501.218-135,,,[redacted],,2021.04.13
EFTA00095751,42,22,3501.218-E01,,,Letter from [redacted],,2021.04.13
EFTA00095751,42,23,3501.218-E02,,,Letter from [redacted],,2021.04.13
EFTA00095751,42,24,3501.218-E03,,,Letter from [redacted],,2021.04.13
EFTA00095751,42,25,3501.218-E04,,,Letter from informant,,2021.04.13
EFTA00095751,42,26,3501.218-E05,,,Letter from [redacted],,2021.04.13
EFTA00095751,42,27,3501.218-E06,2005.12.11,Submission to the USAO,,2021.04.13,visual_retranscribe_p42
EFTA00095751,42,28,3501.218-E07,,,Handwritten notes,N/A,
EFTA00095751,42,29,3501.219,,,,,visual_retranscribe_p42
EFTA00095751,42,30,3501.219-001,2007.07.25,Santa Monica Police Department Crime Report,,2022.04.12,visual_retranscribe_p42
EFTA00095751,42,31,3501.219-002,2005.10.23,[redacted] Handwritten notes,N/A,2022.04.13,visual_retranscribe_p42
EFTA00095751,42,32,3501.220,,,,,visual_retranscribe_p42
EFTA00095751,42,33,3501.220-001,2006.04.14,Palm Beach Police Department [redacted],,2022.04.12,visual_retranscribe_p42
EFTA00095751,42,34,3501.220-086,2006.09.28,Palm Beach Police Department Evidence/Property Tracking Report,,2022.04.12,visual_retranscribe_p42
EFTA00095751,42,35,3501.220-087,2006.09.28,Palm Beach Police Department Property Receipt,,2022.04.13,visual_retranscribe_p42
EFTA00095751,42,36,3501.220-088,,,Consent to search form (Epstein's Education Account),,2022.04.13
EFTA00095751,42,37,3501.220-100,,,Audio file (disc of two recordings: TBD),,2022.04.13
EFTA00095751,42,38,3501.220-101,,,[redacted],,2022.04.12
EFTA00095751,42,39,3501.220-108,,,Florida S.A.V.I.D. individual summary page regarding [redacted],,2022.07.11
EFTA00095751,42,40,3501.220-500,,,[redacted],,
EFTA00095751,42,41,3501.221,,,,,visual_retranscribe_p42
EFTA00095751,42,42,3501.221-001,2006.08.24,Interview 302,,2022.04.12,visual_retranscribe_p42
EFTA00095751,42,43,3501.222,,,,,visual_retranscribe_p42
EFTA00095751,42,44,3501.222-001,2006.03.06,Florida S.A.V.I.D. Individual driver license activity regarding [redacted],,2022.04.12,visual_retranscribe_p42
EFTA00095751,42,45,3501.223-000,2006.01.09,Palm Beach Police Department Information regarding [redacted],,2022.04.12,visual_retranscribe_p42
EFTA00095751,42,46,3501.223-004,2006.01.09,Florida S.A.V.I.D. individual summary page [redacted],,2022.04.12,visual_retranscribe_p42
EFTA00095751,42,47,3501.223-005,,,Pages from Palm Beach Police Department report [redacted],,2022.04.13
EFTA00095751,42,48,3501.223-006,2006.07.27,[redacted] Palm Beach Police Department [redacted],,2022.04.13,visual_retranscribe_p42
EFTA00095751,42,49,3501.223-007,2006.08.10,Comprehensive Report regarding [redacted],,2022.04.13,visual_retranscribe_p42
EFTA00095751,42,50,3501.223-008,2006.10.30,[redacted],,2022.04.13,visual_retranscribe_p42
EFTA00095751,42,51,3501.223-013,2007.02.02,Florida S.A.V.I.D. individual summary page [redacted],,2022.04.13,visual_retranscribe_p42
EFTA00095751,42,52,3501.223-014,,,Victim notification inspection report [redacted],,2022.04.13
EFTA00095751,42,53,3501.223-015,,,[redacted],,2022.04.13
EFTA00095751,42,54,3501.223-016,,,[redacted],,2022.04.13
EFTA00095751,42,55,3501.223-017,,,[redacted],,2022.04.13
EFTA00095751,42,41,3501.223-001,2020.07.07,[redacted] interview 302,,2021.04.12,corrected_from_pdf_p42
EFTA00095751,42,42,3501.223-002,2020.07.07,[redacted] interview handwritten notes,N/A,2021.04.12,corrected_from_pdf_p42
EFTA00095751,42,43,3501.224-001,2007.08.15,Law enforcement report regarding [redacted],N/A,2021.04.12,corrected_from_pdf_p42
EFTA00095751,42,44,3501.225-001 through 3501.225-078,Various,[redacted] school records,,2021.04.12,corrected_from_pdf_p42
EFTA00095751,42,45,3501.225-079,2006.08.08,FBI memorandum documenting victim information,,2021.04.12,corrected_from_pdf_p42
EFTA00095751,42,46,3501.225-080,2006.08.09,Juvenile arrest information regarding [redacted],,2021.04.12,corrected_from_pdf_p42
EFTA00095751,42,47,3501.225-081,2006.08.09,Florida D.A.V.I.D. driver license transaction page regarding [redacted],,2021.04.12,corrected_from_pdf_p42
EFTA00095751,42,48,3501.225-082,2006.08.09,Florida D.A.V.I.D. search for drivers license number,,2021.04.12,corrected_from_pdf_p42
EFTA00095751,42,49,3501.225-083,2006.08.18,[redacted] interview 302,,2021.04.12,corrected_from_pdf_p42
EFTA00095751,42,50,3501.225-084,2006.08.18,[redacted] interview handwritten notes,,2021.04.12,corrected_from_pdf_p42
EFTA00095751,42,51,3501.225-085,2006.08.28,Palm Beach Police Department Property Receipt,,2021.04.12,corrected_from_pdf_p42
EFTA00095751,42,52,3501.225-086,2006.08.26,Palm Beach Police Department Evidence/Property Tracking Report,,2021.04.12,corrected_from_pdf_p42
EFTA00095751,42,53,3501.225-087,2007.06.12,Records relating to [redacted],,2021.04.12,corrected_from_pdf_p42
EFTA00095751,42,54,3501.225-088,2006.10.03,[redacted] MySpace page,,2021.04.12,corrected_from_pdf_p42
EFTA00095751,42,55,3501.225-089,2007.02.06,[redacted],,2021.04.12,corrected_from_pdf_p42
EFTA00095751,42,56,3501.225-090,2007.02.27,[redacted],,2021.04.12,corrected_from_pdf_p42
EFTA00095751,42,57,3501.225-091,2007.03.20,[redacted],,2021.04.12,corrected_from_pdf_p42
EFTA00095751,42,58,3501.225-092,2007.03.24,[redacted] interview 302,,2021.04.12,corrected_from_pdf_p42
EFTA00095751,42,59,3501.225-093,2007.03.24,[redacted] interview handwritten notes,,2021.04.12,corrected_from_pdf_p42
EFTA00095751,42,60,3501.225-094,2007.05.08,[redacted] testimony of [redacted],,2021.04.12,corrected_from_pdf_p42
EFTA00095751,42,61,3501.225-095,2007.05.15,[redacted] testimony of [redacted],,2021.04.12,corrected_from_pdf_p42
EFTA00095751,42,62,3501.225-096,2007.06.08,Record request regarding [redacted],,2021.04.12,corrected_from_pdf_p42
EFTA00095751,42,63,3501.225-097,2007.06.12,National Comprehensive Report regarding [redacted],,2021.04.12,corrected_from_pdf_p42
EFTA00095751,42,64,3501.225-098,2007.06.12,Juvenile arrest information regarding [redacted],,2021.04.12,corrected_from_pdf_p42
EFTA00095751,42,65,3501.225-099,2007.06.12,Records relating to [redacted],,2021.04.12,corrected_from_pdf_p42
EFTA00095751,42,66,3501.225-100,2007.07.20,Florida D.A.V.I.D. individual summary page regarding [redacted],,2021.04.12,corrected_from_pdf_p42
EFTA00095751,42,67,3501.225-101,2007.07.20,Florida D.A.V.I.D. photo line up regarding [redacted],,2021.04.12,corrected_from_pdf_p42
EFTA00095751,42,68,3501.225-102,2008.01.31,[redacted] interview 302,,2021.04.12,corrected_from_pdf_p42
EFTA00095751,42,69,3501.225-103,2008.02.01,[redacted] record of interview,,2021.04.12,corrected_from_pdf_p42
EFTA00095751,42,70,3501.225-104,2008.02.08,[redacted] record of contact,,2021.04.12,corrected_from_pdf_p42
EFTA00095751,42,71,3501.225-105,,Biographical file on [redacted],,2021.04.12,corrected_from_pdf_p42
EFTA00095751,42,72,3501.225-106,2008.03.18,[redacted] testimony of [redacted],,2021.04.12,corrected_from_pdf_p42
EFTA00095751,42,73,3501.225-107,2008.03.20,Letter from Jeffrey Herman to Jack Goldberger,,2021.04.12,corrected_from_pdf_p42
EFTA00095751,42,74,3501.225-108,2008.04.29,[redacted] testimony of [redacted],,2021.04.12,corrected_from_pdf_p42
EFTA00095751,43,1,3501.225-109,2008.03.22,Notice of Deposition to [redacted],,2021.04.12,corrected_from_pdf_p43
EFTA00095751,43,2,3501.225-110,2009.09.29,Letter from Adam Horowitz to Judge Jeffrey Colbath,,2021.04.12,corrected_from_pdf_p43
EFTA00095751,43,3,3501.225-111,2009.10.09,Email from [redacted] to Michael McAuliffe and Paul Zacks,,2021.04.12,corrected_from_pdf_p43
EFTA00095751,43,4,3501.225-112,2008.07.10,Letter from [redacted] to Jeffrey Herman,,2021.04.12,corrected_from_pdf_p43
EFTA00095751,43,5,3501.225-113,2019.07.09,302 regarding attempted contact with [redacted],,2021.04.12,corrected_from_pdf_p43
EFTA00095751,43,6,3501.225-114,,Palm Beach Police Department Property Receipt,,2021.04.12,corrected_from_pdf_p43
EFTA00095751,43,7,3501.225-115,,Handwritten notes regarding [redacted],,2021.04.12,corrected_from_pdf_p43
EFTA00095751,43,8,3501.225-116,,Handwritten notes regarding [redacted],,2021.04.12,corrected_from_pdf_p43
EFTA00095751,43,9,3501.225-117,,Photo of [redacted],,2021.04.12,corrected_from_pdf_p43
EFTA00095751,43,10,3501.225-118,2005.10.03,Florida D.A.V.I.D. individual summary page regarding [redacted],,2021.07.23,corrected_from_pdf_p43
EFTA00095751,43,11,3501.225-119,2005.10.06,Audio file (full tape recording),,2021.07.23,corrected_from_pdf_p43
EFTA00095751,43,12,3501.225-120,2005.10.06,Audio file (clip of tape recording),,2021.07.23,corrected_from_pdf_p43
EFTA00095751,43,13,3501.225-121,2005.10.06,Audio file (full tape recording),,2021.07.23,corrected_from_pdf_p43
EFTA00095751,43,14,3501.225-122,2005.10.06,Audio file (clip of tape recording),,2021.07.23,corrected_from_pdf_p43
EFTA00095751,43,15,3501.225-123,2006.01.30,MySpace pages,,2021.07.23,corrected_from_pdf_p43
EFTA00095751,43,16,3501.225-124,2006.02.09,MySpace pages,,2021.07.23,corrected_from_pdf_p43
EFTA00095751,43,17,3501.225-125,2006.05.01,PBPD probable cause affidavit regarding [redacted],,2021.07.23,corrected_from_pdf_p43
EFTA00095751,43,18,3501.225-126,2006.05.01,PBPD probable cause affidavit regarding [redacted],,2021.07.23,corrected_from_pdf_p43
EFTA00095751,43,19,3501.225-127,2006.09.13,FBI report regarding interview with [redacted],,2021.07.23,corrected_from_pdf_p43
EFTA00095751,43,20,3501.225-128,2006.12.08,FBI report regarding letter sent to [redacted],,2021.07.23,corrected_from_pdf_p43
EFTA00095751,43,21,3501.225-129,2007.03.26,FBI report regarding interview with [redacted],,2021.07.23,corrected_from_pdf_p43
EFTA00095751,43,22,3501.225-130,2007.11.28,FBI report regarding investigation and victim information,,2021.07.23,corrected_from_pdf_p43
EFTA00095751,43,23,3501.225-131,2008.02.01,FBI report regarding interview with [redacted],,2021.07.23,corrected_from_pdf_p43
EFTA00095751,43,24,3501.225-132,2008.02.08,FBI report regarding call with [redacted],,2021.07.23,corrected_from_pdf_p43
EFTA00095751,43,25,3501.225-133,2009.09.29,Letter from Adam Horowitz to Judge Jeffrey Colbath,,2021.07.23,corrected_from_pdf_p43
EFTA00095751,43,26,3501.225-134,2018.12.04,FBI report regarding [redacted] information,,2021.07.23,corrected_from_pdf_p43
EFTA00095751,43,27,3501.225-135,2019.07.09,302 regarding attempted contact,,2021.07.23,corrected_from_pdf_p43
EFTA00095751,43,28,3501.225-136,,Various search records regarding [redacted],,2021.07.23,corrected_from_pdf_p43
EFTA00095751,43,29,3501.225-137,,MySpace pages,,2023.10.11,corrected_from_pdf_p43
EFTA00095751,43,30,3501.225-138,2005.10.18,Application and search warrant,,2021.10.11,corrected_from_pdf_p43
EFTA00095751,43,31,3501.225-139,2006.08.04,Letter from Villafana,,2021.10.11,corrected_from_pdf_p43
EFTA00095751,43,32,3501.225-140,2006.08.11,Letter to [redacted],,2021.10.11,corrected_from_pdf_p43
EFTA00095751,43,33,3501.225-141,2008.03.18,Emails between agent and Villafana,,2021.10.11,corrected_from_pdf_p43
EFTA00095751,43,34,3501.225-142,2008.07.10,Letter from Villafana,,2021.10.11,corrected_from_pdf_p43
EFTA00095751,43,35,3501.225-143,2008.09.02,Letter from Villafana,,2021.10.11,corrected_from_pdf_p43
EFTA00095751,43,36,3501.225-144,2008.09.02,Letter from Villafana,,2021.10.11,corrected_from_pdf_p43
EFTA00095751,43,37,3501.225-145,2008.12.05,Letter from Villafana,,2021.10.11,corrected_from_pdf_p43
EFTA00095751,43,38,3501.225-146,2008.12.05,Letter from Villafana,,2021.10.11,corrected_from_pdf_p43
EFTA00095751,43,39,3501.225-147,,Photograph of [redacted],,2021.10.11,corrected_from_pdf_p43
EFTA00095751,43,40,3501.225-148,,Florida D.A.V.I.D. records regarding [redacted],,2021.10.11,corrected_from_pdf_p43
EFTA00095751,43,41,3501.225-149,2005.10.06,Handwritten notes,N/A,2021.10.25,corrected_from_pdf_p43
EFTA00095751,43,1,3501.223-020,2007.09.07,Florida S.A.V.I.D. individual summary page regarding [redacted],,2022.04.12,visual_retranscribe_p43
EFTA00095751,43,2,3501.223-021,,,Record request regarding [redacted],,2022.04.13
EFTA00095751,43,3,3501.223-022,2007.10.17,[redacted],,2022.04.13,visual_retranscribe_p43
EFTA00095751,43,4,3501.223-048,2007.09.07,Florida S.A.V.I.D. individual summary page regarding [redacted],,2022.07.13,visual_retranscribe_p43
EFTA00095751,43,5,3501.223-049,2007.03.07,[redacted],,2022.04.13,visual_retranscribe_p43
EFTA00095751,43,6,3501.223-050,2005.03.17,[redacted],,2022.04.13,visual_retranscribe_p43
EFTA00095751,43,7,3501.223-051,2005.03.17,[redacted],,2022.04.13,visual_retranscribe_p43
EFTA00095751,43,8,3501.223-052,2005.04.12,[redacted],,2022.04.13,visual_retranscribe_p43
EFTA00095751,43,9,3501.223-053,2005.05.03,[redacted],,2022.04.13,visual_retranscribe_p43
EFTA00095751,43,10,3501.223-054,,,[redacted],,2022.04.13
EFTA00095751,43,11,3501.223-056,,,Audio file (list of mass transmittal),,2022.04.13
EFTA00095751,43,12,3501.223-070,2007.08.26,Law enforcement object regarding [redacted],,2022.07.13,visual_retranscribe_p43
EFTA00095751,43,13,3501.223-071,2008.06.30,[redacted],,2022.07.13,visual_retranscribe_p43
EFTA00095751,43,14,3501.223-072,2008.02.13,FBI report regarding [redacted] activity,,2022.07.13,visual_retranscribe_p43
EFTA00095751,43,15,3501.223-M1,,,,[redacted],
EFTA00095751,43,16,3501.223-M2,2007.10.17,[redacted],,2022.04.13,visual_retranscribe_p43
EFTA00095751,43,17,3501.223-M3,2007.05.17,Letter from agent to [redacted],,2022.05.13,visual_retranscribe_p43
EFTA00095751,43,18,3501.223-M4,2007.06.07,Letter from [redacted] to Jeffrey Epstein Cathcart,,2022.05.13,visual_retranscribe_p43
EFTA00095751,43,19,3501.223-0P0,,,Email from agent to [redacted],,2022.05.13
EFTA00095751,43,20,3501.223-0P1,2008.03.31,Email from agent to [redacted],,2022.05.13,visual_retranscribe_p43
EFTA00095751,43,21,3501.223-0P2,2008.03.31,Email from agent to [redacted],,2022.05.13,visual_retranscribe_p43
EFTA00095751,43,22,3501.223-136,,,[redacted],,2022.04.13
EFTA00095751,43,23,3501.223-137,2006.11.08,[redacted],,2022.04.13,visual_retranscribe_p43
EFTA00095751,43,24,3501.223-138,,,[redacted],,2022.04.13
EFTA00095751,43,25,3501.223-139,,,Email and letter from [redacted],,2022.04.13
EFTA00095751,43,26,3501.223-140,,,[redacted],,2022.04.13
EFTA00095751,43,27,3501.223,,,,,visual_retranscribe_p43
EFTA00095751,43,28,3501.223-301,2006.07.07,Interview 302,,2022.04.12,visual_retranscribe_p43
EFTA00095751,43,29,3501.224,,,,,visual_retranscribe_p43
EFTA00095751,43,30,3501.224-001,2005.08.13,Law enforcement report regarding [redacted],N/A,2022.04.13,visual_retranscribe_p43
EFTA00095751,43,31,3501.225,,,,,visual_retranscribe_p43
EFTA00095751,43,32,3501.225-001 through 3501.225-076,Various,School records,,2022.04.12,visual_retranscribe_p43
EFTA00095751,43,33,3501.225-081,2006.09.26,Corrective arrest information regarding [redacted],,2022.04.12,visual_retranscribe_p43
EFTA00095751,43,34,3501.225-082,,,[redacted],,2022.04.13
EFTA00095751,43,35,3501.225-083,2006.06.06,Florida S.A.V.I.D. search for drivers license number,,2022.04.13,visual_retranscribe_p43
EFTA00095751,43,36,3501.225-084,2006.06.08,Palm Beach Police Department Trespass Subject,,2022.04.13,visual_retranscribe_p43
EFTA00095751,43,37,3501.225-086,2006.09.26,Palm Beach Police Department Evidence/Property Tracking Report,,2022.04.12,visual_retranscribe_p43
EFTA00095751,43,38,3501.225-089,2006.03.03,[redacted],,2022.04.13,visual_retranscribe_p43
EFTA00095751,43,39,3501.225-090,2006.02.15,[redacted],,2022.04.13,visual_retranscribe_p43
EFTA00095751,43,40,3501.225-091,,,[redacted],,2022.04.13
EFTA00095751,43,41,3501.225-092,,,[redacted],,2022.04.13
EFTA00095751,43,42,3501.225-100,2007.01.26,Florida S.A.V.I.D. individual summary page regarding [redacted],,2022.04.12,visual_retranscribe_p43
EFTA00095751,43,43,3501.225-101,,,Interview 302,,2022.04.13
EFTA00095751,43,44,3501.225-102,,,[redacted],,2022.04.13
EFTA00095751,43,45,3501.225-103,,,[redacted],,2022.04.13
EFTA00095751,44,1,3501.225-105,2006.04.13,Review of department [redacted],,2022.04.13,visual_retranscribe_p44
EFTA00095751,44,2,3501.225-120,2006.06.24,Letter from Allan Kluever to Judge Jeffrey Colbath,,2022.04.13,visual_retranscribe_p44
EFTA00095751,44,3,3501.225-121,2006.10.06,Email from [redacted] to Michael McAuliffe and Paul Doyle,,2022.04.12,visual_retranscribe_p44
EFTA00095751,44,4,3501.225-122,2004.03.06,[redacted],,2022.04.12,visual_retranscribe_p44
EFTA00095751,44,5,3501.225-123,,,Palm Beach Police Department Proactive Records [redacted],,2022.04.13
EFTA00095751,44,6,3501.225-124,,,[redacted],,2022.04.13
EFTA00095751,44,7,3501.225-125,,,[redacted],,2022.04.13
EFTA00095751,44,8,3501.225-126,,,[redacted],,2022.04.13
EFTA00095751,44,9,3501.225-118,2006.10.03,Florida S.A.V.I.D. individual summary page regarding [redacted],,2022.07.22,visual_retranscribe_p44
EFTA00095751,44,10,3501.225-119,2005.11.06,Audio file (list of mass transmittal),,2022.07.22,visual_retranscribe_p44
EFTA00095751,44,11,3501.225-127,2005.05.05,Volley title of case information,,2022.07.13,visual_retranscribe_p44
EFTA00095751,44,12,3501.225-128,,,Copy of victim notification letter,,2022.07.13
EFTA00095751,44,13,3501.225-129,2006.05.01,PBPD probable cause affidavit regarding [redacted],,2022.07.13,visual_retranscribe_p44
EFTA00095751,44,14,3501.225-130,,,FBI report regarding [redacted] and [redacted],,2022.07.13
EFTA00095751,44,15,3501.225-131,,,FBI report regarding [redacted],,2022.07.13
EFTA00095751,44,16,3501.225-132,,,FBI report regarding [redacted] activity [redacted],,2022.07.13
EFTA00095751,44,17,3501.225-133,,,FBI report regarding delivery to Jeffrey Colbath,,2022.07.13
EFTA00095751,44,18,3501.225-134,,,FBI report regarding attempted delivery [redacted],,2022.07.13
EFTA00095751,44,19,3501.225-135,,,FBI report regarding [redacted],,2022.07.13
EFTA00095751,44,20,3501.225-176,2005.07.16,Application and search warrant,,2022.05.13,visual_retranscribe_p44
EFTA00095751,44,21,3501.225-177,,,[redacted],,2022.05.13
EFTA00095751,44,22,3501.225-180,2006.08.15,[redacted] report and [redacted],,2022.05.13,visual_retranscribe_p44
EFTA00095751,44,23,3501.225-181,2006.08.11,[redacted],,2022.05.13,visual_retranscribe_p44
EFTA00095751,44,24,3501.225-182,,,[redacted],,2022.05.13
EFTA00095751,44,25,3501.225-183,,,[redacted],,2022.05.13
EFTA00095751,44,26,3501.225-E01,,,[redacted],N/A,
EFTA00095751,44,27,3501.226,,,,,visual_retranscribe_p44
EFTA00095751,44,28,3501.226-001,2007.01.16,Phone search for [redacted],,2022.04.12,visual_retranscribe_p44
EFTA00095751,44,29,3501.226-002,2007.01.11,[redacted] individual summary page regarding [redacted],,2022.04.12,visual_retranscribe_p44
EFTA00095751,44,30,3501.226-003,,,[redacted],,2022.04.13
EFTA00095751,44,31,3501.226-004,2007.03.11,Victim notification identification codes [redacted],,2022.04.12,visual_retranscribe_p44
EFTA00095751,44,32,3501.226-006,2007.01.11,Florida S.A.V.I.D. Individual driver license activity regarding [redacted],,2022.04.13,visual_retranscribe_p44
EFTA00095751,44,33,3501.226-008,2007.02.21,[redacted],,2022.04.13,visual_retranscribe_p44
EFTA00095751,44,34,3501.226-046,2007.08.17,Palm Beach Police Department Evidence/Property Tracking Receipt,,2022.04.13,visual_retranscribe_p44
EFTA00095751,44,35,3501.226-400,2008.03.18,FBI victim notification letter,,2022.04.12,visual_retranscribe_p44
EFTA00095751,44,36,3501.226-401,2008.03.18,Letter from [redacted] to victim [redacted],,2022.04.12,visual_retranscribe_p44
EFTA00095751,44,37,3501.226-402,2008.01.18,[redacted],,2022.04.12,visual_retranscribe_p44
EFTA00095751,44,38,3501.226-010,2008.11.09,Letter from South Coast to Hy Salhanick,,2022.04.12,visual_retranscribe_p44
EFTA00095751,44,39,3501.226-015,,,FBI memorandum regarding delivering victim [redacted],,2022.04.12
EFTA00095751,44,40,3501.226-016,,,[redacted],,2022.04.13
EFTA00095751,44,41,3501.226-017,2009.03.17,FBI memorandum regarding [redacted] pronouncement/judgment of [redacted],,2023.08.15,visual_retranscribe_p44
EFTA00095751,44,42,3501.226-018,,,[redacted],,2022.04.12
EFTA00095751,44,43,3501.226-021,2013.03.07,FBI memorandum regarding phone interview with [redacted],,2022.04.12,visual_retranscribe_p44
EFTA00095751,44,44,3501.226-023,2013.03.01,FBI memorandum regarding travel to interview [redacted],,2022.04.13,visual_retranscribe_p44
EFTA00095751,44,45,3501.226-024,2021.01.12,FBI memorandum regarding assistance of Australian Federal Police,,2022.04.15,visual_retranscribe_p44
EFTA00095751,44,46,3501.226-025,,,FBI memorandum regarding travel to interview [redacted],,2023.08.15
EFTA00095751,44,47,3501.226-027,2012.05.14,[redacted],,2023.08.15,visual_retranscribe_p44
EFTA00095751,45,1,3501.226-030,2012.03.11,[redacted],[redacted] Interview 302,,2022.04.13
EFTA00095751,45,2,3501.226-031,2013.03.17,Cover sheet for victim [redacted],,2022.04.13,visual_retranscribe_p45
EFTA00095751,45,3,3501.226-053,2013.02.18,Cover sheet for 20 photographs received from [redacted],,2022.04.12,visual_retranscribe_p45
EFTA00095751,45,4,3501.226-054,2012.02.18,Cover sheet for FTR Massage license information regarding [redacted],,2022.04.12,visual_retranscribe_p45
EFTA00095751,45,5,3501.226-075,,,[redacted],,2022.04.12
EFTA00095751,45,6,3501.226-076,2013.03.19,FBI memorandum documenting investigation,,2022.04.12,visual_retranscribe_p45
EFTA00095751,45,7,3501.226-077,,,[redacted],,2022.04.13
EFTA00095751,45,8,3501.226-078,,,FOIA request regarding materials relating to [redacted],,2022.04.13
EFTA00095751,45,9,3501.226-079,2013.04.09,[redacted],,2022.04.13,visual_retranscribe_p45
EFTA00095751,45,10,3501.226-080,,,[redacted] Interview 302,,2022.04.13
EFTA00095751,45,11,3501.226-081,,,[redacted],,2022.04.13
EFTA00095751,45,12,3501.226-046a,,,[redacted],,2022.04.13
EFTA00095751,45,13,3501.226-082,2005.02.02,Phone search for Social Security number [redacted],,2022.07.13,visual_retranscribe_p45
EFTA00095751,45,14,3501.226-083,2008.08.15,FBI report regarding delivering victim notification letter,,2022.07.13,visual_retranscribe_p45
EFTA00095751,45,15,3501.226-084,2008.06.25,FBI report regarding delivering victim notification letter,,2022.07.13,visual_retranscribe_p45
EFTA00095751,45,16,3501.226-085,,,letter to SA [redacted] from regarding [redacted] victim notification letter,,2022.07.13
EFTA00095751,45,17,3501.226-090,2008.12.17,FBI report regarding delivering victim notification letter,,2022.07.13,visual_retranscribe_p45
EFTA00095751,45,18,3501.226-091,2008.10.17,FBI report regarding delivering victim notification letter,,2022.07.13,visual_retranscribe_p45
EFTA00095751,45,19,3501.226-092,2008.10.17,FBI report regarding delivering victim notification letter,,2022.07.13,visual_retranscribe_p45
EFTA00095751,45,20,3501.226-093,,,[redacted] FBI report regarding delivering victim notification letter,,2022.07.13
EFTA00095751,45,21,3501.226-094,2009.03.11,FBI report regarding [redacted] CVRA notification order,,2022.07.13,visual_retranscribe_p45
EFTA00095751,45,22,3501.226-095,,,FBI report regarding delivering victim notification [redacted],,2022.07.13
EFTA00095751,45,23,3501.226-140,,,Prosecution notes,,2022.04.13
EFTA00095751,45,24,3501.226-141,,,Receipt for evidence/property receipt,,2022.04.13
EFTA00095751,45,25,3501.226-270,,,[redacted],,2022.04.13
EFTA00095751,45,26,3501.226-271,2013.03.13,Email chain,,2022.04.13,visual_retranscribe_p45
EFTA00095751,45,27,3501.226-272,2013.03.16,Email chain,,2022.04.13,visual_retranscribe_p45
EFTA00095751,45,28,3501.226-273,,,[redacted],,2022.04.13
EFTA00095751,45,29,3501.226-274,2013.05.07,Notice of filing (attachment to previous email),,2022.04.13,visual_retranscribe_p45
EFTA00095751,45,30,3501.226-275,2014.07.08,[redacted],,2022.04.13,visual_retranscribe_p45
EFTA00095751,45,31,3501.226-276,2014.07.09,[redacted],,2022.04.13,visual_retranscribe_p45
EFTA00095751,45,32,3501.226-277,2014.07.08,[redacted],,2022.04.13,visual_retranscribe_p45
EFTA00095751,45,33,3501.226-278,2014.07.08,[redacted],,2022.04.13,visual_retranscribe_p45
EFTA00095751,45,34,3501.226-284,2005.10.17,Scanned evidence/property receipt (letter/ticket to previous email),,2023.07.13,visual_retranscribe_p45
EFTA00095751,45,35,3501.226-286,1999.05.11,FBI memorandum regarding Belize Manor RE,,2023.05.13,visual_retranscribe_p45
EFTA00095751,45,36,3501.226-L9A,2006.01.02,Letter from [redacted],,2022.04.13,visual_retranscribe_p45
EFTA00095751,45,37,3501.226-290,2013.03.15,Email chain,,2022.04.13,visual_retranscribe_p45
EFTA00095751,45,38,3501.226-291,,,Email chain,,2022.04.13
EFTA00095751,45,39,3501.226-292,,,[redacted],,2022.04.13
EFTA00095751,45,40,3501.226-300,,,Notes and accounting documents,Sept to RE Canters,
EFTA00095751,45,41,3501.227,,,,,visual_retranscribe_p45
EFTA00095751,45,42,3501.227-001,2010.07.08,[redacted] Fraud status report,N/A,2023.07.21,visual_retranscribe_p45
EFTA00095751,45,43,3501.228,,,,,visual_retranscribe_p45
EFTA00095751,46,1,3501.228-001,2010.07.17,[redacted] intake report,,2022.07.23,visual_retranscribe_p46
EFTA00095751,46,2,3501.228-002,2010.07.17,[redacted] intake report,,2022.07.23,visual_retranscribe_p46
EFTA00095751,46,3,3501.229,,,,,visual_retranscribe_p46
EFTA00095751,46,4,3501.229-001,2010.07.14,[redacted] crisis intake report,N/A,not 07.19,visual_retranscribe_p46
EFTA00095751,46,5,3501.230,,,,,visual_retranscribe_p46
EFTA00095751,46,6,3501.230-001,2019.07.08,[redacted] entry/intake report,N/A,2022.07.13,visual_retranscribe_p46
EFTA00095751,46,7,3501.231,,,,,visual_retranscribe_p46
EFTA00095751,46,8,3501.231-001,2020.07.03,[redacted] intake report,N/A,2021.07.21,visual_retranscribe_p46
EFTA00095751,46,9,3501.232,,,,,visual_retranscribe_p46
EFTA00095751,46,10,3501.232-001,2019.04.08,[redacted] visit sheet,N/A,2023.07.15,visual_retranscribe_p46
EFTA00095751,46,11,3501.233,,,,,visual_retranscribe_p46
EFTA00095751,46,12,3501.234,,,,,visual_retranscribe_p46
EFTA00095751,46,13,3501.234-001,2010.07.07,[redacted] crisis intake report,N/A,2023.07.21,visual_retranscribe_p46
EFTA00095751,46,14,3501.235,,,,,visual_retranscribe_p46
EFTA00095751,46,15,3501.235-001,2019.07.21,Newsletter of health post,,2022.07.13,visual_retranscribe_p46
EFTA00095751,46,16,3501.235-002,2020.07.21,Newsletter of health post,,2022.07.13,visual_retranscribe_p46
EFTA00095751,46,17,3501.235-A96,2020.07.23,Screenshot of health post,,2022.07.13,visual_retranscribe_p46
EFTA00095751,46,18,3501.236,,,,,visual_retranscribe_p46
EFTA00095751,46,19,3501.236-001,2019.07.08,[redacted],,2022.07.13,visual_retranscribe_p46
EFTA00095751,46,20,3501.236-002,2019.07.08,[redacted] intake report,,2022.07.13,visual_retranscribe_p46
EFTA00095751,46,21,3501.236-003,,,[redacted],,2022.07.13
EFTA00095751,46,22,3501.236-004,,,Compact card,,2022.07.13
EFTA00095751,46,23,3501.236-005,,,Photograph of item,,2022.07.13
EFTA00095751,46,24,3501.236-006,,,[redacted],N/A,
EFTA00095751,46,25,3501.237,,,,,visual_retranscribe_p46
EFTA00095751,46,26,3501.237-001,2019.07.08,[redacted] intake report,N/A,2022.07.13,visual_retranscribe_p46
EFTA00095751,46,27,3501.238,,,,,visual_retranscribe_p46
EFTA00095751,46,28,3501.238-001,2010.10.18,[redacted] lab results,,2022.07.11,visual_retranscribe_p46
EFTA00095751,46,29,3501.238-002,2019.07.10,[redacted] lab results,,2022.07.11,visual_retranscribe_p46
EFTA00095751,46,30,3501.238-006,2019.04.24,[redacted] re-incident summary,,2021.05.11,visual_retranscribe_p46
EFTA00095751,46,31,3501.239,,,,,visual_retranscribe_p46
EFTA00095751,46,32,3501.240,,,,,visual_retranscribe_p46
EFTA00095751,46,33,3501.240-001,2021.04.34,Notes of interview with FBIH Capsilo,N/A,2023.07.21,visual_retranscribe_p46
EFTA00095751,46,34,3501.241,,,,,visual_retranscribe_p46
EFTA00095751,46,35,3501.241-001,2019.08.12,[redacted] daily intake report,N/A,2022.07.22,visual_retranscribe_p46
EFTA00095751,46,36,3501.242,,,,,visual_retranscribe_p46
EFTA00095751,46,37,3501.242-A50,2017.07.09,[redacted],,2022.07.13,visual_retranscribe_p46
EFTA00095751,46,38,3501.243,,,,,visual_retranscribe_p46
EFTA00095751,46,39,3501.243-001,2019.07.18,New Mexico driver's license records,,2022.07.13,visual_retranscribe_p46
EFTA00095751,46,40,3501.243-002,2019.07.17,[redacted],,2022.07.13,visual_retranscribe_p46
EFTA00095751,46,41,3501.243-004,,,[redacted],,2022.07.13
EFTA00095751,46,42,3501.244,,,,,visual_retranscribe_p46
EFTA00095751,46,43,3501.244-001,2005.06.31,New Mexico driver's license records,,2021.07.21,visual_retranscribe_p46
EFTA00095751,46,44,3501.245,,,,,visual_retranscribe_p46
EFTA00095751,47,1,3501.245-001,2005.04.06,[redacted] intake report,N/A,2022.07.23,visual_retranscribe_p47
EFTA00095751,47,2,3501.246,,,,,visual_retranscribe_p47
EFTA00095751,47,3,3501.246-001,2019.09.14,[redacted] crisis intake report,,2022.07.23,visual_retranscribe_p47
EFTA00095751,47,4,3501.246-002,,,Screenshot or miscellaneous notes,,2022.07.23
EFTA00095751,47,5,3501.247,,,,,visual_retranscribe_p47
EFTA00095751,47,6,3501.247-L10,2013.07.08,[redacted] crisis intake report,N/A,2022.07.13,visual_retranscribe_p47
EFTA00095751,47,7,3501.247-L20,2014.07.28,[redacted] crisis intake report,N/A,2022.07.13,visual_retranscribe_p47
EFTA00095751,47,8,3501.248,,,,,visual_retranscribe_p47
EFTA00095751,47,9,3501.248-001,2019.07.08,[redacted] crisis intake report,N/A,2022.07.13,visual_retranscribe_p47
EFTA00095751,47,10,3501.249,,,,,visual_retranscribe_p47
EFTA00095751,47,11,3501.250,,,,,visual_retranscribe_p47
EFTA00095751,47,12,3501.250-001,2021.04.06,Public records search,,2022.07.21,visual_retranscribe_p47
EFTA00095751,47,13,3501.251,,,,,visual_retranscribe_p47
EFTA00095751,47,14,3501.252,,,,,visual_retranscribe_p47
EFTA00095751,47,15,3501.252-001,2010.07.13,[redacted] crisis intake report,N/A,2022.07.21,visual_retranscribe_p47
EFTA00095751,47,16,3501.253,,,,,visual_retranscribe_p47
EFTA00095751,47,17,3501.253-001,2019.07.14,[redacted] crisis intake report,N/A,2022.07.21,visual_retranscribe_p47
EFTA00095751,47,18,3501.253-002,2019.07.14,[redacted] crisis intake report,,2022.07.21,visual_retranscribe_p47
EFTA00095751,47,19,3501.254,,,,,visual_retranscribe_p47
EFTA00095751,47,20,3501.254-001,2019.07.08,[redacted] crisis-related report,N/A,2022.07.21,visual_retranscribe_p47
EFTA00095751,47,21,3501.255,,,,,visual_retranscribe_p47
EFTA00095751,47,22,3501.256,,,,,visual_retranscribe_p47
EFTA00095751,47,23,3501.256-001,2010.07.11,[redacted] intake report,,2022.07.21,visual_retranscribe_p47
EFTA00095751,47,24,3501.256-002,2010.07.11,[redacted] intake report,,2022.07.21,visual_retranscribe_p47
EFTA00095751,47,25,3501.257,,,,,visual_retranscribe_p47
EFTA00095751,47,26,3501.257-001,2010.07.08,[redacted] crisis intake report,N/A,2022.07.21,visual_retranscribe_p47
EFTA00095751,47,27,3501.258,,,,,visual_retranscribe_p47
EFTA00095751,47,28,3501.258-001,2018.08.17,[redacted] crisis intake report,N/A,2022.07.15,visual_retranscribe_p47
EFTA00095751,47,29,3501.258-002,2018.08.17,[redacted] crisis intake report,,2022.07.15,visual_retranscribe_p47
EFTA00095751,47,30,3501.258-003,,,[redacted],,2022.07.15
EFTA00095751,47,31,3501.259,,,,,visual_retranscribe_p47
EFTA00095751,47,32,3501.259-001,2018.09.21,[redacted] crisis intake report,N/A,2022.07.21,visual_retranscribe_p47
EFTA00095751,47,33,3501.260,,,,,visual_retranscribe_p47
EFTA00095751,47,34,3501.260-001,2014.03.11,[redacted] crisis intake report,N/A,2022.04.13,visual_retranscribe_p47
EFTA00095751,47,35,3501.260-261,2019.07.12,[redacted] intake report,N/A,2022.07.13,visual_retranscribe_p47
EFTA00095751,47,36,3501.261,,,,,visual_retranscribe_p47
EFTA00095751,47,37,3501.261-001,2019.07.08,[redacted] crisis intake report,N/A,2022.07.21,visual_retranscribe_p47
EFTA00095751,47,38,3501.262,,,,,visual_retranscribe_p47
EFTA00095751,47,39,3501.262-001,2019.07.08,[redacted] intake report,,2021.07.21,visual_retranscribe_p47
EFTA00095751,47,40,3504.263,,,,,visual_retranscribe_p47
EFTA00095751,47,41,3504.263-001,2019.07.08,[redacted] intake report,N/A,2021.07.21,visual_retranscribe_p47
EFTA00095751,47,42,3501.264,,,,,visual_retranscribe_p47
EFTA00095751,47,43,3501.264-001,2019.11.13,Daily intake report,,2022.07.23,visual_retranscribe_p47
EFTA00095751,47,44,3501.265,,,,,visual_retranscribe_p47
EFTA00095751,47,45,3501.265-001,2019.07.08,[redacted] crisis intake report,N/A,2021.07.21,visual_retranscribe_p47
EFTA00095751,47,46,3501.266,,,,,visual_retranscribe_p47
EFTA00095751,47,47,3501.266-001,2010.15.13,Daily intake report,,2022.07.23,visual_retranscribe_p47
EFTA00095751,47,48,3501.267,,,,,visual_retranscribe_p47
EFTA00095751,47,49,3501.268,,,,,visual_retranscribe_p47
EFTA00095751,47,50,3501.268-001,2019.07.14,[redacted] crisis intake report,N/A,2022.07.13,visual_retranscribe_p47
EFTA00095751,47,51,3501.269,,,,,visual_retranscribe_p47
EFTA00095751,47,52,3501.269-001,2017.07.08,[redacted] intake report,N/A,2022.07.21,visual_retranscribe_p47
EFTA00095751,47,53,3501.270,,,,,visual_retranscribe_p47
EFTA00095751,47,54,3501.271,,,,,visual_retranscribe_p47
EFTA00095751,47,55,3501.271-001,2019.08.12,[redacted] crisis intake report,N/A,2022.07.21,visual_retranscribe_p47
EFTA00095751,47,56,3501.272,,,,,visual_retranscribe_p47
EFTA00095751,47,57,3501.273,,,,,visual_retranscribe_p47
EFTA00095751,47,58,3501.273-001,2010.08.13,[redacted] crisis intake report,N/A,2023.07.13,visual_retranscribe_p47
EFTA00095751,48,1,3501.287-001,2019.07.08,FBI record - [redacted] crisis intake report,N/A,2021.07.23,visual_only_manual_p48
EFTA00095751,48,2,3501.288-001,2019.07.07,FBI record - [redacted] crisis intake report,N/A,2021.07.23,visual_only_manual_p48
EFTA00095751,48,3,3501.289-001,2019.07.15,FBI record - [redacted] crisis intake report,N/A,2021.07.23,visual_only_manual_p48
EFTA00095751,48,4,3501.290-001,2020.10.27,FBI record - [redacted] intake report,N/A,2021.07.23,visual_only_manual_p48
EFTA00095751,48,5,3501.291-001,2020.07.17,FBI record - [redacted] intake report,N/A,2021.07.23,visual_only_manual_p48
EFTA00095751,48,6,3501.291-002,2020.07.18,FBI record - [redacted] intake report,N/A,2021.07.23,visual_only_manual_p48
EFTA00095751,48,7,3501.292-001,2019.07.08,FBI record - [redacted] crisis intake report,N/A,2021.07.23,visual_only_manual_p48
EFTA00095751,48,8,3501.293-001,2019.07.08,FBI record - [redacted] crisis intake report,N/A,2021.07.23,visual_only_manual_p48
EFTA00095751,48,9,3501.294-001,2009.09.21,Transcript of the deposition of [redacted],N/A,2021.07.23,visual_only_manual_p48
EFTA00095751,48,10,3501.295-001,2020.07.07,FBI record - [redacted] intake report,N/A,2021.07.23,visual_only_manual_p48
EFTA00095751,48,11,3501.295-002,2020.07.07,FBI record - [redacted] intake report,N/A,2021.07.18,visual_only_manual_p48
EFTA00095751,48,12,3501.295-003,2020.07.08,FBI record - [redacted] intake report,N/A,2021.07.18,visual_only_manual_p48
EFTA00095751,48,13,3501.296-001,2019.07.13,FBI record - [redacted] crisis intake report,N/A,2021.07.23,visual_only_manual_p48
EFTA00095751,48,14,3501.297-001,2019.05.20,[redacted] law enforcement report,N/A,2021.07.23,visual_only_manual_p48
EFTA00095751,48,15,3501.297-002,2019.05.20,[redacted] contact card report,N/A,2021.07.23,visual_only_manual_p48
EFTA00095751,48,16,3501.297-003,2019.05.20,[redacted] Pipi search,N/A,2021.07.23,visual_only_manual_p48
EFTA00095751,48,17,3501.297-004,,Photograph,N/A,2021.07.23,visual_only_manual_p48
EFTA00095751,48,18,3501.297-005,,[redacted] criminal report,N/A,2021.07.23,visual_only_manual_p48
EFTA00095751,48,19,3501.297-006,,Screenshot of [redacted] Facebook,N/A,2021.07.23,visual_only_manual_p48
EFTA00095751,48,20,3501.297-007,,Screenshot,N/A,2021.07.23,visual_only_manual_p48
EFTA00095751,48,21,3501.298-001,2020.10.27,[redacted] intake report,N/A,2021.07.23,visual_only_manual_p48
EFTA00095751,48,22,3501.299-001,2007.08.15,Law enforcement report regarding [redacted],N/A,2021.07.23,visual_only_manual_p48
EFTA00095751,48,23,3501.300-001,2020.03.19,[redacted] intake report,N/A,2021.07.23,visual_only_manual_p48
EFTA00095751,48,24,3501.301-001,2020.07.08,[redacted] intake report,N/A,2021.07.23,visual_only_manual_p48
EFTA00095751,48,25,3501.302-001,2019.07.08,[redacted] crisis intake report,N/A,2021.07.23,visual_only_manual_p48
EFTA00095751,48,26,3501.303-001,2019.07.08,[redacted] crisis intake report,N/A,2021.07.23,visual_only_manual_p48
EFTA00095751,48,27,3501.304-001,2019.09.11,[redacted] crisis intake report,N/A,2021.07.23,visual_only_manual_p48
EFTA00095751,48,28,3501.305-001,2019.07.09,[redacted] crisis intake report,N/A,2021.07.23,visual_only_manual_p48
EFTA00095751,48,29,3501.306-001,2020.07.08,[redacted] intake report,N/A,2021.07.18,visual_only_manual_p48
EFTA00095751,48,30,3501.306-002,2021.06.21,[redacted] intake report,N/A,2021.10.11,visual_only_manual_p48
EFTA00095751,49,1,3501.307-001,2019.08.11,[redacted] crisis intake report,N/A,2021.07.23,visual_only_manual_p49
EFTA00095751,49,2,3501.308-001,2020.08.02,FBI intake report,N/A,2021.07.23,visual_only_manual_p49
EFTA00095751,49,3,3501.309-001,2019.07.08,FBI intake report,N/A,2021.07.23,visual_only_manual_p49
EFTA00095751,49,4,3501.310-001,2019.07.08,FBI intake report,N/A,2021.07.23,visual_only_manual_p49
EFTA00095751,49,5,3501.311-001,2019.08.11,FBI intake report,N/A,2021.07.23,visual_only_manual_p49
EFTA00095751,49,6,3501.311-002,2019.08.11,FBI intake report,N/A,2021.07.23,visual_only_manual_p49
EFTA00095751,49,7,3501.312-001,2019.07.08,FBI intake report,N/A,2021.07.23,visual_only_manual_p49
EFTA00095751,49,8,3501.313-001,2019.04.08,Address report regarding [redacted],N/A,2021.07.23,visual_only_manual_p49
EFTA00095751,49,9,3501.313-002,2019.04.08,Law enforcement report regarding [redacted],N/A,2021.07.23,visual_only_manual_p49
EFTA00095751,49,10,3501.313-003,2019.04.08,Contact card regarding [redacted],N/A,2021.07.23,visual_only_manual_p49
EFTA00095751,49,11,3501.313-004,2019.04.08,Driver's history records regarding [redacted],N/A,2021.07.23,visual_only_manual_p49
EFTA00095751,49,12,3501.313-005,,Photograph,N/A,2021.07.23,visual_only_manual_p49
EFTA00095751,49,13,3501.313-006,2007.02.08,FBI records check,N/A,2021.10.11,visual_only_manual_p49
EFTA00095751,49,14,3501.314-001,2019.08.07,FBI intake report,N/A,2021.07.23,visual_only_manual_p49
EFTA00095751,49,15,3501.315-001,,Twitter screenshot,N/A,2021.07.23,visual_only_manual_p49
EFTA00095751,49,16,3501.316-001,2019.09.17,FBI intake report,N/A,2021.07.23,visual_only_manual_p49
EFTA00095751,49,17,3501.317-001,2019.07.20,FBI intake report,N/A,2021.07.23,visual_only_manual_p49
EFTA00095751,49,18,3501.317-002,2019.07.20,FBI intake report,N/A,2021.07.23,visual_only_manual_p49
EFTA00095751,49,19,3501.318-001,2020.11.02,FBI intake report,N/A,2021.07.23,visual_only_manual_p49
EFTA00095751,49,20,3501.319-001,2020.01.02,FBI intake report,N/A,2021.07.23,visual_only_manual_p49
EFTA00095751,49,21,3501.320-001,2019.05.10,Driver's history records for [redacted],N/A,2021.07.23,visual_only_manual_p49
EFTA00095751,49,22,3501.321-001,2020.02.05,FBI intake report,N/A,2021.07.23,visual_only_manual_p49
EFTA00095751,49,23,3501.322-001,2020.06.11,FBI intake report,N/A,2021.07.23,visual_only_manual_p49
EFTA00095751,49,24,3501.323-001,2019.07.08,FBI intake report,N/A,2021.07.23,visual_only_manual_p49
EFTA00095751,49,25,3501.324-001,2019.03.14,Motor vehicle information search results,N/A,2021.07.23,visual_only_manual_p49
EFTA00095751,49,26,3501.324-002,2019.03.14,Motor vehicle information search results,N/A,2021.07.23,visual_only_manual_p49
EFTA00095751,49,27,3501.324-003,2019.03.14,Law enforcement report regarding [redacted],N/A,2021.07.23,visual_only_manual_p49
EFTA00095751,49,28,3501.324-004,2019.03.14,Pipl search for [redacted],N/A,2021.07.23,visual_only_manual_p49
EFTA00095751,49,29,3501.324-005,2019.03.14,Contact card report for [redacted],N/A,2021.07.23,visual_only_manual_p49
EFTA00095751,49,30,3501.324-006,2019.03.14,Asset report for [redacted],N/A,2021.07.23,visual_only_manual_p49
EFTA00095751,49,31,3501.324-007,2019.03.14,Driver's history records for [redacted],N/A,2021.07.23,visual_only_manual_p49
EFTA00095751,49,32,3501.324-008,2019.04.08,Comprehensive address report,N/A,2021.07.23,visual_only_manual_p49
EFTA00095751,49,33,3501.325-001,2019.07.10,FBI intake report,N/A,2021.07.23,visual_only_manual_p49
EFTA00095751,50,1,3501.326-001,2019.07.15,FBI intake report,N/A,2021.07.23,visual_only_manual_p50
EFTA00095751,50,2,3501.327-001,2019.08.14,FBI intake report,N/A,2021.07.23,visual_only_manual_p50
EFTA00095751,50,3,3501.328-001,2019.07.13,FBI intake report,N/A,2021.07.23,visual_only_manual_p50
EFTA00095751,50,4,3501.329-001,2019.07.08,FBI intake report,N/A,2021.07.23,visual_only_manual_p50
EFTA00095751,50,5,3501.330-001,2019.07.31,302 form interview with [redacted],N/A,2021.07.23,visual_only_manual_p50
EFTA00095751,50,6,3501.330-002,2019.07.31,Handwritten interview notes,N/A,2021.10.11,visual_only_manual_p50
EFTA00095751,50,7,3501.331-001,2020.07.15,FBI intake report,N/A,2021.07.23,visual_only_manual_p50
EFTA00095751,50,8,3501.332-001,2019.07.18,Asset report for [redacted],N/A,2021.07.23,visual_only_manual_p50
EFTA00095751,50,9,3501.332-002,2019.07.18,Business link report for [redacted],N/A,2021.07.23,visual_only_manual_p50
EFTA00095751,50,10,3501.332-003,2019.07.18,Law enforcement report for [redacted],N/A,2021.07.23,visual_only_manual_p50
EFTA00095751,50,11,3501.332-004,2019.07.18,Contact card report for [redacted],N/A,2021.07.23,visual_only_manual_p50
EFTA00095751,50,12,3501.332-005,2019.07.18,Driver's history records for [redacted],N/A,2021.07.23,visual_only_manual_p50
EFTA00095751,50,13,3501.333-001,2019.07.18,FBI intake report,N/A,2021.07.23,visual_only_manual_p50
EFTA00095751,50,14,3501.334-001,2019.07.09,FBI intake report,N/A,2021.07.23,visual_only_manual_p50
EFTA00095751,50,15,3501.335-001,2019.08.06,FBI intake report,N/A,2021.07.23,visual_only_manual_p50
EFTA00095751,50,16,3501.336-001,2020.07.06,FBI intake report,N/A,2021.07.23,visual_only_manual_p50
EFTA00095751,50,17,3501.337-001,2019.07.08,FBI intake report,N/A,2021.07.23,visual_only_manual_p50
EFTA00095751,50,18,3501.338-001,2019.07.08,FBI intake report,N/A,2021.07.23,visual_only_manual_p50
EFTA00095751,50,19,3501.339-001,2019.07.15,FBI intake report,N/A,2021.07.23,visual_only_manual_p50
EFTA00095751,50,20,3501.340-001,2019.07.11,302 form interview with [redacted],N/A,2021.07.23,visual_only_manual_p50
EFTA00095751,50,21,3501.340-002,2019.07.11,Notes from interview with [redacted],N/A,2021.07.23,visual_only_manual_p50
EFTA00095751,50,22,3501.340-003,2019.07.11,Property receipt,N/A,2021.07.23,visual_only_manual_p50
EFTA00095751,50,23,3501.341-001,2019.11.23,FBI intake report,N/A,2021.07.23,visual_only_manual_p50
EFTA00095751,50,24,3501.342-001,2019.08.16,FBI intake report,N/A,2021.07.23,visual_only_manual_p50
EFTA00095751,50,25,3501.343-001,2019.10.21,FBI intake report,N/A,2021.07.23,visual_only_manual_p50
EFTA00095751,50,26,3501.344-001,,Various search records regarding [redacted],N/A,2021.07.23,visual_only_manual_p50
EFTA00095751,50,27,3501.345-001,2019.07.08,FBI intake report,N/A,2021.07.23,visual_only_manual_p50
EFTA00095751,50,28,3501.346-001,2019.07.08,FBI intake report,N/A,2021.07.23,visual_only_manual_p50
EFTA00095751,51,1,3501.347-001,2019.09.10,FBI intake report,N/A,2021.07.23,visual_only_manual_p51
EFTA00095751,51,2,3501.348-001,2021.03.08,FBI intake report,N/A,2021.07.23,visual_only_manual_p51
EFTA00095751,51,3,3501.349-001,2007.07.02,Florida D.A.V.I.D. individual summary page regarding [redacted] [redacted],N/A,2021.07.23,visual_only_manual_p51
EFTA00095751,51,4,3501.349-002,2007.07.02,Division of Licensing Agency search regarding [redacted],N/A,2021.07.23,visual_only_manual_p51
EFTA00095751,51,5,3501.349-003,2007.07.02,Division of Licensing Agency search regarding RHM Investigations,N/A,2021.07.23,visual_only_manual_p51
EFTA00095751,51,6,3501.349-004,2007.07.02,Law enforcement report regarding [redacted],N/A,2021.07.23,visual_only_manual_p51
EFTA00095751,51,7,3501.350-001,2019.07.08,FBI intake report,N/A,2021.07.23,visual_only_manual_p51
EFTA00095751,51,8,3501.351-001,2019.07.10,FBI intake report,N/A,2021.07.23,visual_only_manual_p51
EFTA00095751,51,9,3501.351-002,2019.07.13,FBI intake report,N/A,2021.07.23,visual_only_manual_p51
EFTA00095751,51,10,3501.352-001,2019.07.11,FBI intake report,N/A,2021.07.23,visual_only_manual_p51
EFTA00095751,51,11,3501.353-001,2020.07.09,FBI intake report,N/A,2021.07.23,visual_only_manual_p51
EFTA00095751,51,12,3501.354-001,2020.07.18,FBI intake report,N/A,2021.07.23,visual_only_manual_p51
EFTA00095751,51,13,3501.355-001,2020.08.20,FBI intake report,N/A,2021.07.23,visual_only_manual_p51
EFTA00095751,51,14,3501.356-001,2020.08.05,FBI intake report,N/A,2021.07.23,visual_only_manual_p51
EFTA00095751,51,15,3501.357-001,2019.07.25,FBI intake report,N/A,2021.07.23,visual_only_manual_p51
EFTA00095751,51,16,3501.357-002,2019.07.25,FBI intake report,N/A,2021.07.23,visual_only_manual_p51
EFTA00095751,51,17,3501.358-001,2020.07.13,FBI intake report,N/A,2021.07.23,visual_only_manual_p51
EFTA00095751,51,18,3501.359-001,2019.07.09,FBI intake report,N/A,2021.07.23,visual_only_manual_p51
EFTA00095751,51,19,3501.360-001,2020.07.09,FBI intake report,N/A,2021.07.23,visual_only_manual_p51
EFTA00095751,51,20,3501.361-001,2019.08.14,FBI intake report,N/A,2021.07.23,visual_only_manual_p51
EFTA00095751,51,21,3501.362-001,2019.07.29,FBI intake report,N/A,2021.07.23,visual_only_manual_p51
EFTA00095751,51,22,3501.363-001,2019.07.08,FBI intake report,N/A,2021.07.23,visual_only_manual_p51
EFTA00095751,51,23,3501.364-001,2019.08.06,FBI intake report,N/A,2021.07.23,visual_only_manual_p51
EFTA00095751,51,24,3501.365-001,2020.07.13,FBI intake report,N/A,2021.07.23,visual_only_manual_p51
EFTA00095751,51,25,3501.365-002,2020.07.13,Screenshot attached to intake report,N/A,2021.07.23,visual_only_manual_p51
EFTA00095751,51,26,3501.366-001,2020.07.22,FBI intake report,N/A,2021.07.23,visual_only_manual_p51
EFTA00095751,52,1,3501.367-001,2019.05.10,Driver's history records regarding [redacted],N/A,2021.07.23,visual_only_manual_p52
EFTA00095751,52,2,3501.368-001,2019.07.22,Bankruptcy report regarding [redacted],N/A,2021.07.23,visual_only_manual_p52
EFTA00095751,52,3,3501.368-002,2019.07.22,Law enforcement report regarding [redacted],N/A,2021.07.23,visual_only_manual_p52
EFTA00095751,52,4,3501.368-003,2019.07.22,Contact card report regarding [redacted],N/A,2021.07.23,visual_only_manual_p52
EFTA00095751,52,5,3501.368-004,2019.07.22,Finder report regarding [redacted],N/A,2021.07.23,visual_only_manual_p52
EFTA00095751,52,6,3501.368-005,2019.07.22,Driver's history records regarding [redacted],N/A,2021.07.23,visual_only_manual_p52
EFTA00095751,52,7,3501.368-006,2019.07.07,FBI crisis intake form,N/A,2021.10.11,visual_only_manual_p52
EFTA00095751,52,8,3501.369-001,2020.07.06,FBI intake report,N/A,2021.07.23,visual_only_manual_p52
EFTA00095751,52,9,3501.370-001,2019.10.08,FBI intake report,N/A,2021.07.23,visual_only_manual_p52
EFTA00095751,52,10,3501.371-001,2019.07.19,FBI intake report,N/A,2021.07.23,visual_only_manual_p52
EFTA00095751,52,11,3501.372-001,2019.07.08,FBI intake report,N/A,2021.07.23,visual_only_manual_p52
EFTA00095751,52,12,3501.373-001,2020.08.24,FBI intake report,N/A,2021.07.23,visual_only_manual_p52
EFTA00095751,52,13,3501.373-002,2020.08.24,FBI intake report,N/A,2021.07.23,visual_only_manual_p52
EFTA00095751,52,14,3501.374-001,2019.07.11,FBI intake report,N/A,2021.07.23,visual_only_manual_p52
EFTA00095751,52,15,3501.374-002,2019.07.11,FBI intake report,N/A,2021.07.23,visual_only_manual_p52
EFTA00095751,52,16,3501.374-003,2019.07.11,FBI intake report,N/A,2021.07.18,visual_only_manual_p52
EFTA00095751,52,17,3501.375-001,2021.05.17,Typed notes from call,N/A,2021.07.23,visual_only_manual_p52
EFTA00095751,52,18,3501.376-001,2019.08.11,FBI intake report,N/A,2021.07.23,visual_only_manual_p52
EFTA00095751,52,19,3501.377-001,2019.09.10,FBI intake report,N/A,2021.07.23,visual_only_manual_p52
EFTA00095751,52,20,3501.377-002,2021.03.19,[redacted] interview 302,N/A,2021.10.11,visual_only_manual_p52
EFTA00095751,52,21,3501.377-003,,Interview Notes,N/A,2021.10.11,visual_only_manual_p52
EFTA00095751,52,22,3501.378-001,2019.09.13,FBI intake report,N/A,2021.07.23,visual_only_manual_p52
EFTA00095751,52,23,3501.379-001,2021.03.22,FBI intake report,N/A,2021.07.23,visual_only_manual_p52
EFTA00095751,52,24,3501.380-001,2019.07.12,FBI intake report,N/A,2021.07.23,visual_only_manual_p52
EFTA00095751,52,25,3501.381-001,2019.08.28,FBI intake report,N/A,2021.07.23,visual_only_manual_p52
EFTA00095751,52,26,3501.382-001,2019.07.12,FBI intake report,N/A,2021.07.18,visual_only_manual_p52
EFTA00095751,52,27,3501.382-002,2019.07.12,FBI intake report,N/A,2021.07.23,visual_only_manual_p52
EFTA00095751,52,28,3501.383-001,2020.07.09,FBI intake report,N/A,2021.07.23,visual_only_manual_p52
EFTA00095751,52,29,3501.383-002,2020.07.09,Screenshot attached to intake report,N/A,2021.07.23,visual_only_manual_p52
EFTA00095751,52,30,3501.383-003,2020.07.09,Screenshot attached to intake report,N/A,2021.07.23,visual_only_manual_p52
EFTA00095751,52,31,3501.383-004,2020.07.09,Screenshot attached to intake report,N/A,2021.07.23,visual_only_manual_p52
EFTA00095751,52,32,3501.383-005,2020.07.09,Screenshot attached to intake report,N/A,2021.07.23,visual_only_manual_p52
EFTA00095751,52,33,3501.383-006,2020.07.09,Screenshot attached to intake report,N/A,2021.07.23,visual_only_manual_p52
EFTA00095751,52,34,3501.383-007,2020.07.09,Screenshot attached to intake report,N/A,2021.07.23,visual_only_manual_p52
EFTA00095751,52,35,3501.383-008,2020.07.09,Screenshot attached to intake report,N/A,2021.07.23,visual_only_manual_p52
EFTA00095751,52,36,3501.383-009,2020.07.09,Screenshot attached to intake report,N/A,2021.07.23,visual_only_manual_p52
EFTA00095751,52,37,3501.383-010,2020.07.09,Screenshot attached to intake report,N/A,2021.07.18,visual_only_manual_p52
EFTA00095751,52,38,3501.383-011,2020.07.09,Screenshot attached to intake report,N/A,2021.07.23,visual_only_manual_p52
EFTA00095751,52,39,3501.383-012,2020.07.09,Screenshot attached to intake report,N/A,2021.07.18,visual_only_manual_p52
EFTA00095751,53,1,3501.384-001,2020.07.02,FBI intake report,N/A,2021.07.23,visual_only_manual_p53
EFTA00095751,53,2,3501.384-002,2021.10.08,Handwritten interview notes,N/A,2021.10.11,visual_only_manual_p53
EFTA00095751,53,3,3501.384-003,2005.10.18,Palm Beach Police case report,N/A,2021.10.11,visual_only_manual_p53
EFTA00095751,53,4,3501.384-004,2021.10.11,Handwritten notes,N/A,2021.10.25,visual_only_manual_p53
EFTA00095751,53,5,3501.384-005,2021.10.11,FBI 302,N/A,2021.11.06,visual_only_manual_p53
EFTA00095751,53,6,3501.384-006,2021.10.08,FBI 302,N/A,2021.11.06,visual_only_manual_p53
EFTA00095751,53,7,3501.385-001,2019.12.09,FBI intake report,N/A,2021.07.23,visual_only_manual_p53
EFTA00095751,53,8,3501.386-001,2020.07.17,FBI intake report,N/A,2021.07.23,visual_only_manual_p53
EFTA00095751,53,9,3501.387-001,2020.12.06,FBI intake report,N/A,2021.07.23,visual_only_manual_p53
EFTA00095751,53,10,3501.388-001,2019.04.09,Law enforcement report regarding [redacted],N/A,2021.07.23,visual_only_manual_p53
EFTA00095751,53,11,3501.388-002,2019.04.09,Contact card report regarding [redacted],N/A,2021.07.23,visual_only_manual_p53
EFTA00095751,53,12,3501.388-003,2019.04.09,Driver's history records regarding [redacted],N/A,2021.07.23,visual_only_manual_p53
EFTA00095751,53,13,3501.389-001,2019.04.09,Comprehensive address report,N/A,2021.07.23,visual_only_manual_p53
EFTA00095751,53,14,3501.389-002,2019.04.09,Asset report regarding [redacted],N/A,2021.07.23,visual_only_manual_p53
EFTA00095751,53,15,3501.389-003,2019.04.09,Law enforcement report regarding [redacted],N/A,2021.07.23,visual_only_manual_p53
EFTA00095751,53,16,3501.389-004,2019.04.09,Contact card report regarding [redacted],N/A,2021.07.23,visual_only_manual_p53
EFTA00095751,53,17,3501.390-001,2020.07.06,FBI intake report,N/A,2021.07.23,visual_only_manual_p53
EFTA00095751,53,18,3501.391-001,2020.10.12,FBI intake report,N/A,2021.07.23,visual_only_manual_p53
EFTA00095751,53,19,3501.392-001,2020.07.06,FBI intake report,N/A,2021.07.23,visual_only_manual_p53
EFTA00095751,53,20,3501.392-002,2020.07.06,Screenshot attached to intake report,N/A,2021.07.23,visual_only_manual_p53
EFTA00095751,53,21,3501.392-003,2020.07.06,Screenshot attached to intake report,N/A,2021.07.23,visual_only_manual_p53
EFTA00095751,53,22,3501.392-004,2020.07.06,Screenshot attached to intake report,N/A,2021.07.23,visual_only_manual_p53
EFTA00095751,53,23,3501.393-001,2019.07.24,FBI intake report,N/A,2021.07.23,visual_only_manual_p53
EFTA00095751,53,24,3501.394-001,2019.07.09,FBI intake report,N/A,2021.07.23,visual_only_manual_p53
EFTA00095751,53,25,3501.395-001,2020.09.14,FBI intake report,N/A,2021.07.23,visual_only_manual_p53
EFTA00095751,53,26,3501.396-001,2006.08.17,Audio file,N/A,2021.07.23,visual_only_manual_p53
EFTA00095751,53,27,3501.397-001,2019.07.27,FBI intake report,N/A,2021.07.23,visual_only_manual_p53
EFTA00095751,53,28,3501.398-001,2007.07.10,Law enforcement report regarding [redacted],N/A,2021.07.23,visual_only_manual_p53
EFTA00095751,53,29,3501.399-001,2019.07.10,FBI intake report,N/A,2021.07.23,visual_only_manual_p53
EFTA00095751,53,30,3501.400-001,2019.08.21,FBI intake report,N/A,2021.07.23,visual_only_manual_p53
EFTA00095751,53,31,3501.401-001,2019.10.18,302 for [redacted] interview,N/A,2021.07.23,visual_only_manual_p53
EFTA00095751,53,32,3501.401-002,2019.10.18,Notes from [redacted] interview,N/A,2021.07.23,visual_only_manual_p53
EFTA00095751,53,33,3501.402-001,2020.01.23,FBI intake report,N/A,2021.07.23,visual_only_manual_p53
EFTA00095751,54,1,3501.403-001,2019.07.09,FBI intake report,N/A,2021.07.23,visual_only_manual_p54
EFTA00095751,54,2,3501.404-001,2019.08.18,Notes from telephone call,Steve Miller,2021.07.23,visual_only_manual_p54
EFTA00095751,54,3,3501.404-002,2021.05.13,Notes from WebEx,Steve Miller,2021.07.23,visual_only_manual_p54
EFTA00095751,54,4,3501.405-001,2019.07.08,FBI intake report,N/A,2021.07.23,visual_only_manual_p54
EFTA00095751,54,5,3501.406-001,2020.07.22,FBI intake report,N/A,2021.07.23,visual_only_manual_p54
EFTA00095751,54,6,3501.406-002,2020.07.29,FBI intake report,N/A,2021.07.23,visual_only_manual_p54
EFTA00095751,54,7,3501.407-001,2019.07.11,FBI intake report,N/A,2021.07.23,visual_only_manual_p54
EFTA00095751,54,8,3501.408-001,2019.08.12,FBI intake report,N/A,2021.07.23,visual_only_manual_p54
EFTA00095751,54,9,3501.409-001,2021.04.07,302 from interview with [redacted],N/A,2021.07.23,visual_only_manual_p54
EFTA00095751,54,10,3501.410-001,2020.08.06,FBI intake report,N/A,2021.07.23,visual_only_manual_p54
EFTA00095751,54,11,3501.411-001,2008.04.01,Name change petition,N/A,2021.07.23,visual_only_manual_p54
EFTA00095751,54,12,3501.411-002,2008.06.04,Order for change of name,N/A,2021.07.23,visual_only_manual_p54
EFTA00095751,54,13,3501.411-003,2019.05.10,Register of actions,N/A,2021.07.23,visual_only_manual_p54
EFTA00095751,54,14,3501.411-004,2019.05.10,Register of actions,N/A,2021.07.23,visual_only_manual_p54
EFTA00095751,54,15,3501.411-005,2019.05.10,Driver's history records regarding [redacted],N/A,2021.07.23,visual_only_manual_p54
EFTA00095751,54,16,3501.412-001,2019.05.10,Asset report regarding [redacted],N/A,2021.07.23,visual_only_manual_p54
EFTA00095751,54,17,3501.412-002,2019.05.10,Law enforcement report regarding [redacted],N/A,2021.07.23,visual_only_manual_p54
EFTA00095751,54,18,3501.412-003,2019.05.10,Contact card report regarding [redacted],N/A,2021.07.23,visual_only_manual_p54
EFTA00095751,54,19,3501.412-004,2019.05.10,Driver's history records regarding [redacted],N/A,2021.07.23,visual_only_manual_p54
EFTA00095751,54,20,3501.413-001,2019.05.10,Driver's history records regarding [redacted],N/A,2021.07.23,visual_only_manual_p54
EFTA00095751,54,21,3501.414-001,2020.08.24,FBI intake report,N/A,2021.07.23,visual_only_manual_p54
EFTA00095751,54,22,3501.415-001,2019.08.31,FBI intake report,N/A,2021.07.23,visual_only_manual_p54
EFTA00095751,54,23,3501.416-001,Various,Cherokee County Sheriff's Office incident reports,N/A,2021.07.23,visual_only_manual_p54
EFTA00095751,54,24,3501.416-002,2005.05.05,T-Mobile records,N/A,2021.10.11,visual_only_manual_p54
EFTA00095751,54,25,3501.416-003,2005.08.02,T-Mobile records,N/A,2021.10.11,visual_only_manual_p54
EFTA00095751,54,26,3501.417-001,2019.07.08,FBI intake report,N/A,2021.07.23,visual_only_manual_p54
EFTA00095751,54,27,3501.418-001,2010.06.17,Email from [redacted] regarding contact from [redacted],N/A,2021.07.23,visual_only_manual_p54
EFTA00095751,54,28,3501.418-002,2010.06.17,Email chain,N/A,2021.07.23,visual_only_manual_p54
EFTA00095751,54,29,3501.418-003,2010.07.23,Email chain,N/A,2021.07.23,visual_only_manual_p54
EFTA00095751,54,30,3501.418-004,2010.07.23,Email from [redacted] regarding contact from [redacted],N/A,2021.07.23,visual_only_manual_p54
EFTA00095751,54,31,3501.418-005,2010.08.27,Email from [redacted] regarding contact from [redacted],N/A,2021.07.23,visual_only_manual_p54
EFTA00095751,54,32,3501.419-001,2019.08.14,FBI intake report,N/A,2021.07.23,visual_only_manual_p54
EFTA00095751,54,33,3501.419-002,2019.08.14,FBI intake report,N/A,2021.07.23,visual_only_manual_p54
EFTA00095751,54,34,3501.420-001,2019.08.30,FBI intake report,N/A,2021.07.23,visual_only_manual_p54
EFTA00095751,55,1,3501.421-001,2019.07.08,FBI intake report,N/A,2021.07.23,visual_only_manual_p55
EFTA00095751,55,2,3501.422-001,2006.05.17,Car rental records,N/A,2021.07.23,visual_only_manual_p55
EFTA00095751,55,3,3501.422-002,,Handwritten notes,N/A,2021.07.23,visual_only_manual_p55
EFTA00095751,55,4,3501.423-001,2020.07.09,FBI intake report,N/A,2021.07.23,visual_only_manual_p55
EFTA00095751,55,5,3501.424-001,2019.10.12,FBI intake report,N/A,2021.07.23,visual_only_manual_p55
EFTA00095751,55,6,3501.425-001,2019.07.17,FBI intake report,N/A,2021.07.23,visual_only_manual_p55
EFTA00095751,55,7,3501.426-001,2019.07.08,FBI intake report,N/A,2021.07.23,visual_only_manual_p55
EFTA00095751,55,8,3501.427-001,2019.08.07,FBI intake report,N/A,2021.07.23,visual_only_manual_p55
EFTA00095751,55,9,3501.428-001,2020.07.02,FBI intake report,N/A,2021.07.23,visual_only_manual_p55
EFTA00095751,55,10,3501.429-001,2008.06.20,National comprehensive report regarding [redacted],N/A,2021.07.23,visual_only_manual_p55
EFTA00095751,55,11,3501.430-001,2019.07.24,FBI intake report,N/A,2021.07.23,visual_only_manual_p55
EFTA00095751,55,12,3501.431-001,2019.07.24,Driver's history records for [redacted],N/A,2021.07.23,visual_only_manual_p55
EFTA00095751,55,13,3501.431-002,2019.07.24,Comprehensive report regarding [redacted],N/A,2021.07.23,visual_only_manual_p55
EFTA00095751,55,14,3501.432-001,2019.07.09,FBI intake report,N/A,2021.07.23,visual_only_manual_p55
EFTA00095751,55,15,3501.433-001,2019.04.10,Comprehensive address report,N/A,2021.07.23,visual_only_manual_p55
EFTA00095751,55,16,3501.433-002,2019.04.10,Asset report regarding [redacted],N/A,2021.07.23,visual_only_manual_p55
EFTA00095751,55,17,3501.433-003,2019.04.10,Law enforcement report regarding [redacted],N/A,2021.07.23,visual_only_manual_p55
EFTA00095751,55,18,3501.433-004,2019.04.10,Contact card report regarding [redacted],N/A,2021.07.23,visual_only_manual_p55
EFTA00095751,55,19,3501.433-005,2019.04.10,Driver's history records regarding [redacted],N/A,2021.07.23,visual_only_manual_p55
EFTA00095751,55,20,3501.434-001,2019.04.10,Comprehensive address report,N/A,2021.07.23,visual_only_manual_p55
EFTA00095751,55,21,3501.434-002,2019.04.10,Asset report regarding [redacted],N/A,2021.07.23,visual_only_manual_p55
EFTA00095751,55,22,3501.434-003,2019.04.10,Law enforcement report regarding [redacted],N/A,2021.07.23,visual_only_manual_p55
EFTA00095751,55,23,3501.434-004,2019.04.10,Contact card report regarding [redacted],N/A,2021.07.23,visual_only_manual_p55
EFTA00095751,55,24,3501.434-005,2019.04.10,Driver's history records regarding [redacted],N/A,2021.07.23,visual_only_manual_p55
EFTA00095751,55,25,3501.435-001,2019.07.12,FBI intake report,N/A,2021.07.23,visual_only_manual_p55
EFTA00095751,55,26,3501.436-001,2019.07.09,FBI intake report,N/A,2021.07.23,visual_only_manual_p55
EFTA00095751,55,27,3501.437-001,2019.07.08,FBI intake report,N/A,2021.07.23,visual_only_manual_p55
EFTA00095751,55,28,3501.438-001,2020.03.10,FBI intake report,N/A,2021.07.23,visual_only_manual_p55
EFTA00095751,55,29,3501.439-001,2019.07.19,FBI intake report,N/A,2021.07.23,visual_only_manual_p55
EFTA00095751,55,30,3501.439-002,2019.07.22,Turner elastic records,N/A,2021.10.11,visual_only_manual_p55
EFTA00095751,55,31,3501.439-003,2019.07.22,Turner law enforcement report,N/A,2021.10.11,visual_only_manual_p55
EFTA00095751,55,32,3501.439-004,2019.10.19,FBI report,N/A,2021.10.11,visual_only_manual_p55
EFTA00095751,56,1,3501.440-001,2019.07.30,FBI intake report,N/A,2021.07.23,visual_only_manual_p56
EFTA00095751,56,2,3501.441-001,2019.07.12,FBI intake report,N/A,2021.07.23,visual_only_manual_p56
EFTA00095751,56,3,3501.442-001,2019.08.12,FBI intake report,N/A,2021.07.23,visual_only_manual_p56
EFTA00095751,56,4,3501.443-001,2019.07.12,FBI intake report,N/A,2021.07.23,visual_only_manual_p56
EFTA00095751,56,5,3501.444-001,2019.07.09,FBI intake report,N/A,2021.07.23,visual_only_manual_p56
EFTA00095751,56,6,3501.445-001,2020.07.16,FBI intake report,N/A,2021.07.23,visual_only_manual_p56
EFTA00095751,56,7,3501.446-001,2019.07.08,FBI intake report,N/A,2021.07.23,visual_only_manual_p56
EFTA00095751,56,8,3501.447-001,2019.07.10,302 regarding contact made with attorneys for [redacted],"Mary Jo White, Debevoise & Plimpton",2021.07.23,visual_only_manual_p56
EFTA00095751,56,9,3501.447-002,2019.07.25,Handwritten notes,"Mary Jo White, Debevoise & Plimpton",2021.10.11,visual_only_manual_p56
EFTA00095751,56,10,3501.447-003,2019.07.10,FBI report,"Mary Jo White, Debevoise & Plimpton",2021.10.11,visual_only_manual_p56
EFTA00095751,56,11,3501.448-001,2020.07.06,FBI intake report,N/A,2021.07.23,visual_only_manual_p56
EFTA00095751,56,12,3501.449-001,2020.02.19,FBI intake report,N/A,2021.07.23,visual_only_manual_p56
EFTA00095751,56,13,3501.450-001,2021.03.02,Notes from call with [redacted],[redacted],2021.07.23,visual_only_manual_p56
EFTA00095751,56,14,3501.451-001,2019.08.13,FBI intake report,N/A,2021.07.23,visual_only_manual_p56
EFTA00095751,56,15,3501.452-001,2019.07.09,FBI intake report,N/A,2021.07.23,visual_only_manual_p56
EFTA00095751,56,16,3501.453-001,2019.08.08,FBI intake report,N/A,2021.07.23,visual_only_manual_p56
EFTA00095751,56,17,3501.454-001,2019.08.11,FBI intake report,N/A,2021.07.23,visual_only_manual_p56
EFTA00095751,56,18,3501.455-001,2019.08.15,FBI intake report,N/A,2021.07.23,visual_only_manual_p56
EFTA00095751,56,19,3501.456-001,2019.07.08,FBI intake report,N/A,2021.07.23,visual_only_manual_p56
EFTA00095751,56,20,3501.457-001,2019.08.26,FBI intake report,N/A,2021.07.23,visual_only_manual_p56
EFTA00095751,56,21,3501.457-002,2019.08.26,Email attached to intake report,N/A,2021.07.23,visual_only_manual_p56
EFTA00095751,56,22,3501.457-003,2019.08.26,Incident summary,N/A,2021.07.23,visual_only_manual_p56
EFTA00095751,56,23,3501.458-001,2019.07.08,FBI intake report,N/A,2021.07.23,visual_only_manual_p56
EFTA00095751,56,24,3501.459-001,2008.04.23,Law enforcement report regarding [redacted],N/A,2021.07.23,visual_only_manual_p56
EFTA00095751,56,25,3501.460-001,2006.01.05,Verizon Wireless records,N/A,2021.10.11,visual_only_manual_p56
EFTA00095751,57,1,3501.461-001,2019.07.08,FBI crisis intake form,N/A,2021.10.11,visual_only_manual_p57
EFTA00095751,57,2,3501.462-001,2019.07.08,FBI crisis intake form,N/A,2021.10.11,visual_only_manual_p57
EFTA00095751,57,3,3501.463-001,2019.07.08,FBI crisis intake form,N/A,2021.10.11,visual_only_manual_p57
EFTA00095751,57,4,3501.464-001,,Handwritten notes,N/A,2021.10.11,visual_only_manual_p57
EFTA00095751,57,5,3501.465-001,2019.07.07,FBI crisis intake form,N/A,2021.10.11,visual_only_manual_p57
EFTA00095751,57,6,3501.466-001,,Voicemails,N/A,2021.10.11,visual_only_manual_p57
EFTA00095751,57,7,3501.466-002,,Voicemails,N/A,2021.10.11,visual_only_manual_p57
EFTA00095751,57,8,3501.467-001,2019.08,Text conversation with agent,N/A,2021.10.11,visual_only_manual_p57
EFTA00095751,57,9,3501.467-002,2019.08.07,Case information regarding [redacted],N/A,2021.10.11,visual_only_manual_p57
EFTA00095751,57,10,3501.468-001,2021.10.11,Letter regarding [redacted],"Nicolas Cassart, Nicolas Bouilay",2021.10.11,visual_only_manual_p57
EFTA00095751,57,11,3501.469-001,2005.11.21,Approach notes,N/A,2021.10.11,visual_only_manual_p57
EFTA00095751,57,12,3501.469-002,2005.11.06,Yellow Pages records,N/A,2021.10.11,visual_only_manual_p57
EFTA00095751,57,13,3501.469-003,2005.11.22,Public records search,N/A,2021.10.11,visual_only_manual_p57
EFTA00095751,57,14,3501.470-001,2019.07.08,FBI crisis intake form,N/A,2021.10.11,visual_only_manual_p57
EFTA00095751,57,15,3501.471-001,2019.07.08,FBI crisis intake form,N/A,2021.10.11,visual_only_manual_p57
EFTA00095751,57,16,3501.472-001,,Handwritten notes,N/A,2021.10.11,visual_only_manual_p57
EFTA00095751,57,17,3501.472-002,2021.07.26,FBI intake form,N/A,2021.10.11,visual_only_manual_p57
EFTA00095751,57,18,3501.472-003,2021.09.20,[redacted] [redacted] interview 302,N/A,2021.10.11,visual_only_manual_p57
EFTA00095751,57,19,3501.472-004,2021.09.20,Email chain,N/A,2021.10.11,visual_only_manual_p57
EFTA00095751,57,20,3501.472-005,2021.09.20,Email chain,N/A,2021.10.11,visual_only_manual_p57
EFTA00095751,57,21,3501.472-006,2021.09.20,Email chain,N/A,2021.10.11,visual_only_manual_p57
EFTA00095751,57,22,3501.472-007,2021.09.20,Email chain,N/A,2021.10.11,visual_only_manual_p57
EFTA00095751,57,23,3501.472-008,2021.09.20,Email chain,N/A,2021.10.11,visual_only_manual_p57
EFTA00095751,57,24,3501.472-009,2021.09.20,Email chain,N/A,2021.10.11,visual_only_manual_p57
EFTA00095751,57,25,3501.472-010,2021.09.25,Email chain,N/A,2021.10.11,visual_only_manual_p57
EFTA00095751,57,26,3501.473-001,2005.12.06,Subscriber history,N/A,2021.10.11,visual_only_manual_p57
EFTA00095751,57,27,3501.474-001,2021.05.20,Handwritten notes,Milton Williams,2021.10.11,visual_only_manual_p57
EFTA00095751,57,28,3501.474-002,2021.05.20,[redacted] interview 302,Milton Williams,2021.10.11,visual_only_manual_p57
EFTA00095751,57,29,3501.475-001,2019.07.08,Email chain,N/A,2021.10.11,visual_only_manual_p57
EFTA00095751,57,30,3501.475-002,2019.07.08,Email chain,N/A,2021.10.25,visual_only_manual_p57
EFTA00095751,57,31,3501.476-001,2006.01.27,T-Mobile response,N/A,2021.10.11,visual_only_manual_p57
EFTA00095751,57,32,3501.477-001,2021.05.14,302 from interview,N/A,2021.10.11,visual_only_manual_p57
EFTA00095751,57,33,3501.478-001,2021.06.02,302 from interview,N/A,2021.10.11,visual_only_manual_p57
EFTA00095751,57,34,3501.478-002,2021.06.02,Handwritten notes from interview,N/A,2021.10.11,visual_only_manual_p57
EFTA00095751,57,35,3501.478-003,2021.06.02,Document shown at interview,N/A,2021.10.11,visual_only_manual_p57
EFTA00095751,57,36,3501.479-001,2021.01.18,Text messages with agent,N/A,2021.10.11,visual_only_manual_p57
EFTA00095751,58,1,3501.479-002,2021.04.27,302 from interview,Jennifer Beidel,2021.10.11,visual_only_manual_p58
EFTA00095751,58,2,3501.479-003,2021.04.27,Handwritten notes from interview,Jennifer Beidel,2021.10.11,visual_only_manual_p58
EFTA00095751,58,3,3501.479-004,2021.04.27,Signed proffer agreement,Jennifer Beidel,2021.10.11,visual_only_manual_p58
EFTA00095751,58,4,3501.479-005,2021.08.19,Continuation of proffer agreement,Jennifer Beidel,2021.10.11,visual_only_manual_p58
EFTA00095751,58,5,3501.479-006,2021.08.19,302 from interview,Jennifer Beidel,2021.10.11,visual_only_manual_p58
EFTA00095751,58,6,3501.479-007,2021.08.19,Handwritten notes from interview,Jennifer Beidel,2021.10.11,visual_only_manual_p58
EFTA00095751,58,7,3501.479-008,2021.08.23,Attorney proffer notes,Jennifer Beidel,2021.10.11,visual_only_manual_p58
EFTA00095751,58,8,3501.480-001,2021.02.01,302 from interview,Donald Duboulay,2021.10.11,visual_only_manual_p58
EFTA00095751,58,9,3501.480-002,2021.02.01,Handwritten notes from interview,Donald Duboulay,2021.10.11,visual_only_manual_p58
EFTA00095751,58,10,3501.480-003,2021.04.26,Attorney call notes,Donald Duboulay,2021.10.11,visual_only_manual_p58
EFTA00095751,58,11,3501.480-004,2021.08.04,Signed proffer agreement,Donald Duboulay,2021.10.11,visual_only_manual_p58
EFTA00095751,58,12,3501.480-005,2021.08.04,302 from interview,Donald Duboulay,2021.10.11,visual_only_manual_p58
EFTA00095751,58,13,3501.480-006,2021.08.04,Document from interview,Donald Duboulay,2021.10.11,visual_only_manual_p58
EFTA00095751,58,14,3501.480-007,2021.08.04,Document from interview,Donald Duboulay,2021.10.11,visual_only_manual_p58
EFTA00095751,58,15,3501.480-008,2021.08.04,Handwritten notes,Donald Duboulay,2021.10.25,visual_only_manual_p58
EFTA00095751,58,16,3501.481-001,2020.01.16,302 from interview,N/A,2021.10.11,visual_only_manual_p58
EFTA00095751,58,17,3501.481-002,2020.01.16,Handwritten notes from interview,N/A,2021.10.11,visual_only_manual_p58
EFTA00095751,58,18,3501.482-001,2017.04.10,SEC complaint,N/A,2021.10.11,visual_only_manual_p58
EFTA00095751,58,19,3501.482-002,2020.01.08,SEC judgment,N/A,2021.10.11,visual_only_manual_p58
EFTA00095751,58,20,3501.482-003,2020.02.16,Text messages with agent,N/A,2021.10.11,visual_only_manual_p58
EFTA00095751,58,21,3501.482-004,2020.02.26,302 from interview,N/A,2021.10.11,visual_only_manual_p58
EFTA00095751,58,22,3501.482-005,2020.02.26,Handwritten notes from interview,N/A,2021.10.11,visual_only_manual_p58
EFTA00095751,58,23,3501.483-001,2005.07.25,HTE CAD call information,N/A,2021.10.11,visual_only_manual_p58
EFTA00095751,58,24,3501.483-002,2006.07.13,Palm Beach Police Department incident report,N/A,2021.10.11,visual_only_manual_p58
EFTA00095751,58,25,3501.483-003,2020.08.09,FBI report from interview,N/A,2021.10.11,visual_only_manual_p58
EFTA00095751,58,26,3501.483-004,2020.08.13,302 from interview,N/A,2021.10.11,visual_only_manual_p58
EFTA00095751,58,27,3501.483-005,2020.08.13,Handwritten notes from interview,N/A,2021.10.11,visual_only_manual_p58
EFTA00095751,58,28,3501.483-006,2020.08.19,Notes from call with attorney,N/A,2021.10.11,visual_only_manual_p58
EFTA00095751,58,29,3501.483-007,,Image of [redacted],N/A,2021.10.11,visual_only_manual_p58
EFTA00095751,58,30,3501.483-008,,Biographical file,N/A,2021.10.11,visual_only_manual_p58
EFTA00095751,58,31,3501.484-001,2019.07.10,FBI intake report,[redacted],2021.10.11,visual_only_manual_p58
EFTA00095751,58,32,3501.484-002,2019.08.20,Civil complaint,[redacted],2021.10.11,visual_only_manual_p58
EFTA00095751,58,33,3501.484-003,2019.10.24,302 from interview,[redacted],2021.10.11,visual_only_manual_p58
EFTA00095751,58,34,3501.484-004,2019.10.24,Handwritten notes from interview,[redacted],2021.10.11,visual_only_manual_p58
EFTA00095751,58,35,3501.484-005,,Photograph,[redacted],2021.10.11,visual_only_manual_p58
EFTA00095751,58,36,3501.484-006,2021.01.27,302 from interview,[redacted],2021.10.11,visual_only_manual_p58
EFTA00095751,58,37,3501.484-007,2021.01.27,Handwritten notes from interview,[redacted],2021.10.11,visual_only_manual_p58
EFTA00095751,58,38,3501.484-008,2021.07.22,Notes from call with attorney,[redacted],2021.10.11,visual_only_manual_p58
EFTA00095751,58,39,3501.484-009,2021.08.11,302 from interview,[redacted],2021.10.11,visual_only_manual_p58
EFTA00095751,58,40,3501.484-010,2021.08.11,Handwritten notes from interview,[redacted],2021.10.11,visual_only_manual_p58
EFTA00095751,58,41,3501.485-001,2020.07.17,Text messages with agent,N/A,2021.10.11,visual_only_manual_p58
EFTA00095751,58,42,3501.485-002,2021.08.12,302 from interview,N/A,2021.10.11,visual_only_manual_p58
EFTA00095751,58,43,3501.485-003,2021.08.12,Handwritten notes from interview,N/A,2021.10.11,visual_only_manual_p58
EFTA00095751,58,44,3501.486-001,2021.01.06,302 from interview,N/A,2021.10.11,visual_only_manual_p58
EFTA00095751,58,45,3501.486-002,2021.01.06,Handwritten notes from interview,N/A,2021.10.11,visual_only_manual_p58
EFTA00095751,58,46,3501.486-003,2021.08.19,302 from interview,N/A,2021.10.11,visual_only_manual_p58
EFTA00095751,58,47,3501.486-004,2021.08.19,Handwritten notes from interview,N/A,2021.10.11,visual_only_manual_p58
EFTA00095751,58,48,3501.487-001,2021.07.13,FBI intake report,N/A,2021.10.11,visual_only_manual_p58
EFTA00095751,58,49,3501.488-001,2021.04.28,Typed notes,N/A,2021.10.11,visual_only_manual_p58
EFTA00095751,58,50,3501.489-001,2019.07.11,Voicemail,N/A,2021.10.11,visual_only_manual_p58
EFTA00095751,58,51,3501.490-001,2021.04.26,FBI report,N/A,2021.10.11,visual_only_manual_p58
EFTA00095751,58,52,3501.490-002,,Attachment to report,N/A,2021.10.11,visual_only_manual_p58
EFTA00095751,58,53,3501.490-003,,Attachment to report,N/A,2021.10.11,visual_only_manual_p58
EFTA00095751,58,54,3501.490-004,,Attachment to report,N/A,2021.10.11,visual_only_manual_p58
EFTA00095751,58,55,3501.490-005,,Attachment to report,N/A,2021.10.11,visual_only_manual_p58
EFTA00095751,58,56,3501.490-006,,Attachment to report,N/A,2021.10.11,visual_only_manual_p58
EFTA00095751,58,57,3501.490-007,,Attachment to report,N/A,2021.10.11,visual_only_manual_p58
EFTA00095751,59,1,3501.490-008,,Attachment to report,N/A,2021.10.11,visual_only_manual_p59
EFTA00095751,59,2,3501.490-009,,Attachment to report,N/A,2021.10.11,visual_only_manual_p59
EFTA00095751,59,3,3501.490-010,,Attachment to report,N/A,2021.10.11,visual_only_manual_p59
EFTA00095751,59,4,3501.491-001,2021.06.10,FBI intake report,N/A,2021.10.11,visual_only_manual_p59
EFTA00095751,59,5,3501.492-001,2019.08.26,Text messages with agents,[redacted],2021.10.11,visual_only_manual_p59
EFTA00095751,59,6,3501.492-002,2021.01.28,302 from call with attorney,[redacted],2021.10.11,visual_only_manual_p59
EFTA00095751,59,7,3501.492-003,2021.02.24,302 from interview,[redacted],2021.10.11,visual_only_manual_p59
EFTA00095751,59,8,3501.492-004,2021.02.24,Handwritten notes from interview,[redacted],2021.10.11,visual_only_manual_p59
EFTA00095751,59,9,3501.492-005,2021.04.13,302 from interview,[redacted],2021.10.11,visual_only_manual_p59
EFTA00095751,59,10,3501.492-006,2021.04.13,Handwritten notes from interview,[redacted],2021.10.11,visual_only_manual_p59
EFTA00095751,59,11,3501.492-007,,Photograph,[redacted],2021.10.11,visual_only_manual_p59
EFTA00095751,59,12,3501.492-008,,Voicemail,[redacted],2021.10.11,visual_only_manual_p59
EFTA00095751,59,13,3501.493-001,2019.07.15,Voicemail,N/A,2021.10.11,visual_only_manual_p59
EFTA00095751,59,14,3501.494-001,2019.10.09,FBI report,N/A,2021.10.11,visual_only_manual_p59
EFTA00095751,59,15,3501.494-002,,Attachment to report,N/A,2021.10.11,visual_only_manual_p59
EFTA00095751,59,16,3501.494-003,2019.07.29,Comprehensive report,N/A,2021.10.11,visual_only_manual_p59
EFTA00095751,59,17,3501.495-001,,Columbia County Sheriff's Office report,N/A,2021.10.11,visual_only_manual_p59
EFTA00095751,59,18,3501.496-001,2021.06.30,Notes from interview,N/A,2021.10.11,visual_only_manual_p59
EFTA00095751,59,19,3501.496-002,2021.07.02,Notes from interview,N/A,2021.10.11,visual_only_manual_p59
EFTA00095751,59,20,3501.496-003,2021.07.12,Notes from interview,N/A,2021.10.11,visual_only_manual_p59
EFTA00095751,59,21,3501.497-001,2016.06.10,Deposition transcript,N/A,2021.10.11,visual_only_manual_p59
EFTA00095751,59,22,3501.497-002,2019.07.15,Email from [redacted],N/A,2021.10.11,visual_only_manual_p59
EFTA00095751,59,23,3501.497-003,2019.07.25,Email from attorney,N/A,2021.10.11,visual_only_manual_p59
EFTA00095751,59,24,3501.497-004,2019.11.01,302 from interview,N/A,2021.10.11,visual_only_manual_p59
EFTA00095751,59,25,3501.497-005,2019.11.01,Handwritten notes from interview,N/A,2021.10.11,visual_only_manual_p59
EFTA00095751,59,26,3501.498-001,2021.08.09,FBI intake report,N/A,2021.10.11,visual_only_manual_p59
EFTA00095751,59,27,3501.499-001,2005.10.20,Palm Beach Police Department property receipt,N/A,2021.10.11,visual_only_manual_p59
EFTA00095751,59,28,3501.499-002,2005.10.20,Palm Beach Police Department incident report,N/A,2021.10.11,visual_only_manual_p59
EFTA00095751,59,29,3501.499-003,2011.12.29,Florida Department of Law Enforcement complaint,N/A,2021.10.11,visual_only_manual_p59
EFTA00095751,59,30,3501.499-004,2021.05.11,Notes from interview,N/A,2021.10.11,visual_only_manual_p59
EFTA00095751,59,31,3501.499-005,2021.06.09,Notes from interview,N/A,2021.10.11,visual_only_manual_p59
EFTA00095751,59,32,3501.499-006,,Text messages with agent,N/A,2021.10.11,visual_only_manual_p59
EFTA00095751,59,33,3501.500-001,2021.03.30,302 from interview,N/A,2021.10.11,visual_only_manual_p59
EFTA00095751,59,34,3501.500-002,2021.03.30,Notes from interview,N/A,2021.10.11,visual_only_manual_p59
EFTA00095751,59,35,3501.501-001,2020.07.14,FBI report,N/A,2021.10.11,visual_only_manual_p59
EFTA00095751,59,36,3501.501-002,,Attachment to report,N/A,2021.10.11,visual_only_manual_p59
EFTA00095751,59,37,3501.501-003,,Audio recording,N/A,2021.10.11,visual_only_manual_p59
EFTA00095751,59,38,3501.502-001,2021.09.09,FBI intake report,N/A,2021.10.11,visual_only_manual_p59
EFTA00095751,59,39,3501.502-002,2021.09.23,FBI intake report,N/A,2021.10.11,visual_only_manual_p59
EFTA00095751,59,40,3501.502-003,2021.10.12,Email,N/A,2021.10.25,visual_only_manual_p59
EFTA00095751,59,41,3501.502-004,,Voicemail,N/A,2021.10.25,visual_only_manual_p59
EFTA00095751,59,42,3501.502-005,2021.10.26,Notes,N/A,2021.11.06,visual_only_manual_p59
EFTA00095751,59,43,3501.503-001,2021.04.01,302 from interview,N/A,2021.10.11,visual_only_manual_p59
EFTA00095751,59,44,3501.503-002,2021.04.01,Notes from interview,N/A,2021.10.11,visual_only_manual_p59
EFTA00095751,59,45,3501.504-001,2021.04.01,302 from interview,N/A,2021.10.11,visual_only_manual_p59
EFTA00095751,59,46,3501.504-002,2021.04.01,Notes from interview,N/A,2021.10.11,visual_only_manual_p59
EFTA00095751,60,1,3501.505-001,2019.03.19,Contact card report,N/A,2021.10.11,visual_only_manual_p60
EFTA00095751,60,2,3501.505-002,2019.03.19,Driver's history record,N/A,2021.10.11,visual_only_manual_p60
EFTA00095751,60,3,3501.505-003,2019.03.19,Law enforcement report,N/A,2021.10.11,visual_only_manual_p60
EFTA00095751,60,4,3501.505-004,2019.04.09,LinkedIn page,N/A,2021.10.11,visual_only_manual_p60
EFTA00095751,60,5,3501.505-005,2019.04.09,Therapist web page,N/A,2021.10.11,visual_only_manual_p60
EFTA00095751,60,6,3501.505-006,2019.07.19,Notes,N/A,2021.10.11,visual_only_manual_p60
EFTA00095751,60,7,3501.505-007,2019.07.19,Comprehensive report,N/A,2021.10.11,visual_only_manual_p60
EFTA00095751,60,8,3501.505-008,2019.07.19,Audio recording,N/A,2021.10.11,visual_only_manual_p60
EFTA00095751,60,9,3501.505-009,2019.08.12,Supplemental report,N/A,2021.10.11,visual_only_manual_p60
EFTA00095751,60,10,3501.505-010,,Image,N/A,2021.10.11,visual_only_manual_p60
EFTA00095751,60,11,3501.506-001,2021.09.09,Email chain,Patricia Pileggi,2021.10.11,visual_only_manual_p60
EFTA00095751,60,12,3501.506-002,2021.09.24,Email chain,Patricia Pileggi,2021.10.11,visual_only_manual_p60
EFTA00095751,60,13,3501.507-001,,Handwritten notes,N/A,2021.10.25,visual_only_manual_p60
EFTA00095751,60,14,3501.508-001,2019.08.13,Handwritten notes,N/A,2021.10.25,visual_only_manual_p60
EFTA00095751,60,15,3501.509-001,2014.08.20,Letter regarding Crime Victims' Rights Act,N/A,2021.10.25,visual_only_manual_p60
EFTA00095751,60,16,3501.510-001,2019.08.13,Handwritten notes,N/A,2021.10.25,visual_only_manual_p60
EFTA00095751,60,17,3501.511-001,,[redacted] 302,N/A,2021.10.25,visual_only_manual_p60
EFTA00095751,60,18,3501.512-001,,[redacted] 302,N/A,2021.10.25,visual_only_manual_p60
EFTA00095751,60,19,3501.513-001,,[redacted] 302,N/A,2021.10.25,visual_only_manual_p60
EFTA00095751,60,20,3501.514-001,2010.10.12,[redacted] 302,N/A,2021.10.25,visual_only_manual_p60
EFTA00095751,60,21,3501.514-002,2019.07.08,FBI crisis intake form,N/A,2021.10.25,visual_only_manual_p60
EFTA00095751,60,22,3501.515-001,2010.10.26,McCoskey 302,N/A,2021.10.25,visual_only_manual_p60
EFTA00095751,60,23,3501.516-001,,Julio Suarez 302,N/A,2021.10.25,visual_only_manual_p60
EFTA00095751,60,24,3501.517-001,2019.11.25,Email chain,N/A,2021.10.25,visual_only_manual_p60
EFTA00095751,60,25,3501.517-002,2021.10.08,FBI intake form,N/A,2021.10.25,visual_only_manual_p60
EFTA00095751,60,26,3501.518-001,2021.10.08,FBI import form,N/A,2021.10.25,visual_only_manual_p60
EFTA00095751,60,27,3501.518-002,,Attachment to import form,N/A,2021.10.25,visual_only_manual_p60
EFTA00095751,60,28,3501.518-003,,Attachment to import form,N/A,2021.10.25,visual_only_manual_p60
EFTA00095751,60,29,3501.518-004,,Attachment to import form,N/A,2021.10.25,visual_only_manual_p60
EFTA00095751,60,30,3501.519-001,2020.07.17,Voicemail,N/A,2021.10.25,visual_only_manual_p60
EFTA00095751,60,31,3501.520-001,2020.07.06,Email chain,N/A,2021.10.25,visual_only_manual_p60
EFTA00095751,60,32,3501.521-001,2021.07.18,Letter,N/A,2021.10.25,visual_only_manual_p60
EFTA00095751,60,33,3501.522-001,2021.10.08,FBI import form,N/A,2021.10.25,visual_only_manual_p60
EFTA00095751,60,34,3501.522-002,2021.10.08,Letter,N/A,2021.10.25,visual_only_manual_p60
EFTA00095751,61,1,3501.523-001,2021.10.07,FBI import form,N/A,2021.10.25,visual_only_manual_p61
EFTA00095751,61,2,3501.524-001,2019.07.09,Email chain,N/A,2021.10.25,visual_only_manual_p61
EFTA00095751,61,3,3501.525-001,2019.07.09,Email chain,N/A,2021.10.25,visual_only_manual_p61
EFTA00095751,61,4,3501.526-001,2020.07.06,Email chain,N/A,2021.10.25,visual_only_manual_p61
EFTA00095751,61,5,3501.527-001,2020.06.23,Letter,N/A,2021.10.25,visual_only_manual_p61
EFTA00095751,61,6,3501.528-001,2020.10.12,Email chain,N/A,2021.10.25,visual_only_manual_p61
EFTA00095751,61,7,3501.529-001,2021.08.18,Email chain,N/A,2021.10.25,visual_only_manual_p61
EFTA00095751,61,8,3501.530-001,2020.07.13,Email chain,N/A,2021.10.25,visual_only_manual_p61
EFTA00095751,61,9,3501.531-001,2020.07.06,Email chain,N/A,2021.10.25,visual_only_manual_p61
EFTA00095751,61,10,3501.532-001,2020.07.27,Voicemail,N/A,2021.10.25,visual_only_manual_p61
EFTA00095751,61,11,3501.533-001,2020.09.24,Email chain,N/A,2021.10.25,visual_only_manual_p61
EFTA00095751,61,12,3501.534-001,2020.07.07,Email chain,N/A,2021.10.25,visual_only_manual_p61
EFTA00095751,61,13,3501.535-001,2020.07.06,Voicemail,N/A,2021.10.25,visual_only_manual_p61
EFTA00095751,61,14,3501.536-001,2020.10.06,Email chain,N/A,2021.10.25,visual_only_manual_p61
EFTA00095751,61,15,3501.537-001,2020.07.27,Email chain,N/A,2021.10.25,visual_only_manual_p61
EFTA00095751,61,16,3501.537-002,2020.10.08,Email chain,N/A,2021.10.25,visual_only_manual_p61
EFTA00095751,61,17,3501.537-003,2020.10.08,Email chain,N/A,2021.10.25,visual_only_manual_p61
EFTA00095751,61,18,3501.538-001,2020.07.06,Email chain,N/A,2021.10.25,visual_only_manual_p61
EFTA00095751,61,19,3501.539-001,2020.09.24,Email chain,N/A,2021.10.25,visual_only_manual_p61
EFTA00095751,61,20,3501.540-001,2020.08.09,Voicemail,N/A,2021.10.25,visual_only_manual_p61
EFTA00095751,61,21,3501.540-002,2020.08.09,Voicemail,N/A,2021.10.25,visual_only_manual_p61
EFTA00095751,61,22,3501.540-003,2020.08.09,Voicemail,N/A,2021.10.25,visual_only_manual_p61
EFTA00095751,61,23,3501.541-001,2020.07.21,Email chain,N/A,2021.10.25,visual_only_manual_p61
EFTA00095751,61,24,3501.542-001,2020.08.04,Email chain,N/A,2021.10.25,visual_only_manual_p61
EFTA00095751,61,25,3501.543-001,2021.10.08,FBI import form,N/A,2021.10.25,visual_only_manual_p61
EFTA00095751,61,26,3501.543-002,2021.10.08,Attachment to import form,N/A,2021.10.25,visual_only_manual_p61
EFTA00095751,61,27,3501.544-001,,Voicemail,N/A,2021.10.25,visual_only_manual_p61
EFTA00095751,62,1,3501.545-001,2021.10.08,FBI import form,N/A,2021.10.25,visual_only_manual_p62
EFTA00095751,62,2,3501.545-002,2021.10.08,Attachment to import form,N/A,2021.10.25,visual_only_manual_p62
EFTA00095751,62,3,3501.545-003,2021.10.08,Attachment to import form,N/A,2021.10.25,visual_only_manual_p62
EFTA00095751,62,4,3501.546-001,2020.07.29,Email chain,N/A,2021.10.25,visual_only_manual_p62
